{"type":"FeatureCollection","attribution":"Flanders Marine Institute (2023), Maritime Boundaries and Exclusive Economic Zones (200NM), version 12, https://doi.org/10.14284/632; Contiguous Zones (24NM), version 4, https://doi.org/10.14284/630; Territorial Seas (12NM), version 4, https://doi.org/10.14284/633; CC BY 4.0","features":[{"type":"Feature","id":"marine-3293","properties":{"code1":"be","name1":"Belgium","code2":"","name2":"","code3":"","name3":"","aidCode1":"","aidName1":"","aidCode2":"","aidName2":"","aidCode3":"","aidName3":"","selectionAid":false,"preserveOverviewDetail":false,"selectionAidRadiusNm":null},"geometry":{"type":"MultiPolygon","coordinates":[[[[4.24204865,51.35396728],[4.38613033,51.24048555],[4.19985604,51.05548024],[4.24204865,51.35396728]]],[[[3.36945856,51.366822],[2.54361111,51.09361111],[2.23833333,51.55777778],[2.53933306,51.87611444],[3.36945856,51.366822]]]]}},{"type":"Feature","id":"marine-5668","properties":{"code1":"nl","name1":"Netherlands","code2":"","name2":"","code3":"","name3":"","aidCode1":"","aidName1":"","aidCode2":"","aidName2":"","aidCode3":"","aidName3":"","selectionAid":false,"preserveOverviewDetail":false,"selectionAidRadiusNm":null},"geometry":{"type":"MultiPolygon","coordinates":[[[[4.23069032,51.37435976],[3.35388889,51.37944444],[2.53933306,51.87611444],[3.18333333,52.62166667],[2.76333333,54.38],[3.37027778,55.765],[5,55],[5,54.62],[6,54.18666667],[6.41333333,53.60583333],[7.17333333,53.32527778],[6.81333542,53.46226215],[5.59911168,53.30391431],[5.05858195,52.94322145],[5.36516893,53.08585155],[5.70953655,52.83720076],[5.44270945,52.53689683],[5.0610255,52.91015625],[4.73945904,52.96369815],[4.57209146,52.47300422],[5.01470745,52.37124908],[5.01958501,52.61298704],[5.46745801,52.56975842],[5.12109864,52.38520324],[4.56626511,52.45375204],[4.11177504,51.99051142],[5.45947492,51.89329255],[4.20386732,51.62190616],[4.23069032,51.37435976]]]]}},{"type":"Feature","id":"marine-5669","properties":{"code1":"de","name1":"Germany","code2":"","name2":"","code3":"","name3":"","aidCode1":"","aidName1":"","aidCode2":"","aidName2":"","aidCode3":"","aidName3":"","selectionAid":false,"preserveOverviewDetail":false,"selectionAidRadiusNm":null},"geometry":{"type":"MultiPolygon","coordinates":[[[[14.22244203,53.86423743],[14.25332451,53.69382203],[13.81828892,53.84214425],[14.22244203,53.86423743]]],[[[8.63482538,54.91161765],[8.36950803,54.98701632],[8.27975702,54.75180912],[8.58811975,54.8850795],[9.02167737,54.47470474],[8.62141263,54.39031684],[9.22481525,54.32291055],[8.99905062,54.37422943],[8.82343078,54.14983284],[8.96403194,53.89461815],[9.71431768,54.33274555],[10.17689836,54.38997436],[9.85642862,54.45041525],[9.96403253,54.67519462],[9.58273327,54.47808087],[9.94160902,54.78379297],[9.43553126,54.7887336],[9.5934134,54.89034335],[11.93924628,54.36616363],[13.1403629,55.0024756],[13.78472222,55.02083333],[14.75,54.5],[14.20334167,54.12771111],[14.22799444,53.92929167],[13.75778985,54.16782165],[14.04676521,53.99578881],[13.84732735,53.87026358],[13.69641614,54.14902246],[13.00406885,54.43794715],[12.40953994,54.28026164],[12.94946158,54.43964982],[12.51851857,54.4843024],[12.09514105,54.18065214],[10.70611584,53.90157235],[11.09349418,54.19789803],[11.05872381,54.35416841],[10.30748224,54.43403375],[9.73497641,54.33274555],[9.14327335,53.89102554],[11.90125692,52.89383078],[9.08048403,53.86043084],[8.61773825,53.88195205],[8.48393905,53.69434786],[8.51679122,53.33295345],[8.86825001,53.03367066],[8.48076487,53.22747517],[8.48492706,53.47673523],[8.27202642,53.60951567],[8.31611872,53.46632278],[8.06392324,53.47808814],[7.99190152,53.71397722],[7.09170485,53.5799216],[7.00504625,53.35221756],[7.41623867,53.20653391],[6.41333333,53.60583333],[6,54.18666667],[5,54.62],[5,55],[3.37027778,55.765],[3.35,55.91927778],[4.25,55.77272222],[5.15,55.25],[5.75,55.51119444],[8.63482538,54.91161765]]]]}},{"type":"Feature","id":"marine-5670","properties":{"code1":"al","name1":"Albania","code2":"","name2":"","code3":"","name3":"","aidCode1":"","aidName1":"","aidCode2":"","aidName2":"","aidCode3":"","aidName3":"","selectionAid":false,"preserveOverviewDetail":false,"selectionAidRadiusNm":null},"geometry":{"type":"MultiPolygon","coordinates":[[[[20.00835276,39.69182098],[19.62895125,40.00920556],[18.99523828,40.08357977],[18.32149307,41.44175138],[19.32217447,41.70409392],[19.39273918,42.00321043],[19.37941885,41.84730816],[19.59329796,41.81192195],[19.39810026,41.41177297],[19.49496245,40.44177222],[19.36109483,40.41869366],[19.86755347,40.03248167],[20.00835276,39.69182098]]]]}},{"type":"Feature","id":"marine-5672","properties":{"code1":"bg","name1":"Bulgaria","code2":"","name2":"","code3":"","name3":"","aidCode1":"","aidName1":"","aidCode2":"","aidName2":"","aidCode3":"","aidName3":"","selectionAid":false,"preserveOverviewDetail":false,"selectionAidRadiusNm":null},"geometry":{"type":"MultiPolygon","coordinates":[[[[31.33082001,43.43988565],[30.56944444,42.80083333],[29.34583333,42.24111111],[28.04033333,41.98133333],[27.52319646,42.43366897],[27.90034902,42.7002213],[27.94661808,43.16268003],[27.65115285,43.1882745],[28.48150468,43.38978004],[28.57292748,43.72398877],[31.33082001,43.43988565]]]]}},{"type":"Feature","id":"marine-5673","properties":{"code1":"hr","name1":"Croatia","code2":"","name2":"","code3":"","name3":"","aidCode1":"","aidName1":"","aidCode2":"","aidName2":"","aidCode3":"","aidName3":"","selectionAid":false,"preserveOverviewDetail":false,"selectionAidRadiusNm":null},"geometry":{"type":"MultiPolygon","coordinates":[[[[17.58044446,42.93836164],[17.74360228,42.83570886],[17.00064075,43.04672003],[18.5479846,42.37917541],[18.01895511,41.63041394],[15.36277778,42.61277778],[14.16861111,43.90277778],[13.12944444,44.50277778],[13.00277778,45.18444444],[13.3125,45.545],[13.52380556,45.51158333],[13.91870976,44.76563633],[14.33089221,45.35639775],[14.53765273,45.28087008],[14.91777766,44.97279727],[14.98196721,44.58236992],[15.62299454,44.15294874],[15.11185873,44.25987351],[15.68195593,43.80371845],[15.94176066,43.82179582],[15.97394037,43.50041997],[16.875,43.39787936],[17.42370248,43.03069353],[17.7067641,43.06640625],[17.44565034,43.01901174],[17.58044446,42.93836164]]]]}},{"type":"Feature","id":"marine-5674","properties":{"code1":"dk","name1":"Denmark","code2":"","name2":"","code3":"","name3":"","aidCode1":"","aidName1":"","aidCode2":"","aidName2":"","aidCode3":"","aidName3":"","selectionAid":false,"preserveOverviewDetail":false,"selectionAidRadiusNm":null},"geometry":{"type":"MultiPolygon","coordinates":[[[[8.55678123,54.97604804],[5.75,55.51119444],[5.15,55.25],[3.25,56.08666667],[8.88833333,57.69666667],[10.03002778,58.26144444],[11.06931384,57.79534028],[12.14780556,56.50897222],[12.08775,56.30391667],[12.65086237,56.0482997],[12.89833333,55.64361111],[12.61361111,55.43111111],[12.67722222,55.25],[13.14583333,55.00977778],[11.93924628,54.36616363],[9.42521167,54.82747437],[9.72692728,54.83598924],[9.74281871,54.97339141],[9.42454791,55.02536285],[9.69013405,55.19275105],[9.48180771,55.48961008],[9.84301043,55.61467636],[9.54252553,55.70670235],[10.01587021,55.70082486],[9.86026502,55.8533442],[10.26547265,55.95992196],[10.39113784,56.29244781],[10.52980804,56.16551971],[10.91416693,56.34339094],[10.81802774,56.53155827],[9.79958141,56.63825417],[10.33243036,56.7072916],[10.29844332,56.96596062],[10.01827764,57.07779181],[9.17866206,56.91870236],[9.32042456,56.63976276],[9.06798005,56.80237567],[8.73897552,56.48268473],[8.11488998,56.52474403],[8.07507634,55.56399822],[8.62403154,55.42062485],[8.55678123,54.97604804]]],[[[16.26748963,55.30298318],[16.025,55.25169444],[15.7075,54.69833333],[15.22694444,54.57444444],[14.41416667,54.65833333],[14.41416667,54.8125],[13.99283333,54.96244444],[15.04288889,55.6915],[16.50825,55.35516667],[16.26748963,55.30298318]]]]}},{"type":"Feature","id":"marine-5675","properties":{"code1":"ee","name1":"Estonia","code2":"","name2":"","code3":"","name3":"","aidCode1":"","aidName1":"","aidCode2":"","aidName2":"","aidCode3":"","aidName3":"","selectionAid":false,"preserveOverviewDetail":false,"selectionAidRadiusNm":null},"geometry":{"type":"MultiPolygon","coordinates":[[[[24.66175014,59.45442801],[23.5080837,59.22912884],[23.42273223,59.02346444],[23.66379201,58.98355734],[23.42752397,58.94222772],[23.74407256,58.77997446],[23.52904427,58.73822916],[23.74580836,58.34364545],[24.609375,58.38030136],[24.35149055,57.87830173],[23.60111667,57.89916667],[23.58233333,57.66955],[23.18083333,57.58638333],[22.7075,57.94083333],[21.91611667,57.74945],[20.39933388,58.02344368],[20.48146667,58.8445],[21.18613333,59.19148333],[24.95276667,59.86821667],[26.33578333,59.99463333],[26.81668333,59.66241667],[28.20438541,59.38684281],[25.74085617,59.65537858],[24.66175014,59.45442801]]]]}},{"type":"Feature","id":"marine-5676","properties":{"code1":"fi","name1":"Finland","code2":"","name2":"","code3":"","name3":"","aidCode1":"","aidName1":"","aidCode2":"","aidName2":"","aidCode3":"","aidName3":"","selectionAid":false,"preserveOverviewDetail":false,"selectionAidRadiusNm":null},"geometry":{"type":"MultiPolygon","coordinates":[[[[27.35543018,60.48886443],[27.76388335,60.58143723],[27.81935038,60.38802807],[25.96778333,59.86156667],[24.95276667,59.86821667],[21.18613333,59.19148333],[20.4817,58.84461667],[20.15333333,59.44501667],[19.0832,60.19168333],[19.525,62.7],[20.69666667,63.485],[21.5,63.66666667],[24.13666667,65.515],[24.14399825,65.87272577],[23.65138522,66.3058824],[23.89636366,66.7692287],[23.66068912,66.30931282],[24.18220997,65.82843351],[24.54490221,65.79234648],[24.80018437,66.09559071],[25.13939285,66.14703381],[24.45652187,65.75908935],[25.18387723,65.59199977],[25.34974515,65.44161725],[25.22924626,65.14660168],[25.48657846,64.95880055],[24.55915606,64.81925011],[23.36734748,63.9127388],[22.70329905,63.84200752],[22.87725902,63.80461454],[22.83866227,63.65098298],[22.34073365,63.57933545],[22.38766468,63.45302522],[22.20465553,63.46011984],[22.39294481,63.33593476],[22.23893762,63.25513947],[21.54593122,63.26964831],[21.68144226,63.05694222],[21.39819717,63.08639777],[21.48400402,62.97456765],[21.09957814,62.69673872],[21.29372394,62.00300157],[21.73148978,61.52552414],[21.48030984,61.5953207],[21.60193503,61.21660483],[21.31449425,61.09003937],[21.46465695,60.71216202],[21.33506811,60.69938564],[21.60659385,60.49381268],[21.84571087,60.63452125],[21.79972327,60.51009893],[22.65662563,60.42731583],[22.45492017,60.26412964],[23.09119487,60.37073243],[22.87238622,60.20037472],[23.24133992,60.06302607],[22.83855486,59.98052621],[23.22882211,60.03499997],[22.90387535,59.81848705],[23.54089296,60.08790064],[23.36036515,59.93091285],[24.35582507,60.08938205],[24.41465056,59.96037936],[25.66263938,60.37459564],[25.91699791,60.25130761],[25.84751773,60.41229475],[27.35543018,60.48886443]]]]}},{"type":"Feature","id":"marine-5677","properties":{"code1":"fr","name1":"France","code2":"","name2":"","code3":"","name3":"","aidCode1":"","aidName1":"","aidCode2":"","aidName2":"","aidCode3":"","aidName3":"","selectionAid":false,"preserveOverviewDetail":false,"selectionAidRadiusNm":null},"geometry":{"type":"MultiPolygon","coordinates":[[[[4.62884784,43.84277844],[4.85401034,43.33419347],[5.01303327,43.54259646],[5.14789927,43.45826876],[4.99211144,43.39675665],[5.94252825,43.06716275],[6.35714781,43.08872068],[7.41156018,43.72288287],[7.72388889,42.94638889],[7.4406039,43.74983673],[7.84027778,43.12388889],[8.45972222,43.25333333],[8.99944444,43.63694444],[9.57055556,43.27527778],[10.21833333,41.55361111],[8.775,41.25],[6.93027778,41.81583333],[5.88972222,41.24333333],[5.32094407,41.47210867],[4.14071,42.72218042],[3.18502544,42.43122541],[3.05836236,42.53647816],[3.19459081,43.20270836],[4.03328907,43.55615902],[4.82684171,43.33425701],[4.62884784,43.84277844]]],[[[2.42254817,51.05566776],[1.57793832,50.85399878],[1.66628075,50.19004214],[0.06794131,49.52304935],[0.85310817,49.39363515],[0.72189677,49.52117348],[-0.22779727,49.26794624],[-1.16585934,49.35979283],[-1.28011262,49.69366765],[-1.93128765,49.7263298],[-1.4369024,48.65272534],[-2.67770445,48.51029921],[-3.02567315,48.82177925],[-3.14315176,48.74624383],[-3.0786103,48.87667406],[-4.6853317,48.57320321],[-4.77283585,48.34119344],[-4.31002343,48.42322302],[-4.45878255,48.328233],[-4.14193976,48.23944283],[-4.54203415,48.29059613],[-4.27475965,48.15567434],[-4.71795595,48.04203844],[-4.17441165,47.805691],[-4.11769056,47.980322],[-3.14903414,47.74568915],[-3.13983321,47.57792735],[-2.76138103,47.63560855],[-2.91705406,47.54892635],[-2.81024587,47.48740494],[-2.24645507,47.57679176],[-2.55202234,47.379354],[-2.28687263,47.23670924],[-1.22277343,47.35557234],[-2.24944127,47.13369191],[-2.07398248,47.10042214],[-2.14568925,46.88950777],[-1.80642486,46.48970425],[-1.09560704,46.31255984],[-1.21965504,46.16894662],[-1.01696265,45.72078955],[-1.22818017,45.67367172],[-0.21224785,44.89420486],[-0.59892666,45.03833687],[-0.3375864,44.65163553],[-0.50729012,44.74109197],[-1.05085504,45.50174165],[-1.26034343,44.63247001],[-1.02372122,44.67389345],[-1.25715196,44.53434706],[-1.51951385,43.53464484],[-1.21050358,43.53674364],[-1.78562367,43.35390675],[-1.80222222,43.59527778],[-3.17222222,44.86666667],[-8.63305556,45.80888889],[-9.39277778,46.52416667],[-9.85027778,47.31333333],[-9.60980555,48.09891667],[-5.69783333,49.199],[-3.58197222,49.55236111],[-2.05861111,50.15297222],[-0.50136111,50.12380556],[0.60197222,50.32716667],[2.23833333,51.55777778],[2.54361111,51.09361111],[2.42254817,51.05566776]]]]}},{"type":"Feature","id":"marine-5678","properties":{"code1":"ge","name1":"Georgia","code2":"","name2":"","code3":"","name3":"","aidCode1":"","aidName1":"","aidCode2":"","aidName2":"","aidCode3":"","aidName3":"","selectionAid":false,"preserveOverviewDetail":false,"selectionAidRadiusNm":null},"geometry":{"type":"MultiPolygon","coordinates":[[[[41.54702795,41.5204916],[40.6925,41.95],[38.97584982,42.34266297],[39.96709284,43.15670694],[40.00100905,43.3779584],[40.23721933,43.32048106],[41.44453132,42.73445046],[41.65473831,42.2006433],[42.27591491,42.10632801],[41.65994287,42.19813216],[41.77537322,41.82949257],[41.54702795,41.5204916]]]]}},{"type":"Feature","id":"marine-5679","properties":{"code1":"gr","name1":"Greece","code2":"","name2":"","code3":"","name3":"","aidCode1":"","aidName1":"","aidCode2":"","aidName2":"","aidCode3":"","aidName3":"","selectionAid":false,"preserveOverviewDetail":false,"selectionAidRadiusNm":null},"geometry":{"type":"MultiPolygon","coordinates":[[[[26.02346152,40.72030228],[25.81110918,40.64197416],[25.95705993,40.43815861],[25.4471382,40.22910903],[25.66590293,39.57112786],[26.4660004,39.42121911],[26.70091395,39.09749951],[26.59289592,38.83151912],[26.1518483,38.79388633],[26.34145911,38.50200345],[26.17196259,38.26808091],[26.27209739,37.95067266],[27.15210861,37.76620677],[26.94685893,37.64512969],[27.22142361,37.23556977],[27.15203529,37.04799491],[27.39047847,36.93213705],[27.32518662,36.59911684],[27.5719602,36.51788335],[27.77318803,36.69674078],[27.96412826,36.46362603],[28.53562043,36.46957906],[28.86992464,35.30848501],[29.37726306,36.11752552],[29.67212616,36.11029084],[30.10359235,34.20922588],[29.84648,33.82085349],[28.80438776,33.50558881],[26.97609368,33.30148132],[24.47190526,33.4474852],[21.33931108,34.79640658],[19.7678708,34.94629514],[18.30451706,35.42514524],[18.28259167,37.35396111],[18.89925556,39.03233056],[18.99523828,40.08357977],[19.9509582,39.83329889],[20.74170601,38.94483042],[21.10562837,39.04736066],[21.17519248,38.87070322],[20.7292546,38.80880523],[21.10450006,38.35029566],[21.30644834,38.30277061],[21.30531287,38.49056947],[21.76669085,38.32798362],[22.45136178,38.42852485],[23.22401476,38.15358567],[22.86735058,37.93513155],[21.85954905,38.33826661],[21.60934293,38.14482093],[21.37336433,38.21685195],[21.18087113,37.92789733],[21.64704943,37.44348967],[21.57079744,37.17900991],[21.76047182,36.78525197],[22.13457561,37.02197528],[22.47958076,36.39274657],[22.62229872,36.80484963],[23.09260786,36.43968105],[22.73037982,37.57565725],[23.16643095,37.28923547],[23.50864267,37.42842305],[23.01946914,37.84458101],[23.22524691,37.97064555],[23.53168344,38.04009593],[24.06223905,37.67536342],[24.08625841,37.79296875],[23.95039511,38.28623676],[22.57964587,38.82382631],[23.06583333,39.035815],[22.94395864,39.29923117],[23.14565623,39.28646076],[23.10929084,39.10069203],[23.35119224,39.18423808],[22.59362745,40.01325405],[22.59154618,40.45523214],[22.96962261,40.53174305],[22.81463695,40.48092806],[23.3081212,40.22725534],[23.36172152,39.96376932],[23.71126783,39.90895855],[23.40790415,40.27837324],[23.93059111,39.93595421],[23.98015594,40.12032807],[23.73709846,40.35372114],[24.29678798,40.12194431],[24.23805094,40.31549692],[23.86878645,40.41021621],[23.77817953,40.76680076],[25.12208903,41.00061941],[26.02346152,40.72030228]]]]}},{"type":"Feature","id":"marine-5680","properties":{"code1":"is","name1":"Iceland","code2":"","name2":"","code3":"","name3":"","aidCode1":"","aidName1":"","aidCode2":"","aidName2":"","aidCode3":"","aidName3":"","selectionAid":false,"preserveOverviewDetail":false,"selectionAidRadiusNm":null},"geometry":{"type":"MultiPolygon","coordinates":[[[[-12.40705979,69.57946123],[-9.67002376,69.14806781],[-7.55107073,68.33674193],[-6.7323357,67.72178967],[-5.90460119,66.64971679],[-5.57839444,65.68961944],[-12.14539444,62.53932222],[-12.9643,61.92611111],[-13.99900833,60.70963611],[-17.00430395,60.16373809],[-20.34317115,59.97125759],[-25.49520472,60.51742524],[-27.27810688,60.91905083],[-28.80174742,61.53110474],[-29.86054813,62.22694851],[-30.85884615,63.29329247],[-29.85666667,65.21666667],[-28.97833333,66.21166667],[-26.995,66.955],[-21.75,68.13666667],[-13.56,69.35666667],[-13.26666667,69.58333333],[-12.40705979,69.57946123]]]]}},{"type":"Feature","id":"marine-5681","properties":{"code1":"ie","name1":"Ireland","code2":"","name2":"","code3":"","name3":"","aidCode1":"","aidName1":"","aidCode2":"","aidName2":"","aidCode3":"","aidName3":"","selectionAid":false,"preserveOverviewDetail":false,"selectionAidRadiusNm":null},"geometry":{"type":"MultiPolygon","coordinates":[[[[-10.82517046,48.18018783],[-12.63890229,48.61372985],[-14.00014988,49.23719083],[-15.18131751,50.17016899],[-15.94238691,51.35441844],[-16.09537893,52.16111499],[-15.84897316,53.17176783],[-16.01449777,54.0999718],[-15.91638348,54.81314197],[-15.34238562,55.73895639],[-14.34246382,56.57613306],[-12.2,56.7],[-12.2,56.54166667],[-10.5,56.54166667],[-10.5,56.35833333],[-9.11666667,56.35833333],[-9.11666667,56.16666667],[-7.38333333,56],[-7.03333333,55.75],[-6.74413483,55.41486217],[-6.85853447,55.23006197],[-7.24872755,55.06874899],[-6.93714452,55.24620163],[-7.3884902,55.38116801],[-7.26236427,55.29388225],[-7.50615251,55.28941774],[-7.66175282,54.95970654],[-7.61453092,55.18983626],[-8.29683721,55.14294493],[-8.5612123,54.83241796],[-8.42181623,54.77599645],[-8.79992688,54.70346355],[-8.12307537,54.64991057],[-8.62008953,54.26358712],[-9.05784953,54.29546833],[-9.13735271,54.13450325],[-9.80239046,54.34307325],[-10.09527695,54.24409843],[-10.12723207,54.09580052],[-9.99733627,54.22599304],[-9.79420543,53.92395985],[-10.18678045,54.01555216],[-9.56944227,53.89325476],[-10.16450381,53.44375277],[-9.52706897,53.22152936],[-8.94791913,53.27105987],[-9.92623377,52.56336927],[-9.15002084,52.62549448],[-8.96172643,52.79612136],[-8.66062963,52.65813148],[-9.62919867,52.57656217],[-9.94458008,52.41513276],[-9.75204015,52.26585186],[-10.3716464,52.22634995],[-10.4563055,52.09953237],[-9.77264333,52.15296662],[-10.4022572,51.88011086],[-10.13609195,51.74508607],[-9.57238007,51.87671745],[-10.0922929,51.67383134],[-9.53209805,51.74804974],[-9.83101881,51.48571491],[-8.54286754,51.61342406],[-8.63228691,51.73235285],[-8.30006886,51.83024228],[-8.4385581,51.90181541],[-8.17531383,51.78490007],[-7.87535524,51.87695634],[-7.86287546,52.08070683],[-7.80983806,51.93967843],[-6.95782745,52.17571366],[-7.30930853,52.31827486],[-6.95505846,52.39058363],[-6.90387595,52.20093143],[-6.35818052,52.17523754],[-6.54113674,52.35373187],[-6.36740303,52.34297848],[-6.00015664,52.95995498],[-6.34319568,53.98703885],[-6.11153376,53.99466968],[-6.27676153,54.10651553],[-5.32216667,53.76333333],[-5.38,52.4],[-5.58333333,52.4],[-6.1,51.66666667],[-6.55,51.5],[-7.2,50.66666667],[-7.6,50.66666667],[-7.6,50.5],[-8,50.5],[-8,50.33333333],[-8.4,50.16666667],[-8.75,49.5],[-9.2,49.33333333],[-9.408948,48.5],[-9.8,48.5],[-9.91670683,48.18018783],[-10.82517046,48.18018783]]]]}},{"type":"Feature","id":"marine-5682","properties":{"code1":"it","name1":"Italy","code2":"","name2":"","code3":"","name3":"","aidCode1":"","aidName1":"","aidCode2":"","aidName2":"","aidCode3":"","aidName3":"","selectionAid":false,"preserveOverviewDetail":false,"selectionAidRadiusNm":null},"geometry":{"type":"MultiPolygon","coordinates":[[[[6.36944444,41.51416667],[6.93027778,41.81583333],[8.66,41.26472222],[10.21833333,41.55361111],[9.57055556,43.27527778],[8.99944444,43.63694444],[8.45972222,43.25333333],[7.84027778,43.12388889],[7.52906989,43.77331183],[8.08342254,43.89714754],[8.75518942,44.42625356],[9.22999811,44.34174097],[10.23902094,43.87363863],[10.49384272,42.94478011],[10.77556694,42.90674138],[11.1825968,42.53194904],[11.08920157,42.42995882],[11.62108386,42.30196965],[13.05456877,41.22411418],[13.7292484,41.24337256],[14.05799484,40.78784275],[14.87257504,40.59320986],[14.921718,40.23402405],[15.34933865,40.00426948],[15.57454586,40.078125],[16.20797622,38.93439877],[16.15086496,38.72842574],[15.84172595,38.65161061],[15.63883364,38.00166166],[16.06395686,37.92421091],[16.57719922,38.43877661],[16.61047995,38.81567752],[17.18866825,39.01869583],[17.15204644,39.39321566],[16.48721695,39.76419294],[16.89223504,40.42606914],[17.86605585,40.28062642],[18.33093512,39.79982781],[18.50839412,40.14218163],[17.93978083,40.64137936],[15.96747506,41.45488465],[16.14182174,41.91327214],[14.72844052,42.09444737],[14.06307662,42.61726081],[13.62781763,43.54608607],[12.38800836,44.21832824],[12.23070395,45.00638902],[12.08219051,45.01878488],[12.50290096,44.98854315],[12.1466639,45.38093185],[13.2317363,45.79472995],[13.74950993,45.68271208],[13.3125,45.545],[13.00277778,45.18444444],[13.12944444,44.50277778],[14.17084877,43.90054012],[15.36277778,42.61277778],[17.6175,41.83472222],[18.595,41.10805556],[18.99523828,40.08357977],[18.89925556,39.03233056],[18.28259167,37.35396111],[18.30451706,35.42514524],[17.49725931,35.06440615],[14.55832618,36.36865504],[13.83435644,36.51239963],[13.42853712,36.4702354],[13.61,35.25],[13.09583333,35.72583333],[12.85277778,35.63361111],[12.72333333,35.29],[12.17666667,35.38416667],[12.10416667,35.65388889],[12.61583333,35.74194444],[12.68777778,36.05472222],[12.29583333,36.66277778],[12.03027778,36.5125],[11.74277778,36.62888889],[11.68833333,36.90916667],[12.015,37.06333333],[10.695,38.41],[7.81666667,38.01],[6.06655111,38.80087459],[6.3,40.02833333],[5.88972222,41.24333333],[6.36944444,41.51416667]]]]}},{"type":"Feature","id":"marine-5683","properties":{"code1":"lv","name1":"Latvia","code2":"","name2":"","code3":"","name3":"","aidCode1":"","aidName1":"","aidCode2":"","aidName2":"","aidCode3":"","aidName3":"","selectionAid":false,"preserveOverviewDetail":false,"selectionAidRadiusNm":null},"geometry":{"type":"MultiPolygon","coordinates":[[[[20.39933388,58.02344368],[21.91611667,57.74945],[22.7075,57.94083333],[23.18083333,57.58638333],[23.58233333,57.66955],[23.60111667,57.89916667],[24.26111667,57.91721667],[24.41143835,57.26636183],[24.04102194,57.06689656],[24.26502895,56.83425868],[23.91617453,56.97826624],[23.58106208,56.81440914],[23.92593455,56.98302853],[23.28577018,57.07310271],[22.60683215,57.7572751],[21.74014115,57.58001018],[21.52751078,57.40842344],[21.61318481,57.23719847],[21.60214245,57.37330616],[21.41579964,57.28387922],[21.41769195,57.07969022],[21.0536288,56.82271302],[21.06287622,56.07421875],[19.09754112,56.04541667],[20.39933388,58.02344368]]]]}},{"type":"Feature","id":"marine-5684","properties":{"code1":"lt","name1":"Lithuania","code2":"","name2":"","code3":"","name3":"","aidCode1":"","aidName1":"","aidCode2":"","aidName2":"","aidCode3":"","aidName3":"","selectionAid":false,"preserveOverviewDetail":false,"selectionAidRadiusNm":null},"geometry":{"type":"MultiPolygon","coordinates":[[[[21.07228494,56.04266691],[21.08569956,55.73431695],[21.53490734,55.1953125],[21.00443687,55.27616875],[21.13522041,55.67769742],[20.96505272,55.29087222],[19.02272172,55.93149892],[21.07228494,56.04266691]]]]}},{"type":"Feature","id":"marine-5685","properties":{"code1":"mt","name1":"Malta","code2":"","name2":"","code3":"","name3":"","aidCode1":"mt","aidName1":"Malta","aidCode2":"","aidName2":"","aidCode3":"","aidName3":"","selectionAid":true,"preserveOverviewDetail":false,"selectionAidRadiusNm":null},"geometry":{"type":"MultiPolygon","coordinates":[[[[17.49725931,35.06440615],[16.49747206,34.56194415],[15.19992194,34.21517947],[15.16666667,34.49805556],[13.75309962,34.69647464],[13.41696887,36.46754412],[14.41392552,36.42204336],[17.49725931,35.06440615]]]]}},{"type":"Feature","id":"marine-5686","properties":{"code1":"no","name1":"Norway","code2":"","name2":"","code3":"","name3":"","aidCode1":"","aidName1":"","aidCode2":"","aidName2":"","aidCode3":"","aidName3":"","selectionAid":false,"preserveOverviewDetail":false,"selectionAidRadiusNm":null},"geometry":{"type":"MultiPolygon","coordinates":[[[[3.06562612,56.23377797],[2.61186448,56.59433117],[1.96345432,57.90436602],[1.48174895,58.42937831],[2.07501222,59.89610625],[1.78824582,61.35616354],[0.85637399,62.66566862],[-0.49069555,63.88707413],[-0.48672778,64.4332],[3.28516939,66.4322445],[3.41480544,66.81803594],[3.15692378,67.80631725],[3.50805892,68.61701258],[5.08959147,69.83856131],[6.59190919,70.71461222],[8.05109861,71.39752536],[12.28083869,72.86686025],[20.76309522,74.27717953],[25.17793403,74.50162547],[29.77310344,74.39393292],[33.12701158,74.07588519],[36.4752365,73.38465033],[32.07305556,70.27470833],[30.70586014,69.76217544],[30.42174566,69.80881107],[30.43234706,69.67473877],[30.18554294,69.87965465],[29.48896503,69.65831995],[29.77704263,69.82951307],[29.36236691,69.86130691],[29.6483345,69.97424722],[28.58384872,70.11547565],[30.16815662,70.06882107],[31.05275655,70.28387523],[30.92828643,70.45029724],[30.01015985,70.52965188],[30.33317304,70.60754776],[30.09693337,70.64327633],[30.21331,70.67548788],[29.26426911,70.65590847],[29.28187525,70.79303384],[28.83527505,70.87812424],[28.02217162,70.06969082],[28.37112081,70.51516116],[27.92929077,70.46751201],[28.24665642,70.71811974],[27.67792451,70.61639297],[28.53599501,70.98373854],[27.6366353,71.13123596],[27.5250771,70.95936525],[27.14415443,70.98223412],[27.69501913,70.80173504],[27.11357534,70.75555801],[27.08412147,70.48536587],[26.48649502,70.36028421],[26.62653995,70.67929554],[26.32549965,70.65379608],[26.67864132,70.74530792],[26.55135095,70.94783771],[24.92954147,70.08270967],[25.24049222,70.39232242],[25.05814385,70.48755157],[25.90944231,70.87437403],[25.32147145,70.97972667],[25.23924911,70.80847454],[24.56807804,71.02146137],[24.7019304,70.87453878],[24.23540425,70.83493495],[24.66112125,70.69480205],[24.08956385,70.54114747],[24.31909025,70.45691586],[23.85685384,70.49496365],[23.1793735,70.21550953],[23.35924685,70.180444],[23.13567114,70.08741868],[23.52478063,70.01608145],[23.35370994,69.95710218],[22.30466914,70.02424133],[22.96005583,70.17346895],[22.35793996,70.26044822],[22.53325284,70.11853981],[22.22363102,70.12696922],[22.29918194,70.27657366],[21.96321893,70.28162324],[21.77455187,70.24396336],[21.86314034,70.14538825],[21.47446692,70.30017805],[21.18853796,70.21816444],[22.06777835,70.12745273],[21.78327715,70.03975046],[22.08710504,70.02956867],[21.87054408,69.97887611],[22.11971533,69.75160408],[21.23484385,70.0064553],[21.32624614,69.90990496],[21.13377094,69.80390811],[20.86492193,69.84898806],[21.08049035,69.95120585],[20.47452092,69.76549006],[20.80714345,69.50277185],[20.42014217,69.5916543],[19.89527718,69.26627078],[20.39433765,69.87760925],[20.20159996,69.938995],[19.78820837,69.69531405],[20.14249778,69.58466971],[19.73002815,69.60702956],[19.48959148,69.3951987],[19.73333621,69.80446386],[19.20915425,69.76617575],[18.97652066,69.47178364],[19.53753746,69.21871448],[18.45666742,69.51278627],[19.00555205,69.28886116],[18.64427733,69.31389987],[18.49434221,69.22389221],[18.62480295,69.10315072],[18.50020277,69.36574185],[18.14453614,69.46158898],[18.06014717,69.17830241],[17.47538805,68.98989201],[17.84980905,68.87015808],[17.47846437,68.83754253],[17.76319695,68.78956306],[17.26212025,68.77604485],[17.68214333,68.67485034],[16.44988835,68.54232776],[17.88896286,68.41886044],[17.30597651,68.42182147],[17.39715755,68.27299106],[16.2688657,68.36146104],[16.81786096,68.15584302],[16.23998404,68.33281505],[16.36485612,68.24703407],[16.19856584,68.21073616],[16.60675955,68.1845957],[16.25155103,68.14490104],[16.71581793,68.08773983],[16.25832248,68.02961981],[16.50969625,67.82138884],[16.20454407,67.89756107],[16.00181937,68.26576245],[15.35063088,68.06508636],[15.96809936,68.01626921],[15.84999776,67.91555095],[14.85215282,67.87872636],[15.11072254,67.76258111],[14.78512835,67.73795843],[15.83716154,67.70829701],[15.17564952,67.64997077],[15.51750946,67.51374066],[15.89021742,67.58253097],[15.54057133,67.49291885],[15.65568686,67.41748416],[14.93077135,67.57598412],[14.65142345,67.47685087],[15.05284333,67.45745122],[14.31427372,67.26601362],[15.46683335,67.18949616],[14.35671627,67.19280195],[14.72621381,67.18925142],[13.50930095,66.95566118],[13.9890486,66.80488658],[13.20749903,66.71693635],[13.72844088,66.61052585],[12.98086202,66.53060842],[13.15760505,66.47011554],[12.99109888,66.34856355],[13.48295915,66.34553194],[13.01833534,66.17914426],[14.12353361,66.33992171],[12.67752373,66.07068872],[13.04809082,66.07787085],[12.89987183,65.98586547],[13.23534691,65.77755105],[12.66865075,65.92248273],[12.65133595,65.66560161],[12.36348903,65.61200345],[12.78123093,65.46521175],[12.26674163,65.57799172],[12.04106581,65.21604824],[12.46754026,65.37006855],[12.25308371,65.23755658],[12.49398971,65.13413596],[12.95940745,65.31299114],[11.86056411,65.11682641],[11.18286121,64.74172425],[12.05639303,64.97075331],[12.44934678,64.88959801],[11.69367897,64.87350643],[11.85540116,64.79724622],[11.38653195,64.65302765],[11.79006135,64.58883953],[11.36534333,64.6413995],[11.44118106,64.45474601],[11.89383161,64.44404376],[11.21123755,64.30551744],[11.31615114,64.3910799],[10.96964824,64.60745025],[10.46296942,64.41122866],[10.68245316,64.36245906],[9.93227613,63.90568447],[10.19362533,63.96033585],[9.56074464,63.77131677],[10.10585141,63.78292406],[9.83564127,63.69119334],[10.10296941,63.49591255],[10.95561016,63.74540424],[10.93930948,63.90510046],[10.59964442,63.79940975],[11.32862604,64.09499252],[11.48687661,64.01663125],[11.07245696,63.85958135],[11.42477787,63.83309257],[10.71529543,63.61743593],[10.9328984,63.61304987],[10.76158047,63.52172792],[10.93273401,63.45331991],[9.84634488,63.31009646],[9.97092271,63.42505276],[9.69767857,63.64125717],[9.15669823,63.49037981],[9.49218655,63.39732134],[9.10221207,63.28777635],[9.00163996,63.4651165],[8.49247277,63.27881682],[8.98474157,63.20932376],[8.25117505,63.14669371],[8.68205833,62.83458698],[7.98086286,63.08938158],[8.54356396,62.72953033],[7.11288798,62.9904958],[6.90537083,62.91260338],[7.66664708,62.79240966],[7.36177695,62.73852515],[7.50115836,62.68706405],[8.06475282,62.775002],[7.49781942,62.66140437],[7.78144574,62.57714558],[7.58451188,62.54096842],[6.77015436,62.65563047],[6.27606356,62.59192288],[6.72245038,62.4918946],[6.08736145,62.46129644],[6.81285596,62.48237455],[7.34113061,62.29330647],[6.96143818,62.11706924],[7.18901014,62.11433876],[6.88041151,62.08829045],[7.00943935,62.17358351],[6.73399734,62.45022094],[6.42153847,62.3936553],[6.52700341,62.20664966],[6.34386134,62.37495732],[5.93210757,62.22229815],[6.30930877,62.08069324],[5.47408891,62.19317043],[5.61801422,62.07208514],[5.45401526,62.00533652],[5.08749485,62.16843498],[5.40298951,62.03248095],[5.12119853,61.92038023],[6.84561634,61.86679161],[5.92239296,61.7411381],[5.19158375,61.88308287],[5.32235515,61.88491881],[5.10561144,61.78345084],[5.29107893,61.77480996],[4.98936892,61.74047422],[5.40937614,61.64645958],[5.00805986,61.60177302],[5.84040332,61.46366715],[4.98966014,61.42517352],[5.67434144,61.36814225],[4.94880652,61.26227868],[5.2287482,61.10259068],[6.47534347,61.1158061],[6.74901223,61.41924381],[6.5937103,61.21478605],[7.3963418,61.18239045],[7.24850655,61.29976273],[7.59501922,61.49414766],[7.31325555,61.30135298],[7.70516038,61.23563635],[7.05405474,61.10906374],[7.12808645,60.86449218],[6.63114643,61.17358887],[5.04367793,61.06130195],[5.10601306,60.83036005],[5.52692723,60.91678607],[5.26911294,60.76100194],[5.43281531,60.71250916],[5.02711523,60.8203125],[5.22872043,60.57420886],[4.89123845,60.74796462],[5.29078817,60.54196525],[5.69131005,60.7585144],[5.71683586,60.45295715],[5.29871964,60.52712595],[5.34850895,60.38365603],[5.17642772,60.35311341],[5.37945366,60.22086763],[5.76748311,60.38963544],[5.58352721,60.25296915],[5.73558056,60.24687707],[5.59323216,60.20483255],[5.76298296,60.18840385],[5.7277863,60.00137043],[6.27894092,60.38277435],[7.11934936,60.49614048],[6.69065917,60.38723671],[6.55139756,60.07349086],[6.66114438,60.39964557],[6.37115574,60.36916745],[5.67726505,59.84198856],[6.36732852,59.87350357],[5.23690796,59.53716958],[5.51541114,59.26902092],[5.61932111,59.42502344],[5.64096856,59.30089486],[6.59262061,59.56048012],[6.01983082,59.34115887],[6.55828965,59.32321346],[5.89754558,59.08602655],[6.64490402,59.05581975],[6.08521593,58.90053415],[6.27917266,58.84592021],[5.56466246,59.01652634],[5.66362548,58.55170476],[6.48613584,58.25513351],[6.92260337,58.28589106],[6.55300522,58.11931705],[7.05802846,58.12060666],[7.05526292,57.97910917],[7.95118904,58.07543242],[9.73337591,58.9952569],[9.53371191,59.12411225],[9.85636497,58.95951557],[10.37859726,59.27636695],[10.42825162,59.16388094],[10.48319376,59.44577694],[9.96589828,59.76153207],[10.38976896,59.70019531],[10.41509604,59.54478073],[10.61781585,59.59484124],[10.50560665,59.83571005],[10.66369271,59.91534138],[10.69112873,59.30031347],[11.46646667,58.99818325],[11.16664018,59.09433088],[10.26813889,58.77569444],[10.59444444,58.76147222],[10.03002778,58.26144445],[8.88833333,57.69666667],[3.25,56.08666667],[3.06562612,56.23377797]]]]}},{"type":"Feature","id":"marine-5687","properties":{"code1":"pl","name1":"Poland","code2":"","name2":"","code3":"","name3":"","aidCode1":"","aidName1":"","aidCode2":"","aidName2":"","aidCode3":"","aidName3":"","selectionAid":false,"preserveOverviewDetail":false,"selectionAidRadiusNm":null},"geometry":{"type":"MultiPolygon","coordinates":[[[[14.30534967,53.82166675],[14.20334167,54.12771111],[14.75,54.5],[14.62923056,54.53369722],[15.7075,54.69833333],[16.025,55.25169444],[18.36333333,55.92155],[18.92575,55.8798],[19.315,54.67],[19.63944339,54.45833402],[18.94159114,54.32959485],[18.73806977,53.4758954],[18.14013672,53.10900331],[18.68363261,53.00734544],[19.04253793,52.67414486],[18.66208374,53.01261926],[18.14291155,53.1003443],[18.72599435,53.47287607],[18.94621074,54.26678085],[18.39393401,54.72979033],[18.80969071,54.59404874],[18.32949293,54.83478105],[17.26399481,54.73360586],[16.11352026,54.27672756],[14.72917581,54.02294946],[14.54202056,53.70718837],[14.70036387,53.49439955],[14.39767897,53.1592797],[14.62991834,53.52248168],[14.30534967,53.82166675]]],[[[19.77456067,54.47538128],[18.93307483,53.9693017],[19.3246088,54.20769286],[19.25055885,54.34395611],[19.77456067,54.47538128]]]]}},{"type":"Feature","id":"marine-5688","properties":{"code1":"pt","name1":"Portugal","code2":"","name2":"","code3":"","name3":"","aidCode1":"","aidName1":"","aidCode2":"","aidName2":"","aidCode3":"","aidName3":"","selectionAid":false,"preserveOverviewDetail":false,"selectionAidRadiusNm":null},"geometry":{"type":"MultiPolygon","coordinates":[[[[-7.48092425,37.49540436],[-7.25707714,36.52015362],[-7.54198951,35.75649316],[-7.98178801,35.47788209],[-8.90228511,35.16881995],[-12.14785215,34.87786118],[-12.91630728,35.95184761],[-13.73149902,38.40837967],[-13.83554046,39.94369003],[-13.29989813,41.39622458],[-11.40895734,41.78482079],[-8.90862099,41.85451011],[-8.61260103,42.05266964],[-8.86681378,41.84572923],[-8.67570305,41.14801896],[-8.27039945,41.06480515],[-8.57609654,41.13757348],[-8.90623617,40.17857873],[-8.7890625,40.11216521],[-9.40196085,39.36820304],[-9.49930072,38.78226626],[-9.13259017,38.70622778],[-8.86830854,39.03167725],[-8.92875862,38.76325333],[-9.25785303,38.66413188],[-9.06464255,38.43474376],[-8.73880565,38.56956637],[-8.54133546,38.39582658],[-8.80318975,38.44328642],[-8.99011731,37.03330815],[-8.52861404,37.14191306],[-7.96768725,36.98918724],[-7.40028036,37.16346872],[-7.48092425,37.49540436]]]]}},{"type":"Feature","id":"marine-5689","properties":{"code1":"ro","name1":"Romania","code2":"","name2":"","code3":"","name3":"","aidCode1":"","aidName1":"","aidCode2":"","aidName2":"","aidCode3":"","aidName3":"","selectionAid":false,"preserveOverviewDetail":false,"selectionAidRadiusNm":null},"geometry":{"type":"MultiPolygon","coordinates":[[[[28.58799429,43.80846458],[28.62538743,44.23817182],[29.09477317,44.75384307],[29.60212076,44.83927858],[29.51926494,45.18022168],[29.99232147,45.19123024],[31.17436111,44.73705556],[31.40972222,44.04805556],[31.33264801,43.45398708],[31.19328854,43.43985626],[28.58799429,43.80846458]]]]}},{"type":"Feature","id":"marine-5690","properties":{"code1":"ru","name1":"Russia","code2":"","name2":"","code3":"","name3":"","aidCode1":"","aidName1":"","aidCode2":"","aidName2":"","aidCode3":"","aidName3":"","selectionAid":false,"preserveOverviewDetail":false,"selectionAidRadiusNm":null},"geometry":{"type":"MultiPolygon","coordinates":[[[[47.57304312,43.68166755],[47.54804754,43.6096127],[47.54209578,43.61122477],[47.57304312,43.68166755]]],[[[40.32290602,47.30948007],[38.50706744,46.87691796],[38.39383435,46.73269415],[38.57674086,46.72653294],[38.3355453,46.6630125],[37.72781158,46.68741906],[37.91645467,46.4074018],[38.57740843,46.10273826],[37.98999012,46.03937066],[37.59305334,45.44865441],[36.85708642,45.45096827],[36.62733996,45.30999482],[36.95812786,45.32856274],[36.61415601,45.20944643],[38.74658811,44.30072534],[39.99407375,43.38515711],[39.96709284,43.15670694],[38.99177796,42.35557601],[36.1825,43.43444444],[36.77135519,44.67444691],[36.72529258,45.10172391],[36.52619125,45.1472593],[36.6777321,46.01882003],[37.1457339,46.1334089],[37.52035599,46.77816836],[38.23457733,46.90794102],[38.23134053,47.11910236],[40.32290602,47.30948007]]],[[[21.38626957,55.29246769],[21.51940813,55.18595855],[21.26105726,55.20102763],[21.24823713,54.95386386],[20.50712073,54.94957066],[21.38626957,55.29246769]]],[[[20.61558604,55.01953125],[19.97818828,54.96116614],[19.88198674,54.65086341],[20.45979226,54.70731735],[19.67038682,54.41535497],[19.88228035,54.63717341],[19.66087985,54.47015262],[19.315,54.67],[18.92575,55.8798],[20.94980961,55.28217723],[20.61558604,55.01953125]]],[[[35.90818441,61.92558098],[36.51576436,61.78447974],[37.46146762,62.00209248],[36.95187485,61.80645871],[35.96511745,61.80199921],[36.45817065,61.40932012],[36.28808212,61.0987488],[36.43431282,61.00943673],[33.86860752,60.96521735],[33.00875306,60.50687242],[33.16798437,60.29466844],[32.62966585,60.53658974],[32.58240604,60.0026865],[32.46470845,60.15099561],[32.30327785,60.00911605],[32.08588958,60.25960314],[30.76552892,59.76379907],[30.40043426,59.94884002],[29.1280508,59.97997797],[28.41283393,59.66940665],[28.02316213,59.74516904],[28.21064055,59.38365686],[26.81668333,59.66241667],[26.34304889,59.99275911],[27.77784198,60.27560543],[27.7608961,60.53109105],[28.21057713,60.52429593],[28.73682272,60.80938315],[28.71590793,60.44073045],[28.44968307,60.54984653],[28.60631597,60.36280227],[30.92178965,59.8207736],[31.05360162,60.16730332],[30.50766301,60.62257791],[30.52735174,60.81449664],[29.8316015,61.25534296],[30.22852981,61.27735114],[30.33982456,61.44870305],[30.21419203,61.51191175],[30.79241383,61.74447274],[32.53205585,61.11658001],[32.96139026,60.64383376],[32.85206783,60.52588415],[33.86801624,60.96800816],[34.81138945,60.99837387],[34.86988044,61.22161853],[35.58248234,61.00684631],[35.68777585,61.14443755],[35.48698604,61.36832845],[34.22568631,61.91092694],[34.57538736,61.7911303],[34.28092384,62.10581255],[34.72766554,62.02020776],[34.42495024,62.45690894],[34.80839467,62.22611404],[34.43342304,62.61073935],[35.15625,62.00279021],[35.02276981,62.19895911],[35.60588133,62.26912701],[35.35711455,62.53012717],[34.82609582,62.61157966],[35.0856868,62.34584725],[34.51568663,62.84736872],[35.73809671,62.54254365],[35.86045015,62.43717873],[35.67884386,62.04633713],[35.90818441,61.92558098]]],[[[-180,65.3118974],[-180,65.32421446],[-179.98968232,65.31763124],[-180,65.3118974]]],[[[-175.30819593,74.74710143],[-171.38566217,74.16417598],[-168.97694444,73.35432198],[-168.97694444,65.5],[-176.81777778,61.80388889],[-179.7642583,60.20325423],[-179.68238609,59.9737721],[-180,59.78797671],[-180,65.03814757],[-179.47819364,65.36895454],[-179.98787141,65.31846833],[-179.27475882,65.52496552],[-179.75121582,65.78575695],[-179.75018895,66.09696281],[-179.19639385,66.19355321],[-179.39035594,66.30845535],[-178.84522057,66.15628242],[-178.47324955,66.38296521],[-178.49344277,66.12460816],[-178.91715276,66.03643215],[-178.45850766,65.74579453],[-178.53314757,65.48964095],[-177.42505395,65.47039461],[-176.87930441,65.66612291],[-177.14128566,65.58375931],[-175.97381544,65.47102416],[-175.79692113,65.02801895],[-175.35474765,64.83016705],[-173.63012195,64.31299651],[-173.29913533,64.43572962],[-173.34644985,64.60230327],[-173.16031241,64.44029653],[-173.36074364,64.36662388],[-173.11445868,64.23088563],[-172.76896656,64.50851774],[-172.23213434,64.40180337],[-172.95556533,64.56347394],[-172.82959056,64.65055621],[-173.06193221,64.64421952],[-172.74000263,64.76073515],[-172.92817461,64.83545268],[-173.17518377,64.75368857],[-172.08330536,65.09072888],[-172.69149256,65.20767725],[-172.20519376,65.25022995],[-172.08149231,65.48176801],[-172.35619676,65.42229295],[-172.36504602,65.57361984],[-172.81734323,65.6858896],[-171.04558575,65.46632254],[-170.97925186,65.58774555],[-171.47855341,65.82544255],[-170.58220327,65.60487735],[-170.38493621,65.92756522],[-169.67606342,66.11776555],[-170.84158754,66.2783215],[-170.34854054,66.30884492],[-171.05117536,66.55779505],[-171.43087995,66.48786557],[-171.08897185,66.56008422],[-171.66304314,66.84817338],[-173.03248107,67.04540575],[-172.37418365,66.94234526],[-173.28568792,66.8200469],[-173.14580917,66.99008977],[-173.31322491,67.05626583],[-173.04619646,67.02058685],[-173.64145517,67.11222112],[-174.61524212,67.06035376],[-174.16912282,67.07975805],[-174.56085432,67.03429174],[-174.02274728,66.94377887],[-173.92211306,66.67721641],[-174.26385033,66.56923747],[-173.69259274,66.43206751],[-173.97614574,66.23426926],[-173.98424864,66.41836774],[-174.38151312,66.33813965],[-174.95662665,66.65877342],[-174.75667787,66.88712716],[-174.90724075,67.09614694],[-174.81594896,67.38397706],[-175.32822824,67.33704674],[-175.18462241,67.42722702],[-175.29558194,67.6068145],[-175.82189548,67.81047428],[-176.00988781,67.73068976],[-175.36716151,67.46956956],[-176.08797145,67.28549242],[-175.40516806,67.40548742],[-176.76319444,67.72898841],[-177.24578011,67.36230755],[-176.88610935,67.50222504],[-176.8425858,67.69039965],[-177.0831809,67.70333385],[-175.86520791,67.81895554],[-176.96217406,67.97788477],[-176.77565002,67.98200321],[-177.22432685,68.19122183],[-177.51167452,68.19696701],[-177.58550525,67.89342547],[-178.67963707,67.69917357],[-178.76947987,67.27293634],[-178.72625506,67.66960323],[-179.44728994,67.74262416],[-178.7117058,67.66755354],[-177.83079052,67.85091305],[-177.57250833,67.92551374],[-177.6098206,68.2667011],[-178.02838564,68.24502254],[-177.99923933,68.40582025],[-178.34330416,68.47855282],[-178.47652996,68.37105274],[-178.34877706,68.47816253],[-178.71906185,68.53365314],[-178.80615008,68.73585558],[-180,68.97671163],[-180,70.97593629],[-179.18591833,70.89374542],[-179.43457544,70.87451935],[-177.48651052,71.15292418],[-178.51235378,71.55391753],[-179.99920702,71.53189898],[-180,74.91843149],[-175.30819593,74.74710143]]],[[[30.12773287,69.67036402],[30.14232635,69.65766537],[30.13794506,69.64826393],[30.12773287,69.67036402]]],[[[47.57367635,43.68248163],[47.57304312,43.68166755],[47.57339692,43.68230295],[47.57367635,43.68248163]]],[[[47.68621051,43.8586297],[46.73920226,44.49928308],[47.16962075,44.72029436],[47.63111556,45.64636064],[47.77023387,45.36526084],[47.66717684,45.703125],[47.88241518,45.36397874],[48.02889502,45.38966751],[48.00944412,45.70265162],[48.21205544,45.34498],[48.32430828,45.41156852],[48.11550772,45.59656358],[48.79105115,45.63817883],[48.74677074,45.92225254],[48.87479365,45.74746311],[48.98617625,45.96540153],[48.86115301,46.02018142],[49.04296875,45.89702463],[49.19623494,46.34039986],[50.01666667,45.985],[49.175,45.09833333],[49.13333333,44.42333333],[49.6,44.33333333],[49.6,44.06666667],[49,44.06666667],[49,43.32],[49.335,43.28333333],[50,42.75],[49.88833333,42.56],[48.59387135,41.84196511],[48.39128673,41.93261552],[47.46494424,43.02610695],[47.68621051,43.8586297]]],[[[48.25634086,45.71771622],[48.25780698,45.71565752],[48.25511599,45.71926265],[48.25634086,45.71771622]]],[[[48.22312534,45.76164937],[48.25511599,45.71926265],[48.21205664,45.76285565],[48.22312534,45.76164937]]],[[[49.47806605,46.20548859],[49.46191573,46.21109498],[49.46103052,46.2127287],[49.47806605,46.20548859]]],[[[49.44489276,46.21892965],[49.44187395,46.22087024],[49.45929383,46.21346679],[49.44489276,46.21892965]]],[[[180,59.78797671],[178.57192765,58.95821821],[177.40856282,58.80305577],[174.27375304,57.30284613],[172.47565186,56.79908792],[173.39872532,55.88350908],[170.30861111,53.72833333],[167.46159964,51.20244488],[164.92036025,51.51942464],[159.29293195,47.77796713],[155.2989979,44.47747666],[151.51098912,42.5576921],[151.0302287,42.41777218],[149.18466394,45.41853458],[148.92172538,46.1324821],[147.75109343,47.73081184],[146.2591775,46.98582869],[145.73912622,46.03267912],[144.38496625,45.19652132],[143.60478231,45.25765768],[142.80318074,45.67066145],[139.71374745,46.09947626],[139.01619303,44.58593453],[137.59082667,43.19536187],[135.86145203,40.56138306],[133.74579162,39.72668659],[133.1800451,39.83969112],[131.14986915,41.33797535],[130.88333333,42.15],[130.645508,42.34359032],[130.79251862,42.47373521],[130.65867174,42.63925982],[131.22146225,42.57151353],[131.75526822,43.34788883],[132.05910516,43.32953465],[131.85352838,43.09010506],[132.32252967,43.31228864],[132.29089654,42.8782829],[132.77599061,42.90865338],[132.80650973,42.75836372],[133.03062165,42.88654971],[133.07510555,42.75051725],[133.87432778,42.90933335],[135.14817107,43.51355135],[135.87966895,44.41023874],[138.06064558,46.19393754],[139.27784145,47.81598604],[140.16316223,48.43943322],[140.39007366,48.9742949],[140.20655882,48.95344043],[140.54667306,49.56928694],[140.39918745,49.87333703],[140.68757045,50.08939326],[140.51885724,50.13891304],[140.42975283,50.71776795],[140.68134332,51.33069694],[140.85966516,51.37059104],[140.72989571,51.46431446],[141.54179442,52.15187216],[141.12749326,52.39652705],[141.28383064,52.65775168],[140.92952395,53.03443337],[139.88081896,53.20389998],[139.73105538,52.94465196],[140.09744406,52.88947153],[140.13104284,52.62818277],[140.44691873,52.41256344],[140.35599804,52.0369699],[140.63199878,51.87598002],[140.16994834,51.73893237],[140.6576426,51.68336928],[138.92566454,51.38557065],[138.19369626,50.95043194],[140.20083332,51.83579564],[140.41675556,52.34838963],[140.30734396,52.56212473],[139.77888823,52.91806531],[139.13530493,52.95484734],[139.65190935,52.91688216],[139.85937452,53.24455941],[140.22245646,53.2396301],[139.65789223,53.38000357],[139.6809864,53.52197182],[139.95381415,53.51256323],[139.9103862,53.29052198],[141.14652467,52.99110091],[141.40568995,53.28495121],[139.79829597,54.19927847],[138.70101821,54.29907715],[138.75897813,53.96484375],[138.43733752,53.51976454],[138.23154426,53.50071812],[138.58188665,53.99412012],[137.93502772,53.57636166],[137.16265905,53.57223737],[137.80928111,53.91037262],[137.29077971,54.05135775],[137.73590064,54.31959665],[137.26437616,54.24403107],[137.08430088,54.13042343],[137.30378783,54.02687681],[137.1780163,53.83342755],[136.7578125,53.74944186],[136.87706757,54.56582856],[135.75302935,54.56424105],[135.17547405,54.84053993],[138.21605015,56.42769897],[138.11258864,56.57794011],[138.63048315,56.96703112],[140.48799014,57.84098935],[140.79579687,58.31438994],[142.27491987,59.12750566],[143.05953956,59.32574987],[142.83714735,59.58482325],[143.09000933,59.33516145],[144.90815616,59.37316835],[144.6479485,59.78050005],[144.75697923,59.92352223],[144.64295173,59.80709505],[144.95255435,59.37022722],[145.91988587,59.42169654],[145.82894194,59.24169564],[145.98943806,59.1815809],[146.51150084,59.46558917],[147.50671411,59.24115241],[148.20409286,59.40879285],[148.93988705,59.23828125],[148.96220481,59.37564957],[148.74999785,59.35764372],[148.85376644,59.54359865],[149.20680535,59.45933545],[148.73644507,59.765625],[149.10287571,59.63999367],[149.65392911,59.75555074],[150.77911997,59.55385494],[150.50308585,59.48633874],[151.34846365,59.55591655],[152.32042313,59.22963774],[151.22505295,59.08791137],[151.37527478,58.83977663],[152.39680755,59.00911081],[152.90558386,58.90629101],[153.37215698,59.24928832],[153.78528035,59.24615371],[153.94271851,59.06908226],[155.17072666,59.17581594],[154.97110665,59.49632132],[154.13218546,59.45496643],[154.22864938,59.66423297],[154.35246861,59.58984375],[154.21249545,59.87979591],[154.46619582,59.88207603],[154.87165165,60.31642616],[156.55945003,61.20939445],[156.70181847,61.52762282],[157.4405725,61.77361262],[159.15166807,61.92105424],[159.70264995,61.68556237],[160.36674774,61.93833721],[160.25795853,61.53995764],[159.81804562,61.28990555],[160,61.11583626],[159.81016397,60.93932545],[160.43998992,61.03735924],[160.19678748,60.82374072],[160.36648154,60.66554666],[162.41032863,61.66514921],[163.23238814,61.61137426],[163.34222055,61.70163047],[162.96616495,61.80932224],[163.25910687,62.32046056],[162.78350163,62.47231781],[164.38729107,62.69401145],[166.21135986,62.42879474],[167.15234125,62.82384586],[166.19358015,62.42190444],[164.23246026,62.31020594],[164.05850935,61.68304014],[163.75688565,61.47389293],[164.02945507,61.35321665],[163.49882746,61.01486075],[163.70505691,60.92574108],[162.20576584,60.52788615],[161.8322916,60.15257335],[160.48842382,59.5486567],[159.09599614,58.43816078],[158.21888006,58.03017914],[158.5497812,57.83838153],[157.75867808,58.01740611],[156.78776026,57.73448551],[156.97814655,57.69323635],[157.00326324,57.45970953],[156.72375405,57.09779418],[156.95935571,56.89043665],[156.65158594,57.03842664],[156.23535681,56.85970044],[156.09016454,56.57351792],[156.05117047,56.72928035],[156.17143261,56.82730913],[155.74824286,56.15271473],[155.85670781,56.07421875],[155.65061474,55.96744311],[155.55405605,55.33887506],[156.14427197,52.85249448],[156.32478285,52.49987042],[156.20281792,52.78223824],[156.46844268,52.52922356],[156.31653965,52.53328824],[156.48854053,51.94400787],[156.63658464,52.18808734],[156.48231077,52.14060187],[156.48561418,51.52455544],[156.75958884,51.07474911],[156.65794182,50.88490665],[157.89038301,51.62391496],[158.54988766,52.29086673],[158.39045191,52.65136933],[158.54044461,52.62265456],[158.64108503,52.89644778],[158.42572367,52.91256535],[158.38098037,53.13730836],[158.70405757,52.96369326],[159.84118211,53.27406526],[160.01642466,53.09707284],[159.91435611,53.67014015],[159.31501484,53.71198201],[159.85323358,53.67399538],[159.99836326,54.16021752],[160.64540815,54.4921875],[161.70028007,54.50487053],[162.13467348,54.75086951],[161.57565153,55.40226305],[161.73764086,55.39920533],[162.08281457,56.08635604],[162.47464156,56.21295094],[161.37354708,56.31680763],[162.51968217,56.22476065],[162.44268048,56.33824563],[163.01579642,56.5396924],[162.50202966,56.21286166],[163.02284455,56.00537145],[163.33924186,56.17796326],[163.23436344,56.73925686],[162.88262606,56.69436216],[162.74646175,57.23871231],[162.36857903,57.36140013],[162.73311365,57.33603406],[163.28784001,57.73887122],[162.58304703,57.93655646],[162.34713054,57.66268706],[162.41646957,57.76606274],[161.83875287,58.16077817],[161.98564756,58.07877314],[162.60609508,58.77117431],[162.47204685,58.71183395],[163.0649991,58.97948837],[162.90974557,59.10587537],[163.23552406,59.08335841],[163.08853006,59.18307495],[163.34152555,59.27755666],[163.11834657,59.48512387],[163.82784641,59.98800206],[163.64217174,60.01326084],[164.20277715,59.99226844],[164.06573975,59.89770556],[164.20288563,59.85209095],[164.47569037,60.10289311],[164.83685362,59.78215516],[165.67971468,60.38816094],[165.45384896,60.27324402],[166.27228415,60.47039461],[166.38755333,60.40858555],[166.09034073,59.80397093],[166.27318656,59.81185997],[167.11526871,60.40827107],[169.34837413,60.60290885],[169.82553327,60.46464443],[169.64264774,60.45393252],[170.31526613,59.92758751],[170.68634057,60.30876565],[172.48369086,61.05010247],[172.24970901,61.1256839],[172.44506443,61.13164747],[172.34443641,61.22215617],[172.96875,61.28376114],[172.68919992,61.41901982],[173.49399257,61.54289377],[173.38609684,61.80957282],[173.85654664,61.65940726],[174.1309247,61.77291656],[173.96673918,61.87956393],[174.5831362,61.82077825],[175.26619875,62.15797186],[177.00955665,62.52430463],[179.18353116,62.31966305],[179.13724601,62.45578623],[179.59742355,62.62646985],[179.31820703,63.04233754],[179.46248913,63.05463242],[178.85239875,63.48428595],[178.65594983,64.01718414],[177.85656953,63.81379056],[178.64623106,64.01812816],[178.23551273,64.43213522],[178.14153051,64.23891377],[178.32345986,64.15467346],[178.17613804,64.09527922],[178.31760526,64.14009976],[177.49157357,64.39349937],[177.49948466,64.63020957],[177.09454215,64.70600486],[176.74754536,64.52883172],[176.52226996,64.66962111],[176.04144847,64.40504718],[176.36320055,64.31509805],[176.24561572,64.22709775],[176.00331974,64.34953678],[176.43949628,64.68507433],[176.02459383,64.89101422],[174.26612926,64.39822113],[174.15600133,64.46231866],[174.45096886,64.54593635],[174.35174465,64.69285786],[173.85315287,64.73638225],[174.17568612,64.74157774],[173.58032215,65.01888478],[173.70703804,65.26452136],[173.29433345,65.50017166],[171.47773612,64.83865893],[172.97248256,65.46639776],[173.40357232,65.48704362],[173.73761976,65.25004387],[173.58346283,65.08190632],[174.5478965,64.65603805],[175.73907685,64.75255895],[176.05430937,64.93747234],[177.3352257,64.80449092],[177.01073301,65.02720416],[176.43590808,65.03575921],[176.65475023,65.18533802],[176.41414356,65.06592822],[177.57678866,64.92964995],[177.67282557,64.71592414],[178.83110201,64.6596992],[178.51738322,64.58311331],[179.98400486,65.03212261],[180,59.78797671]]],[[[179.40016663,69.22940314],[179.86617315,69.02942383],[178.72265601,69.27899694],[179.39316046,69.23221993],[178.7607553,69.40499771],[176.10642576,69.87644935],[174.08034253,69.87695694],[174.07031381,69.73433662],[173.46730292,69.93371451],[173.18975496,69.87318134],[173.49624312,69.80344451],[173.1843332,69.76800394],[170.46024704,70.11836672],[170.61642766,69.76326907],[170.15327871,69.60641324],[170.64081526,69.56989062],[170.88918447,69.16493082],[171.25084555,69.00067091],[170.64572096,68.92495358],[170.97889698,68.69779265],[169.46489501,68.80942225],[169.42280936,69.01291656],[168.34925377,69.20597982],[168.28423285,69.53836775],[167.92389333,69.76850295],[167.22152245,69.55756915],[167.29674625,69.42678344],[164.14044774,69.73960304],[162.38189924,69.67234886],[161.47817814,69.35143125],[161.66528535,68.88996756],[161.31880236,68.74713016],[161.66137731,68.62838006],[161.43420625,68.74048388],[161.13017178,68.51789713],[160.50294185,68.46768367],[158.60647225,68.69444013],[158.78290355,68.49701905],[158.51495326,68.10804927],[158.71473503,68.37073815],[158.54619133,68.69537616],[157.97420907,68.60529995],[158.05423856,68.45331705],[157.48703456,68.01851833],[156.87412012,68.00009286],[157.6676352,68.11373556],[157.45475102,68.31193876],[158.00938511,68.44378006],[157.88680625,68.67505717],[158.44817245,68.81316388],[158.21470904,68.87171602],[160.74650514,68.60896575],[161.23770416,68.66121936],[161.40555656,68.90477192],[160.97447932,69.07776713],[161.09132361,69.15816212],[160.93175197,69.61103427],[160.41908932,69.66430271],[160.96366811,69.23616445],[159.85479534,69.77357817],[159.13608706,69.54344344],[159.70182896,69.65559661],[159.81030047,69.78447795],[159.609375,69.85184145],[159.76719463,69.80527556],[159.93726671,70.0650109],[159.10088503,69.98078072],[160.09216452,70.2434839],[159.58198905,70.69201326],[158.62693048,70.92733693],[158.13650846,70.81382275],[158.07099712,70.60925472],[158.11368835,70.80474651],[158.56884646,70.93021596],[156.61745846,71.06487978],[156.72264171,70.72311914],[156.57080865,70.96498311],[155.95068967,71.07279408],[152.52131832,70.73577166],[151.67650676,70.96700335],[151.08659244,70.94748485],[151.10807264,70.79967225],[149.62833965,70.92933857],[147.87262023,70.60760534],[147.29682183,70.21787608],[147.60479116,70.01146412],[147.38245225,69.65210891],[147.86570537,69.53685975],[147.62574887,69.56870568],[147.45526075,69.12567985],[147.59712744,68.88857031],[147.08918667,68.77851558],[147.12238264,68.60228336],[146.03965855,68.50760567],[145.86602426,68.40001047],[146.13949156,68.25016844],[145.34817111,68.19341016],[145.19645452,68.07503664],[145.35689354,68.03760564],[144.49342012,67.78730965],[144.76946592,67.69100535],[142.59315145,67.45276976],[142.87485373,66.65262616],[143.41395032,66.29761934],[143.15642774,66.42979884],[143.19030905,66.00358427],[142.60467327,65.5380125],[143.28155518,65.36984074],[143.10659754,65.14907396],[143.44832444,64.80764365],[143.25946665,64.60637891],[143.53060031,64.55154085],[142.79252577,64.41549206],[143.44452143,64.81224656],[143.04034591,65.09329736],[143.28469014,65.33510041],[142.59123683,65.53586006],[143.25430703,66.18231368],[142.59262204,67.06138563],[142.62296426,67.33173382],[142.49288654,67.30092216],[143.10833395,67.57474947],[144.73607504,67.63507926],[144.54266334,67.71725583],[144.93322301,67.86144686],[144.51904476,67.94870603],[144.94326985,67.84235311],[145.34411848,68.02311862],[145.14963257,68.06526065],[145.69728565,68.17166603],[145.60941076,68.25994384],[146.02769494,68.29751945],[145.26294887,68.6032809],[142.80872416,68.45355594],[144.98459911,68.65241194],[145.92184544,68.41660535],[146.25643611,68.57701623],[147.03777897,68.52780747],[147.18486536,68.82331622],[147.55984175,68.86615086],[147.47625232,69.24237215],[147.26185501,69.18790817],[147.6608963,69.40472424],[147.37056041,69.66088486],[147.55552423,70.00571716],[147.27588344,70.21126294],[147.36572945,70.43127418],[146.73806965,70.25719106],[148.14615965,70.63484156],[147.50408924,70.82558584],[148.21291006,70.73465586],[149.30899227,71.08642852],[149.42210662,71.32717621],[150.02095008,71.52681804],[149.98480904,71.65367198],[149.02999771,71.64385736],[149.25107217,71.47109187],[148.91466367,71.68318987],[148.48312914,71.4495728],[149.00810885,71.69026244],[148.78826845,71.84342205],[150.08496916,71.82336164],[149.93076074,72.02198815],[148.3817811,72.31970274],[147.14622974,72.30517566],[145.38906336,71.6536715],[145.18207335,71.43100476],[145.32309175,71.37329805],[145.19689632,71.42302096],[145.40840912,71.60382283],[145.30651951,71.67842495],[144.62804115,71.59865403],[144.73353422,71.53701425],[144.37710333,71.21017528],[144.52240407,71.16616297],[144.40244913,71.34524334],[145.22756422,71.84114087],[144.94648182,71.99377882],[145.8257004,71.93052447],[145.68185985,72.02979994],[145.78229678,72.15937543],[145.50037515,72.23355818],[146.21776736,72.17644608],[145.98156631,71.86238146],[146.953125,72.29715395],[144.03505301,72.20391655],[144.18549657,72.18038476],[144.03818154,72.20766628],[145,72.42900515],[146.89626765,72.33773196],[140.72976446,72.87495768],[141.15413785,72.65005016],[140.46392584,72.46827126],[139.96619511,72.6007899],[139.39612877,72.40942681],[140.02945244,72.34957993],[139.15021574,72.25954032],[139.37452352,72.11723483],[140.34561956,72.18444502],[139.46618176,71.96383035],[139.98563874,71.85848022],[139.72383082,71.84712815],[139.80166674,71.61370635],[140.23864841,71.45857537],[139.18389022,71.42101026],[138.97921407,71.68939316],[138.20566225,71.62452185],[137.93537176,71.3837558],[138.47085142,71.30956233],[138.03429937,71.30167115],[138.38642454,71.20351505],[137.87651861,71.26571834],[138.29389644,71.07169378],[138.14679015,70.99123216],[138.27351987,71.03030872],[137.52464128,71.15243375],[137.75958252,71.20772707],[136.79436505,71.52296054],[136.68101716,71.30458045],[136.35953546,71.3299396],[136.62394571,71.5135591],[136.27682114,71.47457981],[135.98284161,71.13153696],[136.42110395,71.08563662],[136.22911048,71.06399477],[136.44107044,70.94037545],[137.13713276,71.15957844],[136.26018894,70.87368166],[136.72985566,70.81128395],[134.78984737,70.56998205],[134.96613085,70.32346082],[135.22836804,70.35198951],[135.11949718,70.25470865],[135.38941348,70.10294235],[135.29549587,70.01300502],[135.61840355,69.97116065],[135.26692402,69.89754915],[134.4888916,69.27030075],[134.42389417,68.88768995],[134.87048626,68.45472431],[134.66380584,67.81728935],[134.65858197,68.12407613],[134.91893268,68.38284194],[134.53786194,68.6921792],[132.88845217,68.63996935],[132.64487803,68.48899293],[132.89969647,68.64362204],[134.34504282,68.68624091],[134.48880756,69.32586062],[135.24695015,69.89824021],[135.50401211,69.88786566],[134.75794065,70.53913796],[136.44086575,70.91936386],[135.8586204,71.12502944],[135.90656066,71.25172377],[133.63270974,71.44373655],[132.75941777,71.78555834],[133.01303816,71.94838965],[133.33687615,71.85688162],[133.10849607,71.96841371],[132.64660895,71.91647923],[131.99697554,71.27273846],[133.49245298,70.84579551],[133.5101608,70.70636785],[132.96511841,70.41453433],[132.91033876,70.13671875],[132.42306554,69.76323116],[132.94392967,70.17733777],[132.93557525,70.43850911],[133.49326742,70.72167146],[132.04156077,71.22280896],[131.86370075,71.17037201],[132.46316445,71.07266521],[131.78166735,71.11388826],[131.52220488,70.81204951],[131.66288054,70.81177771],[131.07770717,70.70064294],[130.83925748,70.95921075],[130.58325434,70.85191751],[130.12158275,71.07265055],[129.6527158,70.81816602],[129.99847424,71.07758427],[129.71723354,71.07099175],[129.76890588,71.19763994],[129.24059045,71.59966326],[128.91283393,71.57759905],[129.58674276,71.70627546],[129.12604117,72.00235307],[129.26009166,71.80396831],[128.97022855,71.71516037],[127.94836295,72.23381686],[126.74532366,72.39916682],[126.96801603,72.06264234],[127.55461431,71.83017397],[127.21142721,71.77833235],[127.40242755,71.78877735],[127.31871557,71.24463463],[127.65971363,70.82641125],[127.10573804,70.52490795],[125.8438971,70.43428385],[126.35188794,70.40789413],[125.93185616,70.35851872],[126.24771535,70.28202724],[126.06849635,70.08602691],[125.21734285,69.89307272],[125.33977616,69.83785367],[124.86241245,69.43069065],[124.12171078,69.06253564],[124.00624836,68.74634695],[124.87941146,69.07264078],[126.53624892,68.71140182],[124.66849864,69.10237718],[123.99699426,68.71536148],[124.02759063,68.36091745],[123.35070372,68.08226848],[123.75343204,68.03176928],[123.6920706,67.9084661],[124.11854994,67.66572011],[123.70458782,67.97910142],[123.23393321,67.99664557],[123.16134334,67.38196206],[124.00023973,66.70450926],[123.64483595,66.76585686],[123.93187368,66.31346846],[124.78742313,66.14186406],[124.99297643,65.89001763],[126.06454396,65.90656126],[126.61399508,66.11109364],[126.04499471,65.89958203],[125.00204372,65.89398646],[124.25515318,66.28327394],[123.98720002,66.24685633],[124.62002778,65.18041527],[125.04367554,64.99142992],[126.09972155,65.27323127],[125.04784632,65.03501725],[125.63899291,64.62345242],[127.97307777,63.76666951],[127.02737033,64.01669061],[127.11441076,63.87737083],[126.4288975,64.35866666],[125.82376003,63.92214787],[123.70200181,64.08816957],[122.09794307,63.87084424],[123.74497044,64.09007227],[125.28444207,63.86436784],[126.35407972,64.17408311],[126.37295067,64.3338449],[125.32792175,64.56971073],[125.51620185,64.45740032],[124.36849904,65.08197916],[124.14337432,65.3793112],[124.17541444,65.80147254],[123.7209928,66.05249774],[123.24636531,67.20465946],[122.84448683,67.46781242],[123.04182875,67.79890525],[122.24531114,68.05187714],[122.92356122,67.92547274],[122.73496306,68.11870563],[123.10428822,68.02734375],[123.81468511,68.38211155],[124.03830004,69.02757406],[124.73456562,69.49037945],[124.16391945,69.34661734],[124.41703224,69.51200485],[124.02192056,69.71004367],[124.82282901,69.60188234],[125.05623448,69.88094115],[124.64959145,69.76486444],[124.67201161,69.64009011],[124.86681426,69.85813916],[125.96235764,70.14009392],[125.75179923,70.37441874],[125.89701712,70.49873304],[127.01960874,70.54804265],[127.61113024,70.7922492],[127.26209545,70.78994966],[127.56050384,71.02210546],[127.32050216,71.13189077],[127.06075406,71.90069234],[124.22828162,72.71439075],[119.82128096,73.00520611],[121.63269413,72.78510237],[123.79288435,72.04411864],[123.67390215,71.92397475],[123.82988906,71.75270855],[122.58793867,71.28613281],[122.30643988,70.81262541],[122.59749866,70.65974462],[120.36667538,70.47216487],[120.00118852,70.52016067],[122.47366965,70.5756433],[122.58076286,70.64051151],[122.31967986,70.69734764],[122.32014942,70.98066187],[122.50495422,71.19140625],[123.81665754,71.75372255],[123.09935307,71.74150205],[123.68050087,71.78321195],[123.58728516,71.89210403],[123.75913751,72.03522754],[121.62281525,72.77523613],[120.237607,72.91487002],[119.46445012,72.70539045],[119.63072002,72.36502516],[119.5568341,72.72915602],[119.91954446,72.93089926],[118.42577362,73.21642971],[118.56013703,73.46959412],[119.00426364,73.47153544],[118.61205983,73.56298602],[115.60141885,73.71339524],[113.52894044,73.5080235],[114.77296293,73.17827761],[115.01573646,72.94562805],[115.7762835,72.89392233],[113.80696237,73.32865345],[113.58227837,73.23241806],[113.85547996,73.06573796],[113.57526302,73.17128193],[113.19481671,72.83111668],[114.23521996,72.53786993],[113.59515011,72.62197745],[113.17816663,72.82880223],[113.60319126,73.11901248],[113.1038388,73.26697063],[113.58453786,73.31424177],[113.03320551,73.46797407],[113.46080124,73.62486613],[112.86805415,73.9868381],[112.99773526,73.8038218],[112.29397416,73.70359623],[111.22019208,73.94367564],[111.60110343,74.01348436],[110,74.00129616],[109.54972887,73.81718338],[109.65823185,73.67878032],[111.04266775,73.67909944],[109.8988502,73.45328891],[109.21777272,73.55183518],[109.36082995,73.48534167],[107.78206766,73.15352416],[106.36368334,73.18744636],[106.23427236,72.96827555],[108.97130275,72.50783443],[109.83667874,72.52792406],[110.65314317,72.25130606],[106.06249154,72.94473827],[103.88905537,72.39962292],[104.29639494,72.29777396],[103.38913524,72.41216814],[102.13993394,71.93338954],[102.60350347,71.62378252],[103.26803756,71.49840927],[102.37130272,71.10291827],[103.77398491,70.58984351],[103.43998158,70.61426616],[103.3132081,70.4887104],[103.49341917,70.44235957],[103.30468321,70.40034771],[103.75527406,70.23164737],[102.85568571,69.83545744],[103.74087143,69.28171277],[102.87701654,69.77107716],[103.08499122,70.05655277],[103.75197852,70.22598255],[103.31558895,70.38049626],[103.45264864,70.57998741],[102.29823411,71.06299973],[103.25522554,71.47826016],[101.99301743,71.87592936],[99.47797167,71.52767527],[99.50544655,71.3599627],[99.99945915,71.16979635],[99.49326015,71.30733836],[98.86326277,71.12592685],[98.08856762,71.18617165],[98.43087566,71.03943992],[98.08179927,71.10951066],[98.10940826,70.97772563],[97.34540427,70.61741221],[97.49450994,70.62057817],[97.57185256,70.72587764],[97.32848334,70.83012497],[94.54149604,70.96620941],[94.07981336,70.76273537],[95.90547144,70.55734563],[95.81208682,70.40112364],[95.96687353,70.31955302],[95.79337657,70.23177421],[97.18664825,69.65717232],[96.61416304,69.89990783],[95.96698713,69.85215974],[96.21279156,69.94554031],[95.84644675,70.11668372],[93.65761113,69.77849555],[94.72742414,69.86671352],[95.95037985,70.31684434],[95.91050375,70.50608134],[95.30285954,70.55972421],[95.45139396,70.62260532],[94.06235945,70.72433031],[94.41420877,70.94070864],[94.27570856,70.93202114],[95.33676124,70.90000713],[96.56382406,71.13734245],[95.40348315,70.86725116],[97.80155921,70.80056906],[98.10752785,70.93964553],[98.09953582,71.19599664],[99.19859028,71.18705714],[99.48136353,71.34573305],[99.40964675,71.51185823],[101.91203761,71.86342776],[103.09043098,72.29072166],[101.06691182,72.63032985],[103.02334654,72.34645486],[105.72152054,72.88195956],[106.12999976,73.27332914],[107.19205797,73.52960014],[105.78685653,73.65901065],[103.43955207,73.43760455],[102.35294271,73.58150315],[104.357234,73.43155217],[105.63899636,73.65259826],[107.01185966,73.63023496],[105.81550097,73.82025397],[106.34874284,73.79140151],[106.19486082,73.85511291],[107.16673613,73.60856831],[108.17301321,73.6602478],[109.92545605,74.31786036],[108.55747974,74.38415146],[108.984375,74.25809145],[110.42567194,74.43999875],[109.45051992,74.64100873],[109.19002545,74.81420362],[109.42605734,74.88146377],[109.25013673,74.96566105],[109.36376917,75.11798441],[109.82343256,75.22722244],[109.26530087,75.04260421],[109.7309159,74.54806435],[111.80432916,74.64952242],[113.67270684,75.29976106],[112.91141224,75.34228253],[113.74066424,75.40765834],[113.33002257,75.64353514],[112.79811931,75.54754305],[112.70619225,75.69496894],[112.88432825,75.69543743],[112.10716951,75.92142677],[113.55025864,75.53707993],[113.88810468,75.76171875],[113.87853432,75.92675841],[113.47807825,75.8417052],[113.61846471,75.85799372],[113.40448105,76.19991267],[112.95147073,76.23598123],[113.35045135,76.12770081],[112.68859386,76.04948604],[112.88837183,76.09016561],[112.54266334,76.18820071],[112.78944278,76.30757773],[111.97530735,76.34803855],[112.24424255,76.44369078],[111.26595926,76.68690884],[110.35183895,76.40940464],[111.17961443,76.65975475],[108.28064501,76.69255078],[108.46286964,76.53075385],[108.00882793,76.73332977],[108.19639695,76.67050064],[106.51694643,76.49468195],[106.40724766,76.57792997],[107.52031875,76.91118062],[105.36407495,76.99969435],[105.96325636,77.12999201],[104.12496388,77.07659972],[104.56668675,76.85791421],[104.05337942,76.99756265],[105.82694256,77.34072936],[105.23238075,77.31438077],[106.29226613,77.36127925],[104.09775364,77.71609426],[102.09382641,77.34026682],[100.94468462,76.86243391],[101.55714548,76.64243281],[101.18812907,76.67786777],[100.98216295,76.53005946],[101.12480664,76.48376524],[102.66598725,76.39265871],[102.28258467,76.34724951],[102.57831013,76.29250026],[103.65997708,76.405864],[102.58381546,76.28984058],[98.88371313,76.48321152],[100.16426826,75.94558334],[99.29614902,75.74718022],[99.16779602,75.53447998],[99.97497773,75.41682994],[99.78342104,75.41598511],[100.64998055,75.03566945],[100.43450344,74.88769531],[101.38585854,74.60692275],[104.48934674,74.87591755],[103.8486104,74.92840648],[104.22179604,75.14141405],[104.96069396,74.8911134],[106.54556382,74.81581354],[106.39911091,75.00932121],[106.53694737,75.04981065],[105.70224822,75.29402101],[106.56706083,74.96671712],[107.51666546,75.17124021],[107.23306632,75.29790103],[107.53695345,75.28642917],[106.7480911,75.05996585],[107.16270924,75.02679551],[106.6932584,75.05264461],[106.54510462,74.88792443],[106.66197491,74.74383342],[104.77249253,74.79229486],[102.746737,74.54219341],[103.99966335,74.20724595],[103.85022152,74.20063365],[104.06433165,74.13247514],[103.93859303,74.05588186],[104.05578101,74.12097371],[102.53817713,74.53149438],[102.02295852,74.52764595],[102.24112332,74.22805917],[101.98553216,74.19924831],[101.34983075,74.4918524],[100.60908544,74.41477907],[101.21984541,74.39160311],[101.10500467,74.34070671],[101.62978983,73.85614681],[100.97606921,73.85019994],[101.25192142,74.02029812],[100.39619446,74.33860302],[98.21767747,74.15144086],[97.63239002,73.93919015],[97.56400096,74.04101324],[98.29505634,74.17227375],[99.41406906,74.14330411],[99.71581602,74.30733812],[99.16757226,74.41125655],[100.09901595,74.36144471],[100.61274648,74.61820078],[100.17486382,74.86852157],[100.5852555,74.94070065],[99.26392818,75.51624966],[98.58835316,75.33599055],[96.70427156,75.33180118],[99.10601854,75.37696445],[99.27364624,75.41459191],[99.11220431,75.74557996],[99.86188054,76.01886737],[98.96191525,76.2197113],[96.36169493,75.84711635],[96.68958855,75.95739412],[96.42740154,76.0088253],[95.76357472,75.76485002],[95.62558115,75.86889625],[96.2562263,76.08375537],[93.17850125,76.09611511],[93.32682502,76.08315456],[92.83933532,75.96570158],[94.19515038,75.93292606],[89.23001266,75.48493397],[88.72235525,75.39280665],[89.38733006,75.3120507],[88.91106594,75.39956641],[87.92106044,75.10632765],[88.09227121,75.09621632],[86.97818506,75.12779021],[87.81462467,75.01501703],[87.19205892,74.98229826],[87.39019501,74.94471622],[86.70904696,74.61245143],[85.89982307,74.85025454],[86.1603111,74.78065717],[85.84935081,74.71887016],[86.77210307,74.5626688],[86.58074653,74.51483226],[87.57169604,74.45709038],[86.98114061,74.28078985],[85.92052925,74.37490022],[86.8821907,74.10976708],[87.5694108,74.13329637],[87.30302966,74.06622231],[87.69167637,74.05902301],[87.49161935,74.05465806],[87.84986067,73.82128882],[87.73075592,73.75293887],[87.89887357,73.61520398],[87.48221481,73.75289404],[85.88691735,73.46973836],[86.82004452,72.95664954],[91.05022585,73.27821207],[91.30320215,73.35957432],[91.17035592,73.39524615],[91.36439276,73.48483717],[91.02764571,73.53373384],[91.28321314,73.63705635],[90.72808635,73.77147913],[91.38745356,73.87088811],[90.8537606,73.80197751],[91.18796897,73.76180863],[91.29513812,73.6413933],[91.03799653,73.54721534],[91.36887264,73.49071336],[90.84256422,73.25875914],[91.99947882,72.5064311],[91.35839403,72.81961524],[91.34772634,72.66825652],[91.58425355,72.62787056],[91.44954085,72.48663664],[90.97407162,72.53697217],[91.10771191,72.460482],[90.56541264,72.35237014],[90.02841091,71.74580324],[90.10348403,72.02015984],[91.09557772,72.44265115],[90.92846978,72.48515511],[91.43788421,72.54380167],[91.12994587,72.66278505],[91.22977054,72.81373727],[91.03264463,73.18424726],[88.58821237,73.19943571],[88.26983595,73.01467526],[89.44598997,72.66595876],[89.20796835,72.64623404],[88.30117774,72.97767854],[85.75843573,72.97633457],[85.42306376,72.82175708],[85.88465858,72.38272965],[85.45677435,72.13811696],[85.55224383,72.23832214],[85.20872104,72.28918803],[85.85988855,72.32798552],[85.38231063,72.83535182],[86.75975764,72.97215176],[85.66936064,73.45608413],[87.08187282,73.79896748],[80.53267574,73.55495763],[80.70048198,73.50089855],[80.4047271,73.34408176],[81.03124976,73.16168594],[80.34070265,73.17582345],[80.89834166,72.90220833],[80.69176042,72.70395517],[80.91765344,72.61411774],[80.87400484,72.43927062],[82.20751762,72.26204443],[82.64940906,72.37421656],[82.25189292,72.28013694],[82.265625,72.10909593],[82.71063435,71.87161064],[83.63037157,71.78260458],[83.17049396,71.24331915],[83.81304932,70.51927996],[83.57325876,70.34529543],[83.79907095,70.30326748],[82.99858952,70.31102717],[83.16534173,70.15983522],[84.09196281,69.70873296],[85.49129307,69.77716064],[86.68554676,69.25248146],[86.16445434,69.39778435],[85.8996793,69.20169544],[86.14354825,69.09779191],[85.95345426,68.80525994],[86.33664894,68.65878964],[86.5485779,68.11918116],[87.77750003,68.08784854],[86.56130075,68.10967362],[86.46717131,67.95077956],[86.61481595,67.86412764],[86.27074301,67.64469397],[86.69761014,67.43065381],[86.77054691,66.796875],[86.30532193,66.59943271],[87.43345034,66.55428457],[87.23666942,66.48568726],[86.20934165,66.57353985],[86.72519565,66.80465257],[86.56212831,67.41149032],[86.21450341,67.63881135],[86.54931724,67.86958826],[86.31647384,68.02254093],[86.58479464,68.24459136],[85.8519994,68.82592785],[86.03356683,69.02691627],[85.69473481,69.23342252],[85.98365855,69.35572636],[85.02093005,69.75501525],[84.48923874,69.58978724],[84.82958055,69.3713243],[84.55313504,69.31620371],[84.76263917,69.32396924],[84.25912976,69.55143046],[84.45001221,69.40836132],[83.77241111,69.05437923],[83.99720025,68.83691275],[83.75949156,68.59626246],[83.92779565,68.555112],[83.01591194,68.52246475],[83.3033123,68.17431617],[83.11364496,68.03538072],[83.49265742,67.91550934],[83.36234975,67.91379333],[83.13188505,67.96214032],[83.34585726,68.11012685],[83.01674128,68.51328564],[83.88112235,68.50605941],[83.74821866,68.58886707],[83.98930061,68.84134352],[83.75295985,69.04534674],[84.44157362,69.394454],[82.21470416,70.05566287],[81.74622798,69.96920991],[82.34954286,70.160658],[82.1964972,70.277987],[81.10701776,70.1454401],[81.68529975,70.19478357],[80.51558578,70.45765674],[81.89747035,70.34380507],[81.85226321,70.54992592],[82.41543734,70.75068974],[82.20086014,70.97439694],[82.25792253,71.24117374],[83.02369118,71.40615046],[83.32185841,71.66509151],[81.44499171,71.6984663],[79.49470592,72.34900784],[78.53970861,72.37805843],[79.06122255,72.09727192],[78.09761727,72.35512543],[77.42954326,72.06418347],[78.23969495,71.96459878],[77.97552598,71.82398355],[76.88746154,72.05315971],[76.00034785,71.89619684],[76.65057886,71.46646714],[77.69063985,71.26453471],[77.9993577,71.36752915],[77.89974856,71.29277384],[78.52838945,71.03755796],[78.33951986,71.07776046],[78.42530417,70.94592476],[79.18655336,70.91632855],[78.27390647,70.86777568],[77.79378033,71.12676513],[77.08693004,71.17211926],[76.89961255,71.06251013],[77.07489216,70.67711592],[76.57471764,70.60136855],[77.07821667,70.70714462],[76.85469568,70.93903375],[76.7396872,70.89505565],[76.96744525,70.74951637],[76.76464617,70.80903053],[76.84810293,71.09190142],[76.67784727,71.0358814],[76.92167234,71.17522585],[75.73847342,71.23447931],[75.76259196,71.11454034],[75.67988527,71.24886382],[75.53637564,71.12338352],[75.68896461,71.19796157],[75.29941881,71.33127105],[75.50416672,71.51797116],[75.23519463,71.66886293],[75.44870734,71.65401554],[75.24220145,71.93223763],[75.70126045,72.24848723],[75.49247467,72.49368632],[75.63541675,72.52156675],[75.31023204,72.70131362],[75.47046971,72.72530866],[74.78446305,72.81913006],[75.06703496,72.45598924],[75.00390506,72.17198801],[73.52826762,71.80662453],[73.0293684,71.42600846],[74.29560435,70.60755181],[74.12050462,70.37871552],[74.24759912,70.34874082],[73.67552006,70.11540425],[73.78416884,70.06347275],[73.53180861,69.74037015],[73.85187328,69.48896384],[73.85502946,69.09270835],[76.96084344,69.20018363],[76.83736575,69.13117826],[77.67463887,68.88075805],[77.77308846,68.52296984],[78.16464615,68.25772452],[77.53001511,68.12132406],[77.47727835,67.75129807],[78.65312135,67.58624828],[78.36080432,67.73752725],[78.57558107,67.70635736],[79.83234644,67.16432226],[81.37870193,67.11521935],[82.2936362,66.64529383],[82.33013976,66.37795615],[82.08292985,66.29839087],[82.28180695,66.19053185],[82.11520875,66.04772937],[82.40743613,65.71922195],[82.09400105,66.04540944],[82.27507603,66.18180025],[82.07924771,66.21782386],[82.31311917,66.38232946],[82.18040991,66.43401885],[82.28664446,66.62746656],[81.80908871,66.88908851],[79.5423671,67.15285051],[78.56275475,67.54683804],[77.84266138,67.49013424],[77.81981361,67.30646217],[78.21788704,67.02520084],[77.83091295,66.84786844],[77.92438126,66.70696533],[77.80200446,66.81990445],[78.33466017,66.07097054],[78.30325043,65.68278193],[77.97151995,65.45969093],[78.07867765,65.26494014],[77.88194335,65.03132915],[78.07794094,64.51801753],[77.92153502,64.88582885],[77.67123985,64.93836868],[77.92735231,65.03380167],[77.98526776,65.48088717],[78.28508008,65.69990325],[78.15479636,65.7614783],[78.31192708,66.08022261],[77.82312477,66.76373637],[78.10119212,66.94991875],[77.72312701,67.44469965],[77.61983967,67.35489535],[77.88695574,67.15669453],[77.4583317,67.32920575],[77.69913661,67.56456637],[77.07570434,67.78686404],[77.22754705,67.82578301],[77.33639765,68.22304153],[77.13337231,68.26163554],[77.2795804,68.38773526],[76.82955062,68.47637725],[77.28066683,68.49949825],[76.66609776,68.73956692],[76.56450784,68.97204888],[74.47421491,68.69968915],[74.31498075,68.36148953],[74.79472566,68.02734005],[74.78160143,67.74357343],[73.92826664,67.29631901],[73.86418986,66.99227858],[73.02867162,66.72737098],[73.27186465,66.65119517],[72.32436287,66.50786531],[72.40867031,66.34851325],[72.2211765,66.31678355],[72.29607177,66.11756492],[72.11299622,66.20305335],[72.14862883,66.04441214],[72.06408644,66.24086344],[72.02379978,66.08410716],[71.99126756,66.23607016],[69.89434993,66.40255022],[69.12638974,66.61327767],[69.18108726,66.72392881],[68.1104989,66.48969245],[66.44123137,66.65995407],[68.35714245,66.79642165],[68.15172303,66.86992347],[68.66715324,66.76041305],[68.53196597,66.86328506],[69.20022345,66.94318747],[70.15198016,66.72721756],[71.7440989,66.90395272],[72.16468263,67.15275586],[72.03320956,67.25595856],[73.18510973,67.84591174],[73.07594585,68.19873774],[73.57328403,68.47515225],[72.58919132,68.91309571],[72.53983235,69.38381791],[72.01720726,69.39718926],[72.63461494,69.50333536],[72.50143123,69.63658834],[72.67470706,69.77008915],[72.48556316,70.00989902],[72.59012163,70.13109851],[72.26519442,70.12864387],[72.51936483,70.17716944],[72.24006557,70.31559944],[72.73141313,70.38903773],[72.63341141,70.59756506],[72.79816306,70.86815941],[72.52434313,70.9128412],[72.68582368,71.04473186],[72.53731334,71.14179897],[71.84357095,71.29694843],[72.04182971,71.29005456],[71.86266732,71.33391714],[71.98967075,71.35433364],[71.82721734,71.56066084],[71.96202922,71.54789007],[71.64923561,71.65759528],[72.30139506,71.700387],[72.82969153,72.25291407],[72.62514651,72.49072444],[72.81025207,72.48439348],[72.84854305,72.68776703],[71.79508388,72.72765863],[71.95606184,72.79404426],[71.61659336,72.89239943],[70.83736396,72.76809275],[71.03523457,72.83432221],[69.39336145,72.94087863],[68.98290062,72.65327907],[69.10729325,72.63576531],[68.69019592,72.11449456],[68.86343157,72.08534992],[68.33802485,71.71302915],[68.48728263,71.65039062],[68.19573545,71.62822735],[68.54397488,71.57462096],[68.19163644,71.62237763],[68.31018221,71.5488584],[67.60035408,71.43029797],[67.87920785,71.28782761],[67.58845746,71.4060986],[66.74816334,71.10181141],[67.64518654,70.93306506],[66.84677017,70.99972212],[67.04044271,70.97998714],[66.62528694,70.85482955],[67.74396121,70.69182444],[67.31636751,70.67686355],[67.75439024,70.62413335],[67.30479932,70.64393485],[67.40577865,70.42440104],[68.81880091,70.37990739],[68.17559791,70.35671484],[68.64411426,70.24936605],[67.26152825,70.39071381],[67.130059,70.19342184],[67.35309672,70.00407135],[66.97111094,69.95978665],[66.80579591,69.70922172],[66.91125834,69.47234607],[66.84792411,69.60618901],[67.02810574,69.63824987],[68.10245395,69.53520298],[68.09706235,69.2398926],[68.69509018,68.90881896],[69.32788563,69.04473376],[69.22874105,68.97443032],[70.59209039,68.89138561],[68.97403896,68.88457715],[69.35192748,68.80929504],[69.06265235,68.79816747],[68.57817602,68.35262263],[68.75850427,68.19775665],[68.09849334,68.07251656],[68.28550732,68.09764075],[68.04641962,68.29785121],[68.14626527,68.3970921],[65.57118022,69.12701166],[65.97435224,69.09103417],[65.0739454,69.26346362],[64.55371404,69.03205752],[64.91993594,68.87739146],[64.32440054,68.92230451],[64.80966282,69.25225246],[64.56167066,69.28352118],[64.97001815,69.27647746],[64.31439185,69.49382496],[60.78346336,69.84217131],[60.80040753,69.55963647],[61.99513066,69.18369675],[60.66015053,69.65558672],[60.19254148,69.56710875],[61.16675341,68.94915831],[60.9556849,68.90630364],[61.53091228,68.75537705],[61.36418676,68.76287663],[61.74913275,68.45059514],[60.97676516,68.83339643],[59.80770755,68.63846672],[59.97810948,68.48453164],[59.87444258,68.36712944],[59.50316715,68.31720138],[58.88873434,68.57397795],[59.47461236,68.67796183],[58.95932174,68.90895355],[59.30392826,68.95992172],[59.14881802,68.98212433],[57.31246448,68.52699101],[56.61974001,68.6158638],[57.31805766,68.14186645],[56.42935705,68.16253781],[57.22849584,68.08254361],[57.24580324,68.23450124],[56.50205874,68.52947974],[55.34408832,68.53647006],[54.99019432,68.41335583],[54.79423785,68.08637404],[54.54430938,68.28501832],[52.59246731,67.59252953],[52.73438251,67.53013384],[52.51085806,67.5],[53.0202924,67.65449464],[52.10726845,67.56826258],[52.28475881,67.43644774],[52.1342386,67.31090724],[52.60804725,67.03167617],[52.44622564,67.08458972],[52.39139295,66.8153007],[52.60968745,66.00062835],[52.364537,65.88276756],[52.45203686,66.59393442],[51.82744181,67.44278955],[53.22577834,67.89000094],[52.27153337,67.73575628],[52.97852957,67.98652124],[53.30879283,68.33750403],[53.9384073,68.39651632],[53.72538805,68.62877774],[53.99708307,68.81377387],[53.65464234,68.84720612],[54.558218,68.9764595],[52.30202508,68.60207856],[52.63770544,68.63643682],[52.48699725,68.61464393],[52.75223815,68.46716917],[52.53247714,68.35486102],[51.55948663,68.48590493],[49.88853824,67.99070406],[50.06265545,68.09386766],[49.15047252,67.84814036],[48.59601891,67.91315544],[49.24209046,67.52254331],[48.68120325,67.69137931],[47.84714305,67.58455133],[47.98278582,67.49065781],[47.58790994,66.92001331],[47.88823521,66.73990726],[47.41658425,66.91838801],[46.3805232,66.75075316],[46.48907185,66.64749002],[46.36483991,66.69184101],[46.53586078,66.79990172],[45.85868394,66.67730916],[46.01443911,66.82059634],[45.58559632,67.15475631],[44.85119045,67.32446277],[45.27643442,67.69547355],[46.69235671,67.80807424],[46.37916982,68.09466398],[46.54647565,68.09806597],[45.90227783,68.41572392],[46.03048158,68.42618835],[43.28860605,68.66529298],[44.20210063,68.30202496],[44.15313506,68.04084384],[44.32958317,68.03866041],[44.15517342,68.0177834],[44.42808497,67.90527475],[44.1262151,67.88198245],[43.77081883,67.25229025],[44.53220534,66.90549242],[44.36351955,66.75928593],[44.59101105,66.64246357],[44.07467735,66.18527937],[44.29163218,65.75137365],[44.61149347,65.60169578],[44.88696671,65.78725505],[44.59790266,65.64662302],[45.64331973,65.12025654],[44.26155305,65.68539154],[43.84634721,66.19037521],[43.36105096,66.05786455],[43.70521176,65.47951806],[43.56739855,65.83245111],[43.35418296,65.76492023],[43.49115396,65.97028446],[43.32276475,66.05781114],[43.66653526,66.21632981],[42.27029252,66.51523375],[41.6045928,66.16740024],[41.74338567,66.11071944],[40.73439765,65.98102665],[40.19055486,65.69685471],[40.40101325,65.6854856],[39.87901711,65.62785387],[39.722633,65.33896184],[40.40796351,64.79187536],[40.94140506,64.63277555],[40.53008735,64.56583977],[42.20950317,64.1323148],[43.18130851,64.37716627],[43.43178523,64.71805096],[44.19677162,64.48468125],[43.44589198,64.71603835],[42.94022918,64.26678824],[41.73873687,64.10253894],[41.43672931,63.73822522],[41.92286205,63.57630205],[42.05677521,63.11314595],[42.88435137,62.96549666],[42.62820125,62.9615736],[43.97345436,62.39788258],[44.80717111,62.28634894],[43.87770951,62.38851845],[42.89740825,62.81156301],[42.91729736,62.52151275],[42.79045403,62.53095937],[43.06651545,62.27565765],[42.55143225,61.66788626],[42.78937614,61.34472907],[42.43487537,61.47317076],[42.52383125,61.36424053],[42.20728815,60.99489594],[41.99445331,61.07530534],[42.3863492,61.18064392],[42.66398466,61.91541386],[42.99440944,62.15931356],[42.88144135,62.24424362],[43.11054873,62.23505974],[42.87265551,62.44134164],[42.89729106,62.71205473],[42.08450854,63.07078958],[41.65399778,63.45149755],[41.89326227,63.55805755],[41.43733501,63.72565246],[41.89475596,64.14770293],[38.43867517,64.80800605],[38.01661897,64.58385026],[38.00717628,64.75292027],[38.27874923,64.79977477],[37.04630494,65.16841114],[36.44460273,64.92572546],[37.13981962,64.3884325],[38.05380142,64.28890145],[37.89079213,64.21274221],[38.58097994,63.68630922],[39.05649447,63.63166916],[39.28372085,63.08326626],[39.93083894,62.72658646],[39.82896614,62.44552612],[40.09715641,62.33383286],[39.71928501,62.41263497],[38.97493005,62.06816673],[39.40337276,61.68030095],[39.17732871,61.67285633],[39.06727052,62.09982526],[39.82524061,62.43108857],[39.93134224,62.72342694],[39.33129954,62.96887624],[38.99562252,63.52084482],[37.98131824,63.92556906],[37.41263211,63.77698338],[36.33395338,63.98754561],[35.82334542,64.32129025],[35.39845645,64.26165688],[34.68939662,64.50929105],[34.97971046,64.60643411],[34.77878773,64.89143217],[33.68304491,65.01711142],[34.79292893,64.99013281],[34.23888636,65.37461555],[34.69006395,65.43488002],[34.6873281,65.72245026],[35.02113974,65.75106657],[33.75106216,66.27679336],[32.99490845,66.25191677],[33.71802998,66.41256773],[32.95532155,66.51797533],[33.19669366,66.5381273],[32.83566606,66.58774221],[33.30737996,66.61133516],[32.14813626,67.10354745],[32.9723109,67.08748651],[32.78963983,67.02994573],[33.50607836,66.71676075],[34.18310726,66.75176847],[34.48780155,66.53797603],[38.68434501,66.06559777],[40.02772415,66.26544285],[41.21326375,66.82405138],[41.07218206,67.12964773],[40.53476775,67.11556351],[41.3010447,66.97661793],[41.38381386,67.10608435],[40.97233784,67.45129406],[41.03486204,67.62543798],[40.48509407,67.72186744],[39.76404786,68.15319407],[39.85539162,68.04562986],[38.31679022,68.34746325],[35.82159615,69.19080281],[35.78089321,69.03075826],[35.76639688,69.17776752],[35.29798806,69.25028014],[33.58244884,69.29964602],[33.63641655,69.17336452],[32.67298114,68.78656185],[31.93891585,68.66845596],[32.99860084,68.88345885],[32.96922565,69.02794945],[33.47425282,69.15412772],[33.21095514,69.25182855],[33.45510757,69.29869211],[32.17169321,69.41317916],[32.49484181,69.48427665],[32.00392365,69.54814374],[32.13298488,69.68036234],[33.06817865,69.63585293],[32.08744347,69.93853486],[31.9458518,69.9510591],[32.09922314,69.76363826],[31.75801516,69.82202673],[31.8234272,69.65351617],[31.27254772,69.57052577],[31.44354093,69.68310344],[30.83766472,69.78959012],[32.07305556,70.27470833],[35.89632269,73.03558119],[40.73019773,72.10004058],[40.8041785,72.7441583],[41.73035333,74.05986971],[41.95676087,74.7454623],[42.77266844,75.41646042],[43.10783068,76.21296867],[43.95743845,76.81296726],[41.6128343,76.95512685],[38,76.82542814],[38,78.62486111],[34.99888889,79.28465833],[35.00008056,83.35194444],[34.27536211,83.74413427],[46.45416464,84.87916749],[60.65430382,85.1722192],[73.39043526,84.8223885],[80.73440743,84.30180929],[98.921271,84.57466957],[104.9428748,84.4021769],[111.12563495,83.97252879],[114.61665602,83.50437074],[117.3414836,82.78072384],[118.88932708,81.8818168],[119.18272525,81.293315],[123.09919107,79.71655447],[124.08984815,78.86334235],[125.78781566,78.3533197],[133.6465488,79.33660123],[152.95942801,80.36245609],[159.28384408,80.39485558],[165.7262939,79.90242307],[168.15008339,79.48288414],[171.02714367,78.65754843],[172.33672807,77.95210932],[172.74941217,77.20243307],[172.23409616,76.30647148],[170.83369325,75.46967593],[168.34846706,74.62579128],[165.4820966,74.02582149],[168.75927119,73.39717499],[170.76182955,73.44321929],[174.49654833,74.44070458],[180,74.91843149],[180,71.53164387],[178.62993312,71.07380128],[178.83858836,70.81632614],[180,70.97593629],[180,68.97671497],[179.40016663,69.22940314]]]]}},{"type":"Feature","id":"marine-5691","properties":{"code1":"me","name1":"Montenegro","code2":"","name2":"","code3":"","name3":"","aidCode1":"me","aidName1":"Montenegro","aidCode2":"","aidName2":"","aidCode3":"","aidName3":"","selectionAid":true,"preserveOverviewDetail":false,"selectionAidRadiusNm":null},"geometry":{"type":"MultiPolygon","coordinates":[[[[19.38154805,41.99553955],[19.32217447,41.70409392],[18.74873459,41.5490098],[18.32149307,41.44175138],[18.01829859,41.6297022],[18.50613236,42.44543803],[19.17613137,41.93532145],[19.35691285,41.85279727],[19.38154805,41.99553955]]]]}},{"type":"Feature","id":"marine-5692","properties":{"code1":"si","name1":"Slovenia","code2":"","name2":"","code3":"","name3":"","aidCode1":"si","aidName1":"Slovenia","aidCode2":"","aidName2":"","aidCode3":"","aidName3":"","selectionAid":true,"preserveOverviewDetail":false,"selectionAidRadiusNm":null},"geometry":{"type":"MultiPolygon","coordinates":[[[[13.72261012,45.59451532],[13.60150285,45.46837444],[13.38700668,45.56494667],[13.72261012,45.59451532]]]]}},{"type":"Feature","id":"marine-5693","properties":{"code1":"es","name1":"Spain","code2":"","name2":"","code3":"","name3":"","aidCode1":"","aidName1":"","aidCode2":"","aidName2":"","aidCode3":"","aidName3":"","selectionAid":false,"preserveOverviewDetail":false,"selectionAidRadiusNm":null},"geometry":{"type":"MultiPolygon","coordinates":[[[[4.54375344,42.44866993],[5.32094407,41.47210867],[5.88972222,41.24333333],[6.3,40.02833333],[6.06655111,38.80087459],[5.30566918,38.44218051],[2.7799647,37.97953815],[2.03898034,37.67582774],[0.7837939,37.61039034],[0.08885565,37.05018838],[-0.87482821,36.69141871],[-2.37556255,35.75323184],[-3.3993992,35.66889592],[-3.94723054,35.98616898],[-4.68216058,35.80588271],[-6.10303344,35.96254428],[-7.54198949,35.75649316],[-7.2577764,36.51675666],[-7.46952857,37.47561869],[-7.38366175,37.17314422],[-6.94812596,37.16649771],[-6.97365463,37.29139996],[-6.39380884,36.80717134],[-6.24794483,36.89429224],[-6.38546753,36.62772036],[-6.14736712,36.30202281],[-5.5934937,36.01116073],[-4.9772401,36.07380269],[-5.32168643,36.15342147],[-5.21008623,36.38088095],[-4.39703107,36.72215104],[-2.76823294,36.68139136],[-2.37060261,36.84026492],[-2.18592584,36.71981786],[-1.67620742,37.35370672],[-0.71762991,37.60676146],[-0.85980082,37.71936142],[-0.5113461,38.32424784],[0.22922313,38.73231184],[-0.14917064,38.98584485],[-0.34548485,39.42805171],[0.53548837,40.56055772],[0.87403655,40.70356357],[0.58601308,40.71165204],[0.4868741,40.94793928],[0.80038583,40.69691253],[0.7040323,40.79209435],[0.98288774,41.03808022],[2.13956094,41.29846573],[2.93121111,41.71431684],[3.17842305,41.87221408],[3.16604865,42.41394925],[3.87023646,42.74960285],[4.54375344,42.44866993]]],[[[-2.04444444,43.8],[-1.77384333,43.39001444],[-2.16903102,43.28801525],[-3.56379485,43.51019967],[-4.57430315,43.39442706],[-5.83483517,43.64791095],[-7.04650176,43.48847425],[-7.68394351,43.78765595],[-8.04923415,43.71233666],[-8.25960743,43.5576843],[-8.2113229,43.30548537],[-8.82854843,43.33829248],[-9.29335284,43.05827832],[-9.11522853,42.75881255],[-8.87695992,42.82846415],[-9.08087325,42.58150661],[-8.68709481,42.71113265],[-8.93030047,42.47784424],[-8.65850794,42.42543387],[-8.86516762,42.24684644],[-8.66068542,42.29108608],[-8.88116515,41.88602126],[-8.61252296,42.05387986],[-8.88320841,41.86029492],[-11.40895734,41.78482079],[-13.29989813,41.39622458],[-13.69909054,42.17758172],[-13.84728751,42.97039804],[-13.63461238,44.15732017],[-12.8293453,45.25489477],[-11.53762612,46.09266728],[-9.64193667,46.87270109],[-8.63305556,45.80888889],[-3.17222222,44.86666667],[-2.04444444,43.8]]]]}},{"type":"Feature","id":"marine-5694","properties":{"code1":"se","name1":"Sweden","code2":"","name2":"","code3":"","name3":"","aidCode1":"","aidName1":"","aidCode2":"","aidName2":"","aidCode3":"","aidName3":"","selectionAid":false,"preserveOverviewDetail":false,"selectionAidRadiusNm":null},"geometry":{"type":"MultiPolygon","coordinates":[[[[22.56799662,67.07789254],[22.78604555,66.91390097],[22.68120527,66.7265625],[22.86205971,66.12597024],[22.7338587,66.08048356],[23.30260682,65.78951371],[24.03823435,65.78690743],[24.14,65.53],[21.5,63.66666667],[20.69666667,63.485],[19.525,62.7],[19.0832,60.19168333],[20.15333333,59.44501667],[20.47126667,58.86293333],[20.41533333,57.91151667],[19.06638333,55.955],[18.36333333,55.92155],[16.50825,55.35516667],[15.04288889,55.6915],[13.99444444,54.96363889],[13.15638889,55.01],[12.67722222,55.25],[12.61361111,55.43111111],[12.89833333,55.64361111],[12.64564283,56.05499319],[12.08775,56.30391667],[12.14467056,56.49826799],[11.04877778,57.81683333],[10.03002778,58.26144444],[10.14636111,58.51144444],[11.16574308,59.0928157],[11.46173063,58.99428572],[11.34036255,59.11151361],[11.11707652,58.96742046],[11.36381865,58.35526061],[11.69807446,58.43714178],[11.40604746,58.19626856],[11.89441955,58.34653521],[11.65878391,57.85144246],[11.99577653,57.8608036],[11.70113456,57.70817816],[11.98799348,57.72304535],[11.8348093,57.65950692],[11.9946264,57.34184086],[12.06127822,57.46205354],[12.35401535,57.00020516],[12.87517035,56.65053701],[12.93503237,56.49034762],[12.72769713,56.47202694],[12.83777964,56.27044165],[12.45011723,56.30322826],[13.05261004,55.69485724],[12.84445333,55.4228754],[14.20075643,55.38684034],[14.357059,55.53630984],[14.24675131,55.87160647],[14.78231585,56.03445506],[14.68639326,56.16593075],[15.84800196,56.07325006],[16.47066593,56.77222335],[16.46074462,57.17474472],[16.72748995,57.44680142],[16.53603423,57.72403598],[16.74811494,57.67382956],[16.41480374,57.89436746],[16.70326054,57.74409425],[16.47877431,57.88900697],[16.79119015,57.86612284],[16.60557973,58.20224798],[16.77434528,58.10723031],[16.63148224,58.35394454],[16.78306782,58.3337239],[16.42014575,58.4743005],[16.94832468,58.47894156],[16.21250033,58.59703076],[17.5056957,58.78222263],[17.65831876,59.17673385],[17.92109156,58.80332804],[18.00732052,59.02893448],[18.46382594,59.16308713],[18.31495011,59.23012853],[18.64990902,59.24803007],[18.41569233,59.4231745],[18.08668697,59.31786788],[18.12964237,59.44154155],[19.08233202,59.74201262],[18.71333134,59.74821484],[18.92259455,59.82399607],[18.85214603,59.93615067],[19.02314234,59.82350302],[18.80854166,60.12123716],[18.43656826,60.17684507],[18.45795631,60.33895946],[17.18522751,60.67996752],[17.32556426,60.87179625],[17.14643586,60.93037176],[17.10377932,61.30901647],[17.25713193,61.27803242],[17.11273634,61.61870146],[17.25559843,61.65544665],[17.09654677,61.70936012],[17.48424065,61.61976826],[17.36066067,61.88640916],[17.64688301,62.22201753],[17.33333504,62.28846037],[17.42870784,62.53313947],[17.71777093,62.39867365],[18.05180371,62.6097182],[17.84689248,62.66943872],[17.98888636,62.66661155],[17.75674832,63.09954095],[17.27744746,63.16811025],[17.67782664,63.14971375],[17.95862508,62.79839528],[18.2149657,62.79525006],[18.54355335,62.98543465],[18.20290732,63.01137555],[18.90199494,63.23024654],[18.71043181,63.28741407],[19.03858411,63.19129026],[19.29794264,63.47750902],[19.67145324,63.43343675],[20.49755275,63.83609915],[20.56989956,63.72705495],[20.97862685,64.1628921],[21.60656583,64.43432164],[21.07649767,64.78514385],[21.57237065,65.13811362],[21.21256161,65.47786415],[21.72705984,65.19930732],[21.55812335,65.42090702],[22.13805997,65.51281476],[21.68376386,65.79396296],[22.39852488,65.53474104],[22.27236831,65.67016983],[22.46899915,65.85592651],[23.22998345,65.76824856],[22.72538114,66.10344112],[22.82436585,66.33124793],[22.54785585,66.52140617],[22.86657321,66.32655156],[22.67477465,66.71576953],[22.78556573,66.91182375],[22.56799662,67.07789254]]],[[[23.91548173,66.77195661],[23.65127321,66.30555373],[24.14525171,65.87169276],[23.64537156,66.30006218],[23.91548173,66.77195661]]]]}},{"type":"Feature","id":"marine-5695","properties":{"code1":"ua","name1":"Ukraine","code2":"","name2":"","code3":"","name3":"","aidCode1":"","aidName1":"","aidCode2":"","aidName2":"","aidCode3":"","aidName3":"","selectionAid":false,"preserveOverviewDetail":false,"selectionAidRadiusNm":null},"geometry":{"type":"MultiPolygon","coordinates":[[[[31.93913258,46.93874991],[32.13493001,46.56374764],[33.35871744,46.78228915],[32.28707564,46.48898566],[32.42777765,46.48948288],[31.58015406,46.53669655],[32.02067566,46.44807172],[31.78258026,46.32141972],[32.24716985,46.17143345],[32.05463445,46.17007983],[33.27526975,46.13318801],[33.75933301,45.93433583],[32.48045611,45.40164602],[33.18329287,45.44470036],[33.02597106,45.31351352],[33.60094666,45.00772464],[33.37855852,44.58299971],[33.79046941,44.38907325],[35.09753025,44.803056],[35.51837528,45.12243485],[36.37366605,45.05877757],[36.64259803,45.37830055],[35.84929645,45.47369874],[35.47236145,45.29930246],[34.82430112,46.13729262],[34.67475533,46.10158432],[35.46838307,45.29073667],[35.13298106,45.33514166],[35.02825081,45.63702345],[34.52807915,45.78726566],[34.76382518,46.17436874],[35.2021383,46.38437724],[35.21492314,46.18870342],[35.07060337,46.14836562],[35.70998132,46.59677804],[36.18798995,46.67128742],[36.11182284,46.49683273],[37.52572787,47.07582152],[38.23134053,47.11910236],[38.34362664,46.98434314],[37.68794516,46.87976028],[37.19162487,46.17263866],[36.69049446,46.02610512],[36.6906271,45.40479572],[36.50263169,45.20187149],[36.7130888,45.11288291],[36.77324082,44.69061173],[36.1825,43.43444444],[34.21972222,43.18805556],[31.34666667,43.44972222],[31.40972222,44.04805556],[31.17436111,44.73705556],[29.68882871,45.20331013],[29.73613644,45.62003684],[30.13305116,45.81759357],[29.8943783,45.68028498],[29.92616332,45.83808911],[30.45988667,46.06608081],[30.14673603,46.28157842],[30.21995807,46.39673102],[30.50374186,46.14613128],[30.77020347,46.55307031],[31.41843104,46.62704504],[31.42670524,46.80125844],[31.87887228,46.63378274],[31.99370265,46.91976047],[31.72615016,47.30794823],[31.93913258,46.93874991]]]]}},{"type":"Feature","id":"marine-5696","properties":{"code1":"gb","name1":"United Kingdom","code2":"","name2":"","code3":"","name3":"","aidCode1":"","aidName1":"","aidCode2":"","aidName2":"","aidCode3":"","aidName3":"","selectionAid":false,"preserveOverviewDetail":false,"selectionAidRadiusNm":null},"geometry":{"type":"MultiPolygon","coordinates":[[[[0.55677165,62.97208576],[1.83099249,61.14683155],[2.07501222,59.89610625],[1.48174895,58.42937831],[1.96345432,57.90436602],[2.61186448,56.59433117],[3.4,55.835],[2.76333333,54.38],[3.205,52.78333333],[3.05833333,52.41666667],[1.95363889,51.23997222],[0.77616667,50.38855556],[-2.80808333,49.96294444],[-3.58197222,49.55236111],[-5.67644444,49.20177778],[-9.60980555,48.09891667],[-9.87728017,47.43540538],[-10.13826313,47.60506201],[-10.80649258,48.17731527],[-9.91670683,48.18018783],[-9.8,48.5],[-9.408948,48.5],[-9.2,49.33333333],[-8.75,49.5],[-8.4,50.16666667],[-8,50.33333333],[-8,50.5],[-7.6,50.5],[-7.6,50.66666667],[-7.2,50.66666667],[-6.55,51.5],[-6.3,51.5],[-5.58333333,52.4],[-5.38,52.4],[-5.27233333,53.70233333],[-6.31327307,54.13411367],[-6.05848575,54.02462184],[-5.5393573,54.31165695],[-5.69984114,54.53379023],[-5.50997746,54.33582115],[-5.43740094,54.48105371],[-5.58377695,54.67811394],[-5.89798963,54.61599672],[-5.72110474,54.74065018],[-6.15275955,55.22820544],[-6.95473397,55.19324732],[-7.37430465,54.95406806],[-6.74413483,55.41486217],[-7.13333333,55.83333333],[-9.11666667,56.16666667],[-9.11666667,56.35833333],[-12.2,56.54166667],[-12.2,56.7],[-14.331028,56.57718767],[-14.89221761,57.84598337],[-14.53845916,59.07543338],[-13.27228795,60.14968172],[-9.011,59.94083333],[-4.73751462,60.40160677],[-3.05541667,61.98721667],[-0.49073334,63.88706667],[0.55677165,62.97208576]]]]}},{"type":"Feature","id":"marine-5697","properties":{"code1":"tr","name1":"Turkey","code2":"","name2":"","code3":"","name3":"","aidCode1":"","aidName1":"","aidCode2":"","aidName2":"","aidCode3":"","aidName3":"","selectionAid":false,"preserveOverviewDetail":false,"selectionAidRadiusNm":null},"geometry":{"type":"MultiPolygon","coordinates":[[[[36.1825,43.43444444],[38.53611111,42.42444444],[40.43333333,42.03111111],[41.54694444,41.52055556],[40.18837023,40.91575491],[39.43166602,41.10074532],[38.36860228,40.90959251],[36.65173864,41.38339996],[36.39973104,41.25030756],[35.9406749,41.72827494],[35.27784264,41.71526897],[35.09035528,41.92117751],[35.20377958,42.01246393],[34.94499278,42.09787512],[34.65932405,41.94091952],[33.33885264,42.02015173],[32.28410125,41.71980011],[31.21688032,41.09792805],[29.17132497,41.22422588],[29.00896156,41.02593684],[29.38160515,40.75566554],[29.94008744,40.75554061],[28.79308534,40.55179191],[29.08262074,40.47745228],[29.03149807,40.36436582],[27.9577347,40.35473788],[28.03464997,40.47683847],[27.76769924,40.52318633],[27.78817582,40.39672792],[27.421875,40.32784593],[26.7370342,40.39515543],[26.17924321,39.99143434],[26.06341505,39.47833884],[26.87384784,39.58218455],[26.67312884,39.28494895],[26.81441116,38.94967437],[27.03190994,38.93684053],[26.74056065,38.74127615],[26.92002571,38.45313156],[27.15544808,38.46676743],[26.79459631,38.35624576],[26.35302484,38.63829482],[26.50274265,38.40630782],[26.23019695,38.27359784],[27.26185942,37.95966625],[27.23966277,37.72805524],[27.00487936,37.66582203],[27.61556935,37.27450716],[27.22525418,37.05810416],[28.33056116,37.03339517],[28.06076491,36.80408347],[27.43285453,36.74874771],[27.65765715,36.66402554],[28.92928875,36.73393464],[29.09966254,36.39161682],[29.78375351,36.13985956],[30.40578568,36.27544785],[30.62301612,36.85097766],[31.01738465,36.85546875],[32.03801954,36.53283525],[32.80316293,36.01544476],[34.06860411,36.31310761],[34.65407026,36.80732655],[35.54930866,36.56963158],[36.00506544,36.92972136],[36.21562755,36.66023552],[35.78922605,36.33042908],[35.98109365,36.01082194],[34.76752634,36.21773793],[33.51728682,35.74110407],[31.3895501,35.68381612],[30.10359235,34.20922588],[29.67212616,36.11029084],[29.48683192,36.18555786],[28.86992464,35.30848501],[28.53562043,36.46957906],[27.98519869,36.4660469],[27.90747078,36.69440793],[27.33621903,36.58147902],[27.26177348,36.74134313],[27.47001315,36.8659297],[27.12375761,37.00424346],[26.94347014,37.61458043],[27.12189071,37.86045009],[26.38427076,37.92404418],[26.17493327,38.27897171],[26.34349976,38.4924981],[26.15883495,38.77437632],[26.59289592,38.83151912],[26.71009425,39.07833183],[26.43658919,39.42850778],[25.65552892,39.55620346],[25.68909864,39.87887985],[25.44431806,40.22475106],[25.95705993,40.43815861],[25.82031094,40.62866308],[26.03710854,40.72983742],[26.15115428,40.58931506],[26.77241456,40.65628755],[26.23239732,40.32602715],[26.18792963,40.04076564],[27.51177156,40.97439528],[28.98501647,41.00490308],[29.09491384,41.24534595],[28.14300787,41.58447576],[28.02729475,41.98154652],[29.34583333,42.24111111],[30.56944444,42.80083333],[31.33082001,43.43988565],[34.19766792,43.18839017],[36.1825,43.43444444]]]]}},{"type":"Feature","id":"marine-8308","properties":{"code1":"cc","name1":"Cocos Islands","code2":"","name2":"","code3":"","name3":"","aidCode1":"cc","aidName1":"Cocos Islands","aidCode2":"","aidName2":"","aidCode3":"","aidName3":"","selectionAid":true,"preserveOverviewDetail":false,"selectionAidRadiusNm":null},"geometry":{"type":"MultiPolygon","coordinates":[[[[100.31450899,-11.82151092],[100.19886559,-13.14338903],[99.57293158,-14.31407383],[98.55435783,-15.14378406],[97.26640257,-15.53910324],[95.91438106,-15.4313503],[94.70317011,-14.82229244],[93.83730603,-13.81739384],[93.43074917,-12.54711164],[93.50568399,-11.08729768],[94.07997246,-9.85209096],[95.13490647,-8.91758167],[96.45208883,-8.49172068],[97.84134216,-8.62590899],[99.05732031,-9.30073867],[99.87762389,-10.35499538],[100.31450899,-11.82151092]]]]}},{"type":"Feature","id":"marine-8309","properties":{"code1":"cx","name1":"Christmas Island","code2":"","name2":"","code3":"","name3":"","aidCode1":"cx","aidName1":"Christmas Island","aidCode2":"","aidName2":"","aidCode3":"","aidName3":"","selectionAid":true,"preserveOverviewDetail":false,"selectionAidRadiusNm":null},"geometry":{"type":"MultiPolygon","coordinates":[[[[109.02469639,-11.16938032],[108.49540778,-12.41968285],[107.574269,-13.34001658],[106.36449012,-13.84556545],[105.03184086,-13.86310492],[103.71168177,-13.34071465],[102.76145165,-12.44600661],[102.23015739,-11.25684632],[102.20432037,-9.92508537],[102.55909682,-8.89130913],[105.30043167,-8.72607144],[106.848765,-9.15107151],[109.02469639,-11.16938032]]]]}},{"type":"Feature","id":"marine-8310","properties":{"code1":"nf","name1":"Norfolk Island","code2":"","name2":"","code3":"","name3":"","aidCode1":"nf","aidName1":"Norfolk Island","aidCode2":"","aidName2":"","aidCode3":"","aidName3":"","selectionAid":true,"preserveOverviewDetail":false,"selectionAidRadiusNm":null},"geometry":{"type":"MultiPolygon","coordinates":[[[[169.42984158,-25.93060739],[170.73784609,-26.73702536],[171.58084753,-27.95538078],[171.78926431,-29.3495202],[171.3283758,-30.72796754],[168.65105729,-32.42180567],[167.15937056,-32.40762014],[165.772425,-31.89699167],[164.77655375,-31.02451487],[164.20678485,-29.84801822],[164.14780473,-28.59982182],[164.5855055,-27.43009687],[165.84254603,-26.21139436],[168.73692616,-25.84517411],[169.42984158,-25.93060739]]]]}},{"type":"Feature","id":"marine-8311","properties":{"code1":"au-tas","name1":"Macquarie Island","code2":"","name2":"","code3":"","name3":"","aidCode1":"au-tas","aidName1":"Macquarie Island","aidCode2":"","aidName2":"","aidCode3":"","aidName3":"","selectionAid":true,"preserveOverviewDetail":false,"selectionAidRadiusNm":null},"geometry":{"type":"MultiPolygon","coordinates":[[[[158.04802816,-51.07766091],[160.61542038,-51.17495885],[164.24897215,-53.85762339],[164.68587378,-54.68535759],[164.33511182,-56.03874888],[163.77204729,-56.835675],[162.85217623,-57.50910393],[161.63148482,-58.02300943],[158.64639728,-58.44942947],[155.65401622,-58.00168537],[154.45265866,-57.48131058],[153.56289012,-56.81215471],[153.02942475,-56.04403064],[152.86290468,-55.22367278],[153.01845214,-54.48839486],[153.65899976,-53.22125343],[154.48090271,-52.40583161],[155.4657525,-51.79329128],[158.04802816,-51.07766091]]]]}},{"type":"Feature","id":"marine-8312","properties":{"code1":"nc","name1":"New Caledonia","code2":"","name2":"","code3":"","name3":"","aidCode1":"nc","aidName1":"New Caledonia","aidCode2":"","aidName2":"","aidCode3":"","aidName3":"","selectionAid":true,"preserveOverviewDetail":false,"selectionAidRadiusNm":null},"geometry":{"type":"MultiPolygon","coordinates":[[[[170.05927828,-21.64288186],[170.55349192,-25.61528434],[170.12662216,-25.77780752],[165.83096416,-26.19360488],[164.76349798,-25.68020599],[162.47676295,-23.87671712],[161.74134844,-24.54412408],[160.88079144,-24.99074527],[159.86286438,-25.22762048],[158.82924131,-25.20191256],[158.61083333,-25.14666667],[157.31194444,-22.52722222],[157.0525,-20.54111111],[156.25555556,-19.28666667],[156.94555556,-18.54027778],[158.76083333,-15.73527778],[160.24833333,-16.12694444],[163.30859654,-14.78753634],[169.43981418,-21.44984954],[170.05927828,-21.64288186]]]]}},{"type":"Feature","id":"marine-8313","properties":{"code1":"vu","name1":"Vanuatu","code2":"","name2":"","code3":"","name3":"","aidCode1":"vu","aidName1":"Vanuatu","aidCode2":"","aidName2":"","aidCode3":"","aidName3":"","selectionAid":true,"preserveOverviewDetail":false,"selectionAidRadiusNm":null},"geometry":{"type":"MultiPolygon","coordinates":[[[[166.91109965,-12.43635783],[168.24379852,-12.7896188],[171.63230983,-14.99041315],[172.09912561,-16.58853677],[173.07099542,-17.52878249],[173.60285035,-18.5190144],[172.76472222,-20.0225],[170.05927828,-21.64288186],[169.43981418,-21.44984954],[167.83681552,-19.56174235],[166.2354192,-18.06040696],[165.61907238,-17.14715318],[164.56597603,-16.29586631],[163.30859654,-14.78753634],[163.16666717,-14.83416651],[163.57411,-13.62809],[164.16212502,-12.6182933],[165.53785,-12.16266],[166.91109965,-12.43635783]]]]}},{"type":"Feature","id":"marine-8314","properties":{"code1":"sb","name1":"Solomon Islands","code2":"","name2":"","code3":"","name3":"","aidCode1":"sb","aidName1":"Solomon Islands","aidCode2":"","aidName2":"","aidCode3":"","aidName3":"","selectionAid":true,"preserveOverviewDetail":false,"selectionAidRadiusNm":null},"geometry":{"type":"MultiPolygon","coordinates":[[[[163.03248427,-5.03020397],[164.62533987,-5.50295456],[165.79656508,-6.6277428],[167.16955299,-6.40644362],[168.492414,-6.72332337],[169.46757815,-7.39658647],[170.17785108,-8.26159676],[171.43654208,-8.64691983],[172.52828724,-9.48115745],[173.27520942,-10.5103252],[173.59036473,-11.76781314],[173.39963997,-13.04866013],[172.69746455,-14.19058881],[171.58015549,-14.95721827],[168.24379852,-12.7896188],[165.52188053,-12.16799792],[164.1461,-12.62355],[163.17205661,-14.81830295],[160.24833333,-16.12694444],[158.76094939,-15.73530834],[157.02980319,-14.09231128],[157.60082755,-12.43640567],[157.16111111,-11.37388889],[154.58555906,-8.1350044],[155.11220424,-7.246697],[155.9230556,-6.84722222],[158.23527779,-4.87166667],[160.48027778,-4.75138889],[162.80193793,-4.14222393],[163.03248427,-5.03020397]]]]}},{"type":"Feature","id":"marine-8315","properties":{"code1":"pw","name1":"Palau","code2":"","name2":"","code3":"","name3":"","aidCode1":"pw","aidName1":"Palau","aidCode2":"","aidName2":"","aidCode3":"","aidName3":"","selectionAid":true,"preserveOverviewDetail":false,"selectionAidRadiusNm":null},"geometry":{"type":"MultiPolygon","coordinates":[[[[134.66893817,11.55937096],[135.31295675,11.48894951],[135.7833333,10.29805556],[136.1394444,7.55027778],[136.9947222,4.97833333],[135.94443656,4.06810402],[133.91136335,2.98179754],[132.72969064,1.62140721],[131.15294379,2.04074561],[130.21969219,1.97524672],[129.8203317,3.09073607],[129.55429927,4.88027371],[129.51021503,6.58237696],[129.9431963,7.81340986],[131.04595524,8.496717],[131.7378216,9.96793861],[132.4894903,10.81767685],[133.53141442,11.38502474],[134.66893817,11.55937096]]],[[[131.7885333,2.83588394],[131.79176212,2.83778986],[131.78745903,2.83452602],[131.7885333,2.83588394]]],[[[131.77401469,2.82337816],[131.7726687,2.82283244],[131.77347419,2.82391861],[131.77401469,2.82337816]]],[[[131.77052171,2.81957467],[131.77213419,2.82120506],[131.76676523,2.81360262],[131.77052171,2.81957467]]],[[[131.79606301,2.84186667],[131.79391368,2.83942178],[131.79793235,2.84810461],[131.79606301,2.84186667]]],[[[131.81906899,2.90398819],[131.81961184,2.90263476],[131.81853448,2.90236072],[131.81906899,2.90398819]]],[[[131.82095037,2.90589048],[131.8201471,2.90399124],[131.82067325,2.90859963],[131.82095037,2.90589048]]],[[[131.82147196,2.91212482],[131.82201634,2.9102294],[131.8209405,2.90941337],[131.82147196,2.91212482]]],[[[131.82227143,2.91537902],[131.82093062,2.91293627],[131.82198666,2.9207981],[131.82227143,2.91537902]]],[[[131.82412079,2.92866302],[131.82332059,2.92567979],[131.82304036,2.92947292],[131.82412079,2.92866302]]],[[[131.82464992,2.93218746],[131.825457,2.93273175],[131.82492328,2.93083326],[131.82464992,2.93218746]]],[[[131.82677328,2.94384632],[131.8265252,2.93625774],[131.82543556,2.94031956],[131.82677328,2.94384632]]],[[[131.81239944,2.97469813],[131.81187203,2.97063173],[131.81158847,2.97550875],[131.81239944,2.97469813]]],[[[131.79493782,2.95432323],[131.79332218,2.95377656],[131.79546988,2.95676366],[131.79493782,2.95432323]]]]}},{"type":"Feature","id":"marine-8316","properties":{"code1":"fm","name1":"Micronesia","code2":"","name2":"","code3":"","name3":"","aidCode1":"fm","aidName1":"Micronesia","aidCode2":"","aidName2":"","aidCode3":"","aidName3":"","selectionAid":true,"preserveOverviewDetail":false,"selectionAidRadiusNm":null},"geometry":{"type":"MultiPolygon","coordinates":[[[[137.48989606,8.29897665],[137.48997906,8.29681041],[137.48616536,8.29754375],[137.48989606,8.29897665]]],[[[137.50489406,8.30154652],[137.50435501,8.30100003],[137.50461494,8.30235669],[137.50489406,8.30154652]]],[[[137.51403436,8.31354534],[137.51268425,8.31244998],[137.51374086,8.31598066],[137.51403436,8.31354534]]],[[[137.42633732,8.38752176],[137.42769467,8.38780492],[137.4277021,8.38699243],[137.42633732,8.38752176]]],[[[137.42387229,8.38939535],[137.4246857,8.38967359],[137.42469314,8.3888611],[137.42387229,8.38939535]]],[[[137.3453592,8.43796554],[137.34510507,8.43606737],[137.34212102,8.43522703],[137.3453592,8.43796554]]],[[[137.34726558,8.4377125],[137.34645475,8.43716328],[137.34617258,8.43824396],[137.34726558,8.4377125]]],[[[137.34859489,8.44097485],[137.34698596,8.43852238],[137.34697067,8.44014721],[137.34859489,8.44097485]]],[[[137.56654437,8.55747371],[137.56789565,8.55811894],[137.56790931,8.55700436],[137.56654437,8.55747371]]],[[[137.57546339,8.56438549],[137.57574037,8.56384616],[137.57519611,8.56384134],[137.57546339,8.56438549]]],[[[138.09149672,9.46839746],[138.08877866,9.46701983],[138.08876725,9.4683748],[138.09149672,9.46839746]]],[[[138.13926446,9.50158443],[138.13925095,9.50321046],[138.14088211,9.50403689],[138.13926446,9.50158443]]],[[[138.13704677,9.50563161],[138.13733554,9.50373681],[138.13595933,9.50508064],[138.13704677,9.50563161]]],[[[138.1389667,9.50456325],[138.13950366,9.50565174],[138.13978566,9.50456996],[138.1389667,9.50456325]]],[[[138.14268045,9.5176028],[138.14267996,9.51766183],[138.142688,9.51760287],[138.14268045,9.5176028]]],[[[138.13612626,9.51782007],[138.13502071,9.51943712],[138.13747092,9.52027031],[138.13612626,9.51782007]]],[[[138.12355486,9.51934273],[138.12343334,9.51934172],[138.12355311,9.51955134],[138.12355486,9.51934273]]],[[[138.14209846,9.52192589],[138.14257725,9.51841503],[138.14212544,9.51868235],[138.14209846,9.52192589]]],[[[138.12611115,9.52027774],[138.12463777,9.52043574],[138.12444437,9.52111113],[138.12611115,9.52027774]]],[[[138.12658642,9.52289098],[138.1262969,9.52370166],[138.12679681,9.52343476],[138.12658642,9.52289098]]],[[[138.12576328,9.52505236],[138.1259642,9.52505401],[138.12596647,9.52478301],[138.12576328,9.52505236]]],[[[138.12569074,9.52510676],[138.12540586,9.52532043],[138.12568893,9.52532276],[138.12569074,9.52510676]]],[[[138.14370523,9.52569678],[138.1437026,9.52601292],[138.14391716,9.52601468],[138.14370523,9.52569678]]],[[[138.14397489,9.52610127],[138.14397335,9.52628617],[138.14409884,9.52628719],[138.14397489,9.52610127]]],[[[138.14424455,9.52650576],[138.1442441,9.52655941],[138.14428051,9.52655971],[138.14424455,9.52650576]]],[[[138.13250265,9.526734],[138.13032769,9.52563201],[138.13058031,9.52807328],[138.13250265,9.526734]]],[[[138.12361097,9.52666664],[138.12376069,9.5273653],[138.12376658,9.526662],[138.12361097,9.52666664]]],[[[138.12429897,9.52829251],[138.12390061,9.5280182],[138.1242497,9.5296472],[138.12429897,9.52829251]]],[[[138.14449457,9.5292717],[138.14421755,9.5297518],[138.14527774,9.52805555],[138.14449457,9.5292717]]],[[[138.1414033,9.52951737],[138.14148868,9.52958378],[138.14148923,9.52951808],[138.1414033,9.52951737]]],[[[138.13904797,9.52760088],[138.13764327,9.53234755],[138.14121741,9.52937278],[138.13904797,9.52760088]]],[[[138.12919716,9.53023005],[138.12811194,9.52940805],[138.12781172,9.53265782],[138.12919716,9.53023005]]],[[[138.14249856,9.53304967],[138.14255021,9.53325624],[138.14255192,9.5330501],[138.14249856,9.53304967]]],[[[138.14308892,9.53413861],[138.14282268,9.53332335],[138.1427778,9.53416657],[138.14308892,9.53413861]]],[[[138.11749995,9.53388894],[138.11861098,9.53499985],[138.12361097,9.53361106],[138.11749995,9.53388894]]],[[[138.14510052,9.53415511],[138.1450026,9.53384177],[138.145,9.53415428],[138.14510052,9.53415511]]],[[[138.14335967,9.53441185],[138.14311838,9.53440987],[138.14335826,9.53458124],[138.14335967,9.53441185]]],[[[138.12478333,9.53452996],[138.1250625,9.53492077],[138.12506576,9.53453229],[138.12478333,9.53452996]]],[[[138.14350218,9.53468404],[138.14362968,9.53477513],[138.14363043,9.5346851],[138.14350218,9.53468404]]],[[[138.14388598,9.53495822],[138.14390109,9.53496902],[138.14390118,9.53495834],[138.14388598,9.53495822]]],[[[138.14426978,9.53523239],[138.14472222,9.5355556],[138.14493404,9.53523784],[138.14426978,9.53523239]]],[[[138.12954898,9.53538235],[138.12996961,9.53580298],[138.1299731,9.53538584],[138.12954898,9.53538235]]],[[[138.12888107,9.53537684],[138.12887715,9.53584494],[138.12934145,9.53538064],[138.12888107,9.53537684]]],[[[138.13916671,9.53638875],[138.13733986,9.53598854],[138.13705748,9.53710911],[138.13916671,9.53638875]]],[[[138.13050552,9.53701636],[138.13017159,9.53701361],[138.13007603,9.53782588],[138.13050552,9.53701636]]],[[[138.13689391,9.53733999],[138.13678252,9.53733907],[138.1367803,9.53760509],[138.13689391,9.53733999]]],[[[138.12804389,9.5375381],[138.12804381,9.53754695],[138.12804602,9.53753812],[138.12804389,9.5375381]]],[[[138.13666244,9.53788013],[138.13622971,9.53814759],[138.13594764,9.53922936],[138.13666244,9.53788013]]],[[[138.12749333,9.53807559],[138.12721123,9.53915735],[138.12797841,9.53780858],[138.12749333,9.53807559]]],[[[138.12638539,9.53996359],[138.12638387,9.54014438],[138.12654702,9.53996492],[138.12638539,9.53996359]]],[[[138.12583482,9.54050108],[138.12583272,9.54075064],[138.12605792,9.54050292],[138.12583482,9.54050108]]],[[[138.08078407,9.54066806],[138.08213985,9.54176347],[138.08242208,9.5406818],[138.08078407,9.54066806]]],[[[138.125,9.54166663],[138.12581337,9.54077192],[138.12471057,9.54130485],[138.125,9.54166663]]],[[[138.13291956,9.54218566],[138.13319711,9.5416459],[138.13118145,9.54162929],[138.13291956,9.54218566]]],[[[138.13015764,9.54595718],[138.13012344,9.54595689],[138.13015736,9.54599081],[138.13015764,9.54595718]]],[[[138.13206877,9.54597294],[138.13151861,9.54646103],[138.13343468,9.54588623],[138.13206877,9.54597294]]],[[[138.13039675,9.54623017],[138.13042813,9.54626154],[138.13042839,9.54623043],[138.13039675,9.54623017]]],[[[138.13067007,9.54650345],[138.13083327,9.54666662],[138.13135829,9.54650912],[138.13067007,9.54650345]]],[[[138.13725387,9.54628669],[138.13398217,9.54571769],[138.13796682,9.54954482],[138.13725387,9.54628669]]],[[[138.14166665,9.5511111],[138.13967258,9.55091398],[138.14027774,9.55388892],[138.14166665,9.5511111]]],[[[138.13748839,9.550896],[138.13527775,9.55499995],[138.1396381,9.55118472],[138.13748839,9.550896]]],[[[138.1305583,9.56330581],[138.12975757,9.56111097],[138.13082293,9.56431033],[138.1305583,9.56330581]]],[[[138.13301786,9.56305511],[138.13383696,9.56306187],[138.13301905,9.562913],[138.13301786,9.56305511]]],[[[138.14748188,9.56398733],[138.14748476,9.5636417],[138.14731264,9.56398593],[138.14748188,9.56398733]]],[[[138.14720708,9.56419705],[138.14717767,9.56425585],[138.14720659,9.56425609],[138.14720708,9.56419705]]],[[[138.13163907,9.56466984],[138.13107131,9.56466515],[138.13190761,9.56520754],[138.13163907,9.56466984]]],[[[138.13682219,9.56525207],[138.13682217,9.56525468],[138.13682467,9.5652547],[138.13682219,9.56525207]]],[[[138.13272665,9.56522087],[138.13192435,9.56521424],[138.13326831,9.56575183],[138.13272665,9.56522087]]],[[[138.13381425,9.5657719],[138.13330802,9.56576771],[138.13381259,9.56596955],[138.13381425,9.5657719]]],[[[138.13399984,9.56604445],[138.13408473,9.5660784],[138.13408501,9.56604515],[138.13399984,9.56604445]]],[[[138.1469245,9.56533787],[138.14692939,9.5647524],[138.14462763,9.56775819],[138.1469245,9.56533787]]],[[[138.13469167,9.56632118],[138.13625594,9.56765683],[138.13626248,9.56687619],[138.13469167,9.56632118]]],[[[138.14444227,9.56829871],[138.14444538,9.56792641],[138.14404558,9.56829545],[138.14444227,9.56829871]]],[[[138.14389393,9.56856522],[138.14389502,9.56843442],[138.14375456,9.56856408],[138.14389393,9.56856522]]],[[[138.14934795,9.56942315],[138.14879801,9.56988099],[138.15277767,9.56833327],[138.14934795,9.56942315]]],[[[138.14361984,9.56868843],[138.14288149,9.56936996],[138.14334106,9.56937374],[138.14361984,9.56868843]]],[[[138.1485243,9.56995843],[138.14852406,9.56998754],[138.14859735,9.56995903],[138.1485243,9.56995843]]],[[[138.12995633,9.56996159],[138.1299355,9.57007617],[138.12995537,9.57007633],[138.12995633,9.56996159]]],[[[138.13485641,9.57174297],[138.13597128,9.56904196],[138.13401793,9.57200707],[138.13485641,9.57174297]]],[[[138.14742535,9.57076247],[138.14742434,9.57088354],[138.14749463,9.57076304],[138.14742535,9.57076247]]],[[[138.13158811,9.57074311],[138.13158677,9.57090289],[138.13183989,9.57090498],[138.13158811,9.57074311]]],[[[138.13226695,9.57117953],[138.1318597,9.57091772],[138.13185753,9.57117615],[138.13226695,9.57117953]]],[[[138.16925193,9.57299117],[138.16925482,9.57264197],[138.16916656,9.57277775],[138.16925193,9.57299117]]],[[[138.1307449,9.57360613],[138.1296664,9.57197108],[138.12944436,9.57277775],[138.1307449,9.57360613]]],[[[138.14604204,9.57291928],[138.14574861,9.57535608],[138.14733729,9.57103277],[138.14604204,9.57291928]]],[[[138.10533409,9.57556308],[138.10614861,9.57611191],[138.10615549,9.57529892],[138.10533409,9.57556308]]],[[[138.14764625,9.57701033],[138.14764409,9.57726885],[138.14778475,9.57727001],[138.14764625,9.57701033]]],[[[138.1479151,9.57751441],[138.14791067,9.57804537],[138.14805555,9.57777774],[138.1479151,9.57751441]]],[[[138.16702644,9.57792923],[138.16695638,9.57796927],[138.1670261,9.57796984],[138.16702644,9.57792923]]],[[[138.16675206,9.57808605],[138.16648887,9.57823648],[138.1667508,9.57823862],[138.16675206,9.57808605]]],[[[138.14774371,9.57835377],[138.14763503,9.57835287],[138.14763332,9.57855767],[138.14774371,9.57835377]]],[[[138.14680128,9.5800946],[138.14745156,9.57889341],[138.14708441,9.57889039],[138.14680128,9.5800946]]],[[[138.16810482,9.57960483],[138.16810467,9.57962389],[138.16811416,9.5796049],[138.16810482,9.57960483]]],[[[138.16250002,9.57944441],[138.16509087,9.58082852],[138.16483268,9.57903602],[138.16250002,9.57944441]]],[[[138.13287917,9.57958624],[138.13250005,9.58000004],[138.13287412,9.58018706],[138.13287917,9.57958624]]],[[[138.13396452,9.58040828],[138.13778518,9.58067884],[138.1372479,9.57962236],[138.13396452,9.58040828]]],[[[138.14652472,9.58051193],[138.14652393,9.58060691],[138.14657513,9.58051234],[138.14652472,9.58051193]]],[[[138.16755422,9.58014238],[138.16727098,9.5813677],[138.16797921,9.57987483],[138.16755422,9.58014238]]],[[[138.1448887,9.58022743],[138.1448819,9.58104045],[138.14570331,9.58077619],[138.1448887,9.58022743]]],[[[138.14642905,9.58078216],[138.14624941,9.58078069],[138.14624658,9.58111923],[138.14642905,9.58078216]]],[[[138.13805568,9.58098414],[138.13805544,9.58098414],[138.13805544,9.58101256],[138.13805568,9.58098414]]],[[[138.14597183,9.58132045],[138.14596923,9.58163154],[138.14613691,9.58132181],[138.14597183,9.58132045]]],[[[138.16699462,9.58176398],[138.16699251,9.5820174],[138.16710076,9.58176485],[138.16699462,9.58176398]]],[[[138.16671706,9.58230377],[138.16671405,9.5826671],[138.16686924,9.58230501],[138.16671706,9.58230377]]],[[[138.16479415,9.58367509],[138.16479718,9.58331121],[138.1647222,9.58361113],[138.16479415,9.58367509]]],[[[138.16738088,9.5842064],[138.16671237,9.58286923],[138.16697437,9.58420307],[138.16738088,9.5842064]]],[[[138.1653734,9.58418998],[138.16560737,9.58439795],[138.16560909,9.5841919],[138.1653734,9.58418998]]],[[[138.16568114,9.58446352],[138.16587845,9.58463891],[138.16587989,9.58446515],[138.16568114,9.58446352]]],[[[138.16642376,9.58474063],[138.16598888,9.58473707],[138.16696275,9.58560274],[138.16642376,9.58474063]]],[[[138.16758291,9.58529216],[138.16751149,9.58529158],[138.16751058,9.58540065],[138.16758291,9.58529216]]],[[[138.14757389,9.58567003],[138.14898122,9.58703673],[138.14622019,9.5842757],[138.14757389,9.58567003]]],[[[138.16723618,9.58556036],[138.16723406,9.58581543],[138.1674032,9.58556172],[138.16723618,9.58556036]]],[[[138.11452571,9.58648037],[138.11451654,9.58756436],[138.11533569,9.58757118],[138.11534485,9.58648719],[138.11452571,9.58648037]]],[[[138.1502822,9.58835401],[138.15027953,9.58867357],[138.150351,9.58867416],[138.1502822,9.58835401]]],[[[138.15081286,9.59082305],[138.15080526,9.59111712],[138.15128124,9.59112103],[138.15081286,9.59082305]]],[[[138.15162265,9.59133824],[138.15162218,9.59139486],[138.15171283,9.59139561],[138.15162265,9.59133824]]],[[[138.11804785,9.5897619],[138.1153013,9.59163615],[138.12127869,9.59520914],[138.11804785,9.5897619]]],[[[138.14969491,9.59327617],[138.14942185,9.59327393],[138.14941958,9.59354493],[138.14969264,9.59354718],[138.14969491,9.59327617]]],[[[138.15445639,9.59521253],[138.15432465,9.59478714],[138.1543211,9.59521142],[138.15445639,9.59521253]]],[[[138.13193245,9.59475557],[138.13301784,9.59557762],[138.13329545,9.59503788],[138.13193245,9.59475557]]],[[[138.12264396,9.5952205],[138.1218248,9.59521369],[138.12181793,9.59602668],[138.1226371,9.5960335],[138.12264396,9.5952205]]],[[[138.12671696,9.59796453],[138.12837814,9.59526813],[138.12537681,9.59497219],[138.12671696,9.59796453]]],[[[138.13055119,9.59664126],[138.13054435,9.59745426],[138.1313658,9.59719005],[138.13055119,9.59664126]]],[[[138.13545942,9.59749499],[138.13600326,9.59777052],[138.13628543,9.59668877],[138.13546625,9.59668198],[138.13545942,9.59749499]]],[[[138.13188455,9.6004466],[138.13051924,9.60043528],[138.13051696,9.60070628],[138.13188227,9.6007176],[138.13188455,9.6004466]]],[[[138.1302439,9.60070401],[138.12997083,9.60070175],[138.12996855,9.60097275],[138.13024161,9.60097501],[138.1302439,9.60070401]]],[[[138.1575437,9.60173149],[138.15754361,9.60174253],[138.15755729,9.60174265],[138.1575437,9.60173149]]],[[[138.1578908,9.60201641],[138.15781493,9.60195413],[138.15781442,9.60201579],[138.1578908,9.60201641]]],[[[138.15822432,9.60229018],[138.15808616,9.60217677],[138.15808522,9.60228904],[138.15822432,9.60229018]]],[[[138.15835739,9.60239942],[138.15835603,9.60256229],[138.15855783,9.60256395],[138.15835739,9.60239942]]],[[[138.15917109,9.60306735],[138.15917072,9.60311104],[138.15922485,9.60311148],[138.15917109,9.60306735]]],[[[138.15944232,9.60328999],[138.15944153,9.60338429],[138.15955836,9.60338525],[138.15944232,9.60328999]]],[[[138.15971355,9.60351264],[138.15971234,9.60365754],[138.15989187,9.60365901],[138.15971355,9.60351264]]],[[[138.16001737,9.60376203],[138.15998089,9.6042018],[138.16007642,9.60420258],[138.16001737,9.60376203]]],[[[138.16024357,9.60544977],[138.16023136,9.60691412],[138.16044007,9.60691584],[138.16024357,9.60544977]]],[[[138.15774654,9.61014601],[138.15747173,9.61035157],[138.15819921,9.60987871],[138.15774654,9.61014601]]],[[[138.15664798,9.61088702],[138.15737571,9.61041399],[138.15692505,9.61041028],[138.15664798,9.61088702]]],[[[138.15655222,9.61094927],[138.15637437,9.6109478],[138.15637339,9.61106551],[138.15655222,9.61094927]]],[[[138.15609903,9.61121656],[138.1560988,9.61124399],[138.15614048,9.6112169],[138.15609903,9.61121656]]],[[[138.15527527,9.61175183],[138.15500045,9.61195793],[138.15572873,9.61148454],[138.15527527,9.61175183]]],[[[138.15472685,9.61201834],[138.15472587,9.61213641],[138.15490525,9.61201981],[138.15472685,9.61201834]]],[[[138.15471997,9.61337341],[138.15471558,9.61336648],[138.15471552,9.61337337],[138.15471997,9.61337341]]],[[[138.15442657,9.61526817],[138.15059464,9.61629111],[138.15498512,9.61379191],[138.15442657,9.61526817]]],[[[138.15003688,9.61767119],[138.15003676,9.6176857],[138.15004254,9.61767124],[138.15003688,9.61767119]]],[[[138.14976153,9.61793994],[138.14975781,9.618383],[138.14993448,9.61794137],[138.14976153,9.61793994]]],[[[138.14947936,9.61902171],[138.14947887,9.6190803],[138.14950223,9.6190219],[138.14947936,9.61902171]]],[[[138.14679166,9.62089667],[138.14645955,9.62089393],[138.1464577,9.62111448],[138.14679166,9.62089667]]],[[[138.14536495,9.6211559],[138.14481007,9.62218905],[138.1463813,9.62116431],[138.14536495,9.6211559]]],[[[138.14398816,9.62249963],[138.14398625,9.62272634],[138.14432954,9.62250245],[138.14398816,9.62249963]]],[[[138.1717014,9.55226019],[138.17166662,9.55083334],[138.17111111,9.55055547],[138.1717014,9.55226019]]],[[[138.17051801,9.55197952],[138.17052656,9.55094525],[138.17006156,9.55197581],[138.17051801,9.55197952]]],[[[138.16996523,9.55278811],[138.17321106,9.55651668],[138.1729618,9.55363517],[138.16996523,9.55278811]]],[[[138.17377365,9.55452082],[138.1737698,9.55498732],[138.17420451,9.55499085],[138.17377365,9.55452082]]],[[[138.17805552,9.55583334],[138.17804996,9.5558352],[138.17805967,9.55583527],[138.17805552,9.55583334]]],[[[138.17921944,9.55637645],[138.17921935,9.55638676],[138.17924191,9.55638694],[138.17921944,9.55637645]]],[[[138.17983303,9.55666277],[138.17976346,9.55663031],[138.17976319,9.5566622],[138.17983303,9.55666277]]],[[[138.17401374,9.55851269],[138.17375413,9.5568844],[138.17400255,9.55986776],[138.17401374,9.55851269]]],[[[138.18356795,9.55885435],[138.18356789,9.55886133],[138.18357677,9.5588614],[138.18356795,9.55885435]]],[[[138.18383885,9.55911663],[138.1838387,9.55913456],[138.18385692,9.55913471],[138.18383885,9.55911663]]],[[[138.1843781,9.55995203],[138.18487152,9.5604981],[138.18410968,9.55938749],[138.1843781,9.55995203]]],[[[138.18491844,9.56065447],[138.18491526,9.56104052],[138.18503455,9.56104148],[138.18491844,9.56065447]]],[[[138.17009238,9.56254621],[138.17015732,9.56257868],[138.17015759,9.56254674],[138.17009238,9.56254621]]],[[[138.17233519,9.56337757],[138.17064342,9.56282173],[138.1723276,9.56429606],[138.17233519,9.56337757]]],[[[138.17091436,9.57008884],[138.17088016,9.57014146],[138.17091392,9.57014173],[138.17091436,9.57008884]]],[[[138.1883846,9.57082583],[138.1889307,9.57083026],[138.18893293,9.57055924],[138.18838683,9.57055481],[138.1883846,9.57082583]]],[[[138.1703611,9.57095031],[138.17036118,9.57093988],[138.17035443,9.57095026],[138.1703611,9.57095031]]],[[[138.16940817,9.5733818],[138.16954685,9.57446705],[138.17005887,9.57447123],[138.16940817,9.5733818]]],[[[138.19273339,9.57330036],[138.19081533,9.57409793],[138.19268884,9.57872068],[138.19273339,9.57330036]]],[[[138.1694948,9.57663486],[138.16866002,9.57851306],[138.17112771,9.57730107],[138.1694948,9.57663486]]],[[[138.17184742,9.5807195],[138.17191591,9.58104482],[138.1719186,9.58072008],[138.17184742,9.5807195]]],[[[138.17272879,9.58181081],[138.17196174,9.5812625],[138.17222226,9.58249986],[138.17272879,9.58181081]]],[[[139.67269885,9.77997433],[139.67269794,9.78020176],[139.67408809,9.77997975],[139.67269885,9.77997433]]],[[[139.67543148,9.78052753],[139.67434079,9.77970947],[139.67429173,9.78236592],[139.67543148,9.78052753]]],[[[139.69852711,9.81913765],[139.69824724,9.82076422],[139.69961693,9.82022693],[139.69852711,9.81913765]]],[[[139.69900097,9.83785736],[139.69817827,9.83839674],[139.69927026,9.83894349],[139.69900097,9.83785736]]],[[[139.62424352,9.85817758],[139.62314938,9.85817312],[139.62341841,9.85925928],[139.62424352,9.85817758]]],[[[139.69917675,9.86281518],[139.69782072,9.85982595],[139.69532999,9.86714069],[139.69917675,9.86281518]]],[[[139.61081527,9.86409037],[139.60999693,9.86354447],[139.61055553,9.86541176],[139.61081527,9.86409037]]],[[[139.68488119,9.88066366],[139.68488442,9.87984986],[139.68430674,9.88097286],[139.68488119,9.88066366]]],[[[139.68405619,9.88174553],[139.68405709,9.88151817],[139.68395319,9.88174512],[139.68405619,9.88174553]]],[[[139.68378113,9.88212095],[139.68370525,9.8822867],[139.68378047,9.88228699],[139.68378113,9.88212095]]],[[[139.68350516,9.88272374],[139.68333334,9.88309906],[139.68350367,9.88309972],[139.68350516,9.88272374]]],[[[139.68322919,9.88332653],[139.68320936,9.88336984],[139.68322902,9.88336992],[139.68322919,9.88332653]]],[[[139.68295222,9.88418265],[139.68295323,9.88392932],[139.68283745,9.8841822],[139.68295222,9.88418265]]],[[[139.68184824,9.88661977],[139.68184935,9.8863405],[139.68172172,9.88661927],[139.68184824,9.88661977]]],[[[139.6812974,9.88754611],[139.68110187,9.8879732],[139.68129569,9.88797396],[139.6812974,9.88754611]]],[[[139.68102143,9.88814892],[139.68085393,9.88851477],[139.68101996,9.88851542],[139.68102143,9.88814892]]],[[[139.68055546,9.88916671],[139.68012518,9.88959699],[139.68074545,9.88875173],[139.68055546,9.88916671]]],[[[139.67691211,9.88958437],[139.67636714,9.88903968],[139.67609031,9.88985241],[139.67691211,9.88958437]]],[[[139.67773205,9.88977808],[139.67773173,9.88985886],[139.67801267,9.88985997],[139.67773205,9.88977808]]],[[[139.67992054,9.88980163],[139.67985497,9.8898672],[139.67992028,9.88986746],[139.67992054,9.88980163]]],[[[139.66046837,9.89684354],[139.66129129,9.89630428],[139.66047277,9.89575848],[139.66046837,9.89684354]]],[[[139.65936198,9.89982308],[139.65771943,9.9000878],[139.65825875,9.90334517],[139.65936198,9.89982308]]],[[[139.65833,9.9047018],[139.65852252,9.9044313],[139.65831575,9.90443047],[139.65833,9.9047018]]],[[[139.65878839,9.90633124],[139.65837276,9.90551577],[139.66013963,9.9104411],[139.65878839,9.90633124]]],[[[139.66030049,9.91067757],[139.6604116,9.91084091],[139.66041226,9.91067801],[139.66030049,9.91067757]]],[[[139.66232075,9.91231324],[139.66068364,9.91122163],[139.66231899,9.91274647],[139.66232075,9.91231324]]],[[[139.66245068,9.91285629],[139.66503246,9.91829195],[139.66504783,9.91449424],[139.66245068,9.91285629]]],[[[139.66774754,9.92345685],[139.66720145,9.92318342],[139.66774669,9.92366641],[139.66774754,9.92345685]]],[[[139.66786885,9.92372861],[139.66829277,9.92394444],[139.66829364,9.92373029],[139.66786885,9.92372861]]],[[[139.66965723,9.92482078],[139.66840583,9.92400201],[139.66888893,9.9261111],[139.66965723,9.92482078]]],[[[139.72512539,10.08400266],[139.66694933,9.78157947],[139.59591514,10.02244509],[139.72512539,10.08400266]]],[[[139.7174522,10.08614312],[139.71881874,10.08669097],[139.72347443,10.08616646],[139.72320283,10.08562287],[139.7174522,10.08614312]]],[[[139.68763901,9.94388063],[139.68665675,9.94794583],[139.68899086,9.94795499],[139.68763901,9.94388063]]],[[[139.68607559,9.94794355],[139.68570971,9.94737445],[139.68570744,9.9479421],[139.68607559,9.94794355]]],[[[139.61200216,9.97205799],[139.61200177,9.97215036],[139.61229269,9.9720592],[139.61200216,9.97205799]]],[[[139.61363591,9.97396362],[139.6136428,9.97233608],[139.61282305,9.97206141],[139.61363591,9.97396362]]],[[[139.61145009,9.97319307],[139.61144916,9.973412],[139.61155557,9.97341245],[139.61145009,9.97319307]]],[[[139.61609058,9.97587265],[139.61690691,9.97696109],[139.61718397,9.97614845],[139.61609058,9.97587265]]],[[[139.62547609,9.98133673],[139.62619125,9.98159042],[139.6261923,9.98133969],[139.62547609,9.98133673]]],[[[139.62427568,9.98160305],[139.62427532,9.98168995],[139.62436229,9.9816034],[139.62427568,9.98160305]]],[[[139.62563819,9.98296498],[139.62728117,9.98270049],[139.62624979,9.98161119],[139.62563819,9.98296498]]],[[[139.62589683,9.9865411],[139.6261706,9.98651269],[139.62589704,9.98649248],[139.62589683,9.9865411]]],[[[139.62480018,9.98703048],[139.62479941,9.98721563],[139.62486358,9.98703074],[139.62480018,9.98703048]]],[[[139.62698137,9.98893832],[139.62753321,9.98785554],[139.62643927,9.98676598],[139.62698137,9.98893832]]],[[[139.62670713,9.98907947],[139.62648073,9.98947878],[139.62670545,9.98947971],[139.62670713,9.98907947]]],[[[139.62643067,9.98974984],[139.62643144,9.98956571],[139.62632728,9.98974942],[139.62643067,9.98974984]]],[[[139.62532811,9.99164414],[139.62615575,9.99005195],[139.62425935,9.99339664],[139.62532811,9.99164414]]],[[[139.62395332,9.99319611],[139.62395303,9.99326604],[139.62406072,9.99326648],[139.62395332,9.99319611]]],[[[139.61843422,10.0040937],[139.61843316,10.00434456],[139.61913988,10.00409663],[139.61843422,10.0040937]]],[[[139.61815942,10.00436382],[139.61815909,10.00444071],[139.61837572,10.00436472],[139.61815942,10.00436382]]],[[[139.62089141,10.00546021],[139.61980365,10.00382812],[139.61979266,10.00708322],[139.62089141,10.00546021]]],[[[139.61669463,10.0059853],[139.61623463,10.00652591],[139.61679919,10.00652826],[139.61669463,10.0059853]]],[[[139.61978876,10.00735447],[139.61978988,10.00709022],[139.6195103,10.00735331],[139.61978876,10.00735447]]],[[[139.61814548,10.00765933],[139.61787214,10.00758223],[139.61787085,10.00788903],[139.61814548,10.00765933]]],[[[139.72186194,10.00884752],[139.7221388,10.00803477],[139.72131672,10.00830288],[139.72186194,10.00884752]]],[[[139.61101666,10.01084435],[139.6110132,10.01165812],[139.61265748,10.01112246],[139.61101666,10.01084435]]],[[[139.76557917,10.02773082],[139.76557896,10.02778678],[139.76576035,10.0277315],[139.76557917,10.02773082]]],[[[139.76393496,10.02826726],[139.76393304,10.02877113],[139.76424657,10.02826842],[139.76393496,10.02826726]]],[[[139.76365818,10.02908006],[139.76365767,10.02921266],[139.76374018,10.02908036],[139.76365818,10.02908006]]],[[[139.73902058,10.03034374],[139.73956587,10.03088836],[139.73984376,10.02980432],[139.73902058,10.03034374]]],[[[139.76583335,10.03288604],[139.76583417,10.03266843],[139.76564675,10.03288534],[139.76583335,10.03288604]]],[[[139.76528534,10.03304656],[139.7650349,10.03315434],[139.76528493,10.03315527],[139.76528534,10.03304656]]],[[[139.76363966,10.03396298],[139.76418874,10.03351851],[139.76309399,10.03350527],[139.76363966,10.03396298]]],[[[139.76417779,10.03640647],[139.76363451,10.03531934],[139.76335463,10.03694596],[139.76417779,10.03640647]]],[[[139.587086,10.03895442],[139.59364971,10.04006737],[139.58163243,10.03431975],[139.587086,10.03895442]]],[[[139.57969066,10.04027912],[139.57805093,10.03972957],[139.57778769,10.04135599],[139.57969066,10.04027912]]],[[[139.57749587,10.04148857],[139.57719623,10.04162471],[139.57749527,10.04162599],[139.57749587,10.04148857]]],[[[139.57694553,10.04216615],[139.57694741,10.04173776],[139.57639894,10.04198694],[139.57694553,10.04216615]]],[[[139.7630593,10.04264167],[139.763333,10.04264269],[139.76333712,10.0415576],[139.76306342,10.04155658],[139.7630593,10.04264167]]],[[[139.58788052,10.04507467],[139.58897373,10.04543461],[139.58897592,10.04493017],[139.58788052,10.04507467]]],[[[139.58909086,10.04547317],[139.58924703,10.04552459],[139.58924725,10.04547384],[139.58909086,10.04547317]]],[[[139.6026557,10.04607317],[139.60265385,10.04650321],[139.60279832,10.04607378],[139.6026557,10.04607317]]],[[[139.60461278,10.04499638],[139.60347057,10.04752269],[139.60566165,10.04717088],[139.60461278,10.04499638]]],[[[139.58732755,10.04636026],[139.58732672,10.04655069],[139.58745226,10.04655123],[139.58732755,10.04636026]]],[[[139.58759944,10.0467766],[139.58759924,10.04682311],[139.5876299,10.04682324],[139.58759944,10.0467766]]],[[[139.59137747,10.04656794],[139.59197676,10.0471904],[139.59197945,10.0465705],[139.59137747,10.04656794]]],[[[139.60757633,10.04745019],[139.60738542,10.04663561],[139.60680873,10.04853201],[139.60757633,10.04745019]]],[[[139.58816282,10.04763929],[139.58814322,10.04760927],[139.58814309,10.0476392],[139.58816282,10.04763929]]],[[[139.60921617,10.0479996],[139.60921849,10.04745709],[139.60866994,10.04772605],[139.60921617,10.0479996]]],[[[139.58868699,10.04844194],[139.58868694,10.0484553],[139.58869574,10.04845533],[139.58868699,10.04844194]]],[[[139.59196888,10.04901178],[139.59224727,10.04792793],[139.58923296,10.04877041],[139.59196888,10.04901178]]],[[[139.7622,10.0526757],[139.76110102,10.05375669],[139.76219587,10.05376079],[139.7622,10.0526757]]],[[[139.62150595,10.05429],[139.62314585,10.05483935],[139.6204169,10.05292915],[139.62150595,10.05429]]],[[[139.63507152,10.06358504],[139.63460912,10.06254524],[139.63405741,10.06356498],[139.63601067,10.06411556],[139.63507152,10.06358504]]],[[[139.63679678,10.06303375],[139.63633322,10.06276058],[139.63608282,10.06411586],[139.63679678,10.06303375]]],[[[139.75337978,10.06864954],[139.75333372,10.06891897],[139.75337875,10.06891914],[139.75337978,10.06864954]]],[[[139.75310358,10.06929326],[139.75293038,10.06946],[139.75310294,10.06946065],[139.75310358,10.06929326]]],[[[139.75255131,10.07054367],[139.75282883,10.06955776],[139.75152693,10.07081108],[139.75255131,10.07054367]]],[[[139.75117955,10.07135231],[139.75118034,10.07114472],[139.75096555,10.07135151],[139.75117955,10.07135231]]],[[[139.74980678,10.072417],[139.74978997,10.07243216],[139.74980672,10.07243222],[139.74980678,10.072417]]],[[[139.7495321,10.0726646],[139.74949026,10.0727023],[139.74953195,10.07270246],[139.7495321,10.0726646]]],[[[139.74925741,10.07291219],[139.74919056,10.07297244],[139.74925718,10.0729727],[139.74925741,10.07291219]]],[[[139.74898272,10.07315978],[139.74889086,10.07324258],[139.7489824,10.07324293],[139.74898272,10.07315978]]],[[[139.74870803,10.07340738],[139.74859116,10.07351272],[139.74870763,10.07351317],[139.74870803,10.07340738]]],[[[139.6756206,10.0737709],[139.67452571,10.07376651],[139.67452495,10.07395298],[139.6756206,10.0737709]]],[[[139.7476095,10.0743388],[139.74721716,10.07459262],[139.74760852,10.0745941],[139.7476095,10.0743388]]],[[[139.67753445,10.0743211],[139.67653008,10.07431707],[139.6767509,10.07486049],[139.67753445,10.0743211]]],[[[139.6805443,10.0746044],[139.67808079,10.07459455],[139.68020259,10.0756881],[139.6805443,10.0746044]]],[[[139.66813082,10.07563966],[139.66781494,10.07482459],[139.66767488,10.07563783],[139.66813082,10.07563966]]],[[[139.68218554,10.07488221],[139.68272968,10.07569819],[139.68410161,10.07488985],[139.68218554,10.07488221]]],[[[139.66822216,10.07567956],[139.66822121,10.07591129],[139.66875769,10.07591346],[139.66822216,10.07567956]]],[[[139.74513972,10.07593656],[139.74513273,10.07594108],[139.7451397,10.07594111],[139.74513972,10.07593656]]],[[[139.66876864,10.07591823],[139.66876754,10.07618476],[139.66938456,10.07618725],[139.66876864,10.07591823]]],[[[139.74486529,10.07611409],[139.74471584,10.07621077],[139.74486492,10.07621134],[139.74486529,10.07611409]]],[[[139.66986159,10.07639559],[139.66986132,10.07646043],[139.67001143,10.07646104],[139.66986159,10.07639559]]],[[[139.67615809,10.07621446],[139.67671023,10.07506505],[139.67337193,10.07755962],[139.67615809,10.07621446]]],[[[139.67126516,10.07700862],[139.67122779,10.0769923],[139.67122772,10.07700847],[139.67126516,10.07700862]]],[[[139.67177295,10.07755319],[139.6723204,10.07755539],[139.67150103,10.07711164],[139.67177295,10.07755319]]],[[[139.73992727,10.07889106],[139.73991135,10.07890522],[139.73992722,10.07890528],[139.73992727,10.07889106]]],[[[139.73965258,10.07913541],[139.7396077,10.07917534],[139.73965243,10.07917551],[139.73965258,10.07913541]]],[[[139.7393779,10.07937977],[139.73869677,10.07998568],[139.7391018,10.07998723],[139.7393779,10.07937977]]],[[[139.73855383,10.08011284],[139.73839313,10.0802558],[139.73855327,10.08025641],[139.73855383,10.08011284]]],[[[139.73827914,10.0803572],[139.73808949,10.08052591],[139.73827848,10.08052663],[139.73827914,10.0803572]]],[[[139.73800445,10.08060156],[139.73778585,10.08079602],[139.73800369,10.08079686],[139.73800445,10.08060156]]],[[[139.73338887,10.08050792],[139.73307753,10.08050672],[139.73307592,10.08091927],[139.73338887,10.08050792]]],[[[139.7377289,10.08106708],[139.73772976,10.08084592],[139.73748221,10.08106614],[139.7377289,10.08106708]]],[[[139.73745411,10.0813373],[139.73622324,10.08187514],[139.73690453,10.08187775],[139.73745411,10.0813373]]],[[[139.73608316,10.08191621],[139.73530999,10.08214292],[139.73608226,10.08214588],[139.73608316,10.08191621]]],[[[139.70431352,10.08592422],[139.70568214,10.08594245],[139.70568261,10.08582591],[139.70431352,10.08592422]]],[[[139.70732502,10.08583234],[139.70650382,10.08582913],[139.7073245,10.08596432],[139.70732502,10.08583234]]],[[[139.70869262,10.08610897],[139.70841889,10.08610789],[139.7086922,10.08621505],[139.70869262,10.08610897]]],[[[139.71635403,10.08695266],[139.71662777,10.08695373],[139.71662991,10.08641119],[139.71635618,10.08641013],[139.71635403,10.08695266]]],[[[139.71115409,10.08666113],[139.71071361,10.08665941],[139.71115372,10.08675615],[139.71115409,10.08666113]]],[[[139.70431086,10.08658777],[139.70430959,10.0869056],[139.70445305,10.08690616],[139.70431086,10.08658777]]],[[[139.70621392,10.08987553],[139.70621384,10.08989704],[139.70625292,10.0898972],[139.70621392,10.08987553]]],[[[143.08135694,6.6802756],[143.08244424,6.68081341],[143.0824408,6.67999981],[143.08135694,6.6802756]]],[[[143.07810744,6.68159993],[143.07973507,6.68161973],[143.079734,6.68136728],[143.07810744,6.68159993]]],[[[143.0800064,6.68163734],[143.07985388,6.68163799],[143.08000651,6.68166143],[143.0800064,6.68163734]]],[[[143.07376984,6.68220607],[143.07535027,6.68328424],[143.07800094,6.68164581],[143.07376984,6.68220607]]],[[[143.07567363,6.6833834],[143.07567435,6.68355408],[143.07622268,6.68355177],[143.07567363,6.6833834]]],[[[143.03964533,6.69536692],[143.06459497,6.69363545],[143.01573572,6.68624418],[143.03964533,6.69536692]]],[[[143.0296207,6.6983918],[143.03044237,6.70028691],[143.0323313,6.6978695],[143.0296207,6.6983918]]],[[[143.03071391,6.70035057],[143.03071476,6.700557],[143.03098658,6.70055588],[143.03071391,6.70035057]]],[[[143.84502823,7.32471766],[143.83594637,7.32860932],[143.84272949,7.3279848],[143.84502823,7.32471766]]],[[[143.82493121,7.3469441],[143.8249303,7.34679971],[143.82465881,7.34680142],[143.82493121,7.3469441]]],[[[143.85628787,7.36801374],[143.90990068,7.34598535],[143.83894434,7.33044817],[143.85628787,7.36801374]]],[[[143.8233185,7.3495204],[143.82738397,7.34841057],[143.82656436,7.34760258],[143.8233185,7.3495204]]],[[[143.82310014,7.35792446],[143.82148488,7.36010307],[143.82284407,7.36036556],[143.82310014,7.35792446]]],[[[143.86819511,7.36197457],[143.86901131,7.36224038],[143.8698031,7.35871174],[143.86819511,7.36197457]]],[[[143.82311786,7.36072586],[143.82314371,7.36063472],[143.82311729,7.36063489],[143.82311786,7.36072586]]],[[[143.82422043,7.36333847],[143.82611747,7.36278438],[143.82301426,7.36109114],[143.82422043,7.36333847]]],[[[143.86439952,7.36281201],[143.8618288,7.3643645],[143.86387222,7.36525479],[143.86439952,7.36281201]]],[[[143.82667421,7.36494929],[143.82776879,7.36629764],[143.8280317,7.36494071],[143.82667421,7.36494929]]],[[[143.85710061,7.3677375],[143.8568326,7.36828131],[143.85762842,7.36746309],[143.85710061,7.3677375]]],[[[143.85793073,7.37017161],[143.85981031,7.36690705],[143.85710848,7.36896396],[143.85793073,7.37017161]]],[[[143.85711799,7.37044786],[143.84737594,7.37547778],[143.85443259,7.37507281],[143.85711799,7.37044786]]],[[[143.8310663,7.37249909],[143.83106637,7.37251097],[143.83108156,7.37251088],[143.8310663,7.37249909]]],[[[143.83133915,7.37270988],[143.8313396,7.37278029],[143.83142956,7.37277972],[143.83133915,7.37270988]]],[[[143.83212557,7.37331742],[143.831612,7.37292067],[143.83161454,7.37332066],[143.83212557,7.37331742]]],[[[143.83272314,7.37377906],[143.83215771,7.37334224],[143.8324325,7.37385758],[143.83272314,7.37377906]]],[[[143.83488291,7.37492624],[143.8424832,7.3746069],[143.84328039,7.37189133],[143.83488291,7.37492624]]],[[[143.84655193,7.37399406],[143.84655741,7.37485201],[143.84665746,7.37485137],[143.84655193,7.37399406]]],[[[140.41795692,8.112718],[140.41795682,8.11278729],[140.41807519,8.11271817],[140.41795692,8.112718]]],[[[140.41848755,8.11247742],[140.41855121,8.11378956],[140.41904571,8.11299091],[140.41848755,8.11247742]]],[[[140.41849956,8.11407554],[140.41849991,8.11383212],[140.41820704,8.11407512],[140.41849956,8.11407554]]],[[[140.41795466,8.11428452],[140.41788056,8.11434601],[140.41795457,8.11434611],[140.41795466,8.11428452]]],[[[140.41768204,8.11451072],[140.41755408,8.11461689],[140.41768189,8.11461707],[140.41768204,8.11451072]]],[[[140.41740942,8.11473692],[140.4172276,8.11488777],[140.4174092,8.11488803],[140.41740942,8.11473692]]],[[[140.41436617,8.11488367],[140.41414164,8.11488335],[140.41414145,8.11501487],[140.41436617,8.11488367]]],[[[140.41713651,8.115159],[140.41713679,8.11496312],[140.41690112,8.11515866],[140.41713651,8.115159]]],[[[140.41359626,8.11542527],[140.41604654,8.11570014],[140.41332475,8.11488217],[140.41359626,8.11542527]]],[[[140.40760016,8.1192155],[140.41304924,8.11709097],[140.41223477,8.1154233],[140.40760016,8.1192155]]],[[[140.41223043,8.11840816],[140.41304851,8.11759529],[140.41173867,8.1186788],[140.41223043,8.11840816]]],[[[140.41168535,8.11874077],[140.41127228,8.11922083],[140.41168465,8.11922143],[140.41168535,8.11874077]]],[[[140.41113983,8.11937476],[140.41103908,8.11949184],[140.41113966,8.11949199],[140.41113983,8.11937476]]],[[[140.40641702,8.12002783],[140.40623747,8.12002757],[140.40623728,8.12015222],[140.40641702,8.12002783]]],[[[140.40596437,8.12056987],[140.40596404,8.12079532],[140.40605977,8.12057001],[140.40596437,8.12056987]]],[[[140.41004729,8.12166122],[140.41086706,8.11969176],[140.40844985,8.12382971],[140.41004729,8.12166122]]],[[[140.40813641,8.12491465],[140.40813681,8.1246433],[140.40840911,8.1246437],[140.40841017,8.12392405],[140.40813641,8.12491465]]],[[[140.40432497,8.12436639],[140.40432454,8.12465393],[140.40444664,8.12436657],[140.40432497,8.12436639]]],[[[140.40405187,8.12490869],[140.40405129,8.12529704],[140.4042162,8.12490893],[140.40405187,8.12490869]]],[[[140.40377836,8.12572234],[140.40377804,8.12594016],[140.40387053,8.12572248],[140.40377836,8.12572234]]],[[[140.4075904,8.12587305],[140.40753735,8.12599919],[140.40759021,8.12599926],[140.4075904,8.12587305]]],[[[140.40364008,8.12626484],[140.40350526,8.12626464],[140.40350485,8.12653599],[140.40364008,8.12626484]]],[[[140.40731714,8.12652273],[140.40730922,8.12654156],[140.40731711,8.12654157],[140.40731714,8.12652273]]],[[[140.40677062,8.12782207],[140.40673891,8.12789748],[140.40677051,8.12789752],[140.40677062,8.12782207]]],[[[140.40651078,8.12843985],[140.40676971,8.12844023],[140.40677011,8.12816887],[140.40651078,8.12843985]]],[[[140.4027183,8.12843429],[140.40268513,8.12843425],[140.40268502,8.12851263],[140.4027183,8.12843429]]],[[[140.40649736,8.12847175],[140.40639672,8.12871103],[140.40649701,8.12871118],[140.40649736,8.12847175]]],[[[140.4062241,8.12912143],[140.40616859,8.1292534],[140.40622391,8.12925348],[140.4062241,8.12912143]]],[[[140.40595084,8.12977111],[140.40594047,8.12979577],[140.4059508,8.12979578],[140.40595084,8.12977111]]],[[[140.40218175,8.13060431],[140.40191138,8.13033342],[140.401865,8.13060384],[140.40218175,8.13060431]]],[[[140.4056773,8.13060944],[140.40567757,8.1304208],[140.40560281,8.13059855],[140.4056773,8.13060944]]],[[[140.40513247,8.13075355],[140.40475048,8.13087943],[140.40513228,8.13087999],[140.40513247,8.13075355]]],[[[140.40268159,8.13082707],[140.40240935,8.13078092],[140.40240921,8.130876],[140.40268159,8.13082707]]],[[[140.40297508,8.13087683],[140.40295383,8.13087322],[140.40295383,8.1308768],[140.40297508,8.13087683]]],[[[140.40458727,8.13115054],[140.40458759,8.13093311],[140.40377055,8.13101168],[140.40458727,8.13115054]]],[[[140.38196835,8.14251346],[140.40215377,8.11947889],[140.36154099,8.14492399],[140.38196835,8.14251346]]],[[[140.40104486,8.13277344],[140.40049881,8.13373776],[140.40104687,8.13141669],[140.40104486,8.13277344]]],[[[140.40131638,8.13330576],[140.40131188,8.13331654],[140.40131636,8.13331654],[140.40131638,8.13330576]]],[[[140.40076933,8.13494384],[140.40076973,8.13467249],[140.40104204,8.13467289],[140.4010431,8.13396103],[140.40076933,8.13494384]]],[[[140.40022229,8.13657114],[140.40049653,8.1352716],[140.3994192,8.13656995],[140.40022229,8.13657114]]],[[[140.39858923,8.13602602],[140.39858923,8.13602902],[140.39859173,8.13602602],[140.39858923,8.13602602]]],[[[140.39913279,8.13673795],[140.39895777,8.13684062],[140.39913264,8.13684088],[140.39913279,8.13673795]]],[[[140.39813999,8.13656806],[140.39749918,8.13656711],[140.39749837,8.1371098],[140.39813999,8.13656806]]],[[[140.3827828,8.1441428],[140.38332743,8.14414363],[140.38332785,8.14387228],[140.38278322,8.14387145],[140.3827828,8.1441428]]],[[[140.38768488,8.14387888],[140.38523281,8.14468922],[140.38713819,8.1452348],[140.38768488,8.14387888]]],[[[140.36262338,8.14926726],[140.36262321,8.14937549],[140.36285841,8.14926763],[140.36262338,8.14926726]]],[[[140.36071587,8.15007831],[140.36071559,8.15025029],[140.36108935,8.1500789],[140.36071587,8.15007831]]],[[[140.36071285,8.15197774],[140.36207488,8.15170854],[140.35989737,8.15104707],[140.36071285,8.15197774]]],[[[140.3579875,8.15333018],[140.35907548,8.15414594],[140.35935082,8.15224694],[140.3579875,8.15333018]]],[[[140.353084,8.15440777],[140.35390009,8.15495177],[140.35390183,8.15386638],[140.353084,8.15440777]]],[[[140.33783409,8.15438315],[140.33620017,8.15438048],[140.3393099,8.1546569],[140.33783409,8.15438315]]],[[[140.34300683,8.15520561],[140.34273451,8.15520517],[140.34300661,8.15534174],[140.34300683,8.15520561]]],[[[140.34218721,8.15683236],[140.34355147,8.15520649],[140.3370157,8.15524918],[140.34218721,8.15683236]]],[[[140.50969731,9.75480725],[140.51270644,9.7545377],[140.51215979,9.75426812],[140.50969731,9.75480725]]],[[[140.51544165,9.75454413],[140.51498154,9.75454348],[140.51544146,9.75467269],[140.51544165,9.75454413]]],[[[140.5158505,9.75481604],[140.516535,9.75505594],[140.51653534,9.75481702],[140.5158505,9.75481604]]],[[[140.51662783,9.75508848],[140.51708177,9.75524757],[140.517082,9.75508912],[140.51662783,9.75508848]]],[[[140.51740515,9.75536091],[140.51790192,9.75553502],[140.51790217,9.75536162],[140.51740515,9.75536091]]],[[[140.51814165,9.75563329],[140.51817526,9.75566291],[140.5181753,9.75563333],[140.51814165,9.75563329]]],[[[140.51906685,9.75644859],[140.51926797,9.75662582],[140.51926823,9.75644887],[140.51906685,9.75644859]]],[[[140.51937525,9.75672036],[140.51981433,9.75710728],[140.51981488,9.75672098],[140.51937525,9.75672036]]],[[[140.52036115,9.75726441],[140.51999205,9.75726389],[140.52036069,9.75758874],[140.52036115,9.75726441]]],[[[140.5206339,9.75780746],[140.52060884,9.75780742],[140.52063387,9.75782948],[140.5206339,9.75780746]]],[[[140.52091724,9.75807919],[140.52118023,9.75831094],[140.52118056,9.75807956],[140.52091724,9.75807919]]],[[[140.52218987,9.75943764],[140.52582138,9.76452087],[140.52336606,9.75998195],[140.52218987,9.75943764]]],[[[140.51323657,9.76618714],[140.51323654,9.76620826],[140.51324664,9.76620827],[140.51323657,9.76618714]]],[[[140.5162419,9.76862303],[140.51624185,9.76865453],[140.51629136,9.7686546],[140.5162419,9.76862303]]],[[[140.53046861,9.76650379],[140.52828979,9.76595811],[140.53041983,9.76719832],[140.52776003,9.77169538],[140.53046861,9.76650379]]],[[[140.5274518,9.77214364],[140.52738022,9.77219749],[140.52745173,9.77219759],[140.5274518,9.77214364]]],[[[139.93090903,9.94013434],[139.95962785,9.85747939],[139.93663076,9.77710413],[139.93090903,9.94013434]]],[[[139.85229007,9.91437306],[139.85219179,9.91437272],[139.8521917,9.91439805],[139.85229007,9.91437306]]],[[[139.85438159,9.91410892],[139.85306873,9.91627473],[139.85492504,9.91519592],[139.85438159,9.91410892]]],[[[139.84890566,9.91517532],[139.84890546,9.91523302],[139.8491295,9.91517609],[139.84890566,9.91517532]]],[[[139.84698851,9.91571132],[139.84698848,9.91572008],[139.84702252,9.91571143],[139.84698851,9.91571132]]],[[[139.84561952,9.91597789],[139.84561921,9.91606799],[139.84596906,9.9159791],[139.84561952,9.91597789]]],[[[139.85218376,9.91667825],[139.84775407,9.9186981],[139.85190685,9.91762719],[139.85218376,9.91667825]]],[[[139.8461563,9.91896389],[139.84725133,9.9187989],[139.84429263,9.91922876],[139.8461563,9.91896389]]],[[[139.82615769,9.9259479],[139.83931032,9.92056799],[139.8190447,9.92565163],[139.82615769,9.9259479]]],[[[139.90166633,9.92918803],[139.90166622,9.92921962],[139.90172553,9.92918822],[139.90166633,9.92918803]]],[[[139.9035835,9.92865172],[139.90194033,9.92907448],[139.90467179,9.93052335],[139.9035835,9.92865172]]],[[[139.81820829,9.92998923],[139.81820856,9.92991298],[139.8179818,9.92998843],[139.81820829,9.92998923]]],[[[139.81656464,9.93052599],[139.81656488,9.93045987],[139.81636823,9.9305253],[139.81656464,9.93052599]]],[[[139.81574303,9.93073331],[139.81556145,9.93079373],[139.81574281,9.93079437],[139.81574303,9.93073331]]],[[[139.81245745,9.93132531],[139.81275207,9.93132635],[139.8123347,9.93051102],[139.81245745,9.93132531]]],[[[139.81546822,9.93106468],[139.81382539,9.93137136],[139.81409818,9.9316024],[139.81546822,9.93106468]]],[[[139.90357086,9.93244976],[139.90467162,9.93057516],[139.9027515,9.93199083],[139.90357086,9.93244976]]],[[[139.81327749,9.93155365],[139.81314116,9.93159901],[139.81327733,9.9315995],[139.81327749,9.93155365]]],[[[139.81218188,9.9318669],[139.81163758,9.93105112],[139.81272911,9.93186884],[139.81218188,9.9318669]]],[[[139.90357086,9.93244976],[139.90356996,9.93272105],[139.90384358,9.93272194],[139.90384449,9.93245065],[139.90357086,9.93244976]]],[[[139.81245256,9.93268171],[139.81245279,9.93261827],[139.8124116,9.93268156],[139.81245256,9.93268171]]],[[[139.90927657,9.94467651],[139.90784039,9.94412924],[139.90954795,9.94536039],[139.90927657,9.94467651]]],[[[139.91063757,9.94685128],[139.90966256,9.94549164],[139.90989334,9.94739144],[139.91063757,9.94685128]]],[[[139.90872236,9.94676652],[139.9087221,9.94684503],[139.90885846,9.94684548],[139.90872236,9.94676652]]],[[[139.90899547,9.94692496],[139.90899483,9.94711722],[139.90932875,9.9471183],[139.90899547,9.94692496]]],[[[139.90954171,9.94724184],[139.90954122,9.94739029],[139.90979904,9.94739113],[139.90954171,9.94724184]]],[[[139.79164142,10.01127865],[139.79082037,10.01127567],[139.79081904,10.01163592],[139.79164142,10.01127865]]],[[[139.78917325,10.01262607],[139.789173,10.01269602],[139.789249,10.01262635],[139.78917325,10.01262607]]],[[[139.79328151,10.01182717],[139.79207462,10.01155151],[139.79436442,10.01503256],[139.79328151,10.01182717]]],[[[139.79491159,10.01508845],[139.79438477,10.01508653],[139.79470316,10.01644409],[139.79491159,10.01508845]]],[[[139.78700515,10.01641608],[139.78696968,10.01641595],[139.78696929,10.01652201],[139.78700515,10.01641608]]],[[[139.78669398,10.0169575],[139.78669256,10.01733936],[139.78682169,10.01695797],[139.78669398,10.0169575]]],[[[139.78641727,10.01777033],[139.78641707,10.01782463],[139.78646952,10.01777052],[139.78641727,10.01777033]]],[[[139.78614257,10.01804061],[139.78614232,10.01810806],[139.78620748,10.01804084],[139.78614257,10.01804061]]],[[[139.78586788,10.01831088],[139.78586758,10.01839149],[139.78594544,10.01831116],[139.78586788,10.01831088]]],[[[139.78559318,10.01858116],[139.78559283,10.01867492],[139.7856834,10.01858149],[139.78559318,10.01858116]]],[[[139.78531848,10.01885143],[139.78531809,10.01895835],[139.78542136,10.01885181],[139.78531848,10.01885143]]],[[[139.79214864,10.02213169],[139.79516625,10.02024369],[139.79490558,10.0167161],[139.79214864,10.02213169]]],[[[139.78495053,10.02102032],[139.78476332,10.02094138],[139.78476303,10.02101963],[139.78495053,10.02102032]]],[[[139.7855995,10.02129397],[139.78530985,10.02117183],[139.7853094,10.02129291],[139.7855995,10.02129397]]],[[[139.78585638,10.02140229],[139.78585577,10.02156619],[139.78624846,10.02156762],[139.78585638,10.02140229]]],[[[139.78667617,10.02174798],[139.78667583,10.02184046],[139.78689743,10.02184127],[139.78667617,10.02174798]]],[[[139.79160203,10.02192004],[139.7903744,10.02212523],[139.79160126,10.0221297],[139.79160203,10.02192004]]],[[[139.78913725,10.02233202],[139.78968441,10.022394],[139.78968498,10.02224047],[139.78913725,10.02233202]]],[[[139.77191619,10.02585538],[139.77188127,10.02585526],[139.77188123,10.02586604],[139.77191619,10.02585538]]],[[[139.77078548,10.02612248],[139.77078519,10.02620008],[139.77103676,10.02612341],[139.77078548,10.02612248]]],[[[139.77325075,10.02558904],[139.77143955,10.02842236],[139.7735173,10.02748897],[139.77325075,10.02558904]]],[[[139.76749707,10.0271954],[139.76749705,10.0272022],[139.76751912,10.02719548],[139.76749707,10.0271954]]],[[[139.76663973,10.02746349],[139.76585389,10.02746057],[139.76585297,10.02770327],[139.76663973,10.02746349]]],[[[139.77104895,10.02883623],[139.77104985,10.02859792],[139.77052517,10.02883429],[139.77104895,10.02883623]]],[[[139.76995319,10.02909197],[139.76992792,10.02910336],[139.76995315,10.02910345],[139.76995319,10.02909197]]],[[[139.76967903,10.02921548],[139.76933067,10.02937242],[139.76967843,10.02937371],[139.76967903,10.02921548]]],[[[139.76830586,10.03045373],[139.7691307,10.02946251],[139.76611404,10.03234452],[139.76830586,10.03045373]]],[[[144.44214419,7.24035833],[144.44199735,7.24035944],[144.44214466,7.2404203],[144.44214419,7.24035833]]],[[[144.44350461,7.24088982],[144.44328523,7.24089148],[144.44350531,7.2409824],[144.44350461,7.24088982]]],[[[144.44404919,7.2411566],[144.44392917,7.2411575],[144.44404958,7.24120725],[144.44404919,7.2411566]]],[[[144.44133657,7.24117714],[144.44242985,7.24225245],[144.43943585,7.24094257],[144.44133657,7.24117714]]],[[[144.44731449,7.24246916],[144.44676798,7.24194868],[144.44597017,7.24195473],[144.44731449,7.24246916]]],[[[144.44758656,7.24257327],[144.44758589,7.24248428],[144.4473585,7.242486],[144.44758656,7.24257327]]],[[[144.44785921,7.2427531],[144.44782946,7.24275333],[144.44785939,7.24277755],[144.44785921,7.2427531]]],[[[144.44324747,7.24275054],[144.44324775,7.24278806],[144.44327655,7.24278784],[144.44324747,7.24275054]]],[[[144.44352142,7.2431019],[144.44352313,7.24332777],[144.44369649,7.24332645],[144.44352142,7.2431019]]],[[[144.44867856,7.24347925],[144.44867711,7.24328869],[144.44849291,7.24329009],[144.44867856,7.24347925]]],[[[144.44379536,7.24345327],[144.44379645,7.2435966],[144.44390646,7.24359576],[144.44379536,7.24345327]]],[[[144.4484093,7.24374441],[144.44840997,7.24383251],[144.44851493,7.24383172],[144.4484093,7.24374441]]],[[[144.44596861,7.24385103],[144.44819019,7.24356328],[144.44488156,7.24359535],[144.44596861,7.24385103]]],[[[144.44883967,7.24410015],[144.4486823,7.24397007],[144.4486833,7.24410134],[144.44883967,7.24410015]]],[[[144.44950121,7.24463692],[144.45004579,7.24490368],[144.44895044,7.24355751],[144.44950121,7.24463692]]],[[[144.44895529,7.24419573],[144.44895662,7.24437016],[144.4491644,7.24436858],[144.44895529,7.24419573]]],[[[144.43602562,7.24720001],[144.43515296,7.24853822],[144.43623804,7.24853001],[144.43602562,7.24720001]]],[[[144.45359284,7.2475857],[144.45359904,7.24839834],[144.45390364,7.24731244],[144.45359284,7.2475857]]],[[[144.45691625,7.25649994],[144.46413267,7.24235848],[144.4474487,7.26009365],[144.45691625,7.25649994]]],[[[144.44842646,7.24599956],[144.43844315,7.25311862],[144.45331621,7.25376928],[144.44842646,7.24599956]]],[[[143.87534557,7.33401134],[143.87452943,7.33374552],[143.87562226,7.33482269],[143.87534557,7.33401134]]],[[[143.9098848,7.34354614],[143.90980838,7.34354664],[143.90988509,7.34359013],[143.9098848,7.34354614]]],[[[143.91070253,7.34405359],[143.91070096,7.34381188],[143.91028102,7.34381461],[143.91070253,7.34405359]]],[[[143.91206519,7.34486377],[143.91206181,7.34434512],[143.91075366,7.34408258],[143.91206519,7.34486377]]],[[[143.89116235,7.34502239],[143.8911606,7.34475136],[143.89034619,7.34475661],[143.89034794,7.34502764],[143.89116235,7.34502239]]],[[[149.18930481,7.34646045],[149.18921092,7.3464609],[149.1893062,7.34674577],[149.18930481,7.34646045]]],[[[149.18894209,7.34808931],[149.18823201,7.34926125],[149.18904779,7.3494447],[149.18894209,7.34808931]]],[[[143.91315826,7.3459642],[143.91207271,7.34488711],[143.91483607,7.35346645],[143.91315826,7.3459642]]],[[[149.18799185,7.35568704],[149.193455,7.3618975],[149.19277775,7.34916663],[149.18799185,7.35568704]]],[[[143.88119659,7.35728336],[143.88106926,7.35728417],[143.8811972,7.35737828],[143.88119659,7.35728336]]],[[[149.19424855,7.35755471],[149.19424672,7.35718216],[149.19397575,7.35731766],[149.19424855,7.35755471]]],[[[143.8752345,7.35894793],[143.8782208,7.35892874],[143.87468689,7.35823076],[143.8752345,7.35894793]]],[[[143.91408233,7.36276224],[143.91483923,7.35394953],[143.91213381,7.36311436],[143.91408233,7.36276224]]],[[[149.18474787,7.35887408],[149.18474695,7.35868589],[149.18456674,7.35868677],[149.18474787,7.35887408]]],[[[149.1850199,7.35895574],[149.18482774,7.35895668],[149.18502088,7.35915641],[149.1850199,7.35895574]]],[[[143.87957949,7.35911891],[143.87957996,7.35919104],[143.87996326,7.35918858],[143.87957949,7.35911891]]],[[[143.88310746,7.3588973],[143.88201453,7.35782017],[143.88393416,7.36078925],[143.88310746,7.3588973]]],[[[149.18665899,7.36085045],[149.18638069,7.35949146],[149.18556581,7.35949544],[149.18665899,7.36085045]]],[[[149.19372129,7.36081147],[149.19399611,7.36145929],[149.19572114,7.36053048],[149.19372129,7.36081147]]],[[[149.19073625,7.36140826],[149.19149542,7.36144674],[149.1915496,7.36109328],[149.19073625,7.36140826]]],[[[149.19155284,7.36175223],[149.19130273,7.36190804],[149.1915536,7.36190681],[149.19155284,7.36175223]]],[[[149.19047108,7.36272565],[149.19128203,7.36192093],[149.18867017,7.36354801],[149.19047108,7.36272565]]],[[[149.19237901,7.3640457],[149.19237781,7.36380104],[149.19213557,7.36380223],[149.19237901,7.3640457]]],[[[149.19265077,7.36407089],[149.1924054,7.36407209],[149.19265199,7.3643187],[149.19265077,7.36407089]]],[[[149.19292374,7.36434073],[149.19267524,7.36434195],[149.19292497,7.3645917],[149.19292374,7.36434073]]],[[[149.18808268,7.36490679],[149.18803706,7.36490701],[149.18803725,7.36494654],[149.18808268,7.36490679]]],[[[149.18640748,7.36495756],[149.18603762,7.36518797],[149.1864086,7.36518615],[149.18640748,7.36495756]]],[[[149.18777103,7.3651795],[149.18776676,7.36517952],[149.18776678,7.36518321],[149.18777103,7.3651795]]],[[[149.18586586,7.36529497],[149.18559886,7.36546129],[149.18586667,7.36545998],[149.18586586,7.36529497]]],[[[149.18745937,7.3654522],[149.18722483,7.36545335],[149.18722582,7.36565656],[149.18745937,7.3654522]]],[[[143.91059903,7.36414008],[143.91221204,7.36737327],[143.91247649,7.36629613],[143.91059903,7.36414008]]],[[[149.18695534,7.36589323],[149.18714771,7.36572491],[149.18695452,7.36572585],[149.18695534,7.36589323]]],[[[149.18505576,7.36627749],[149.18559637,7.36573249],[149.18484366,7.36593175],[149.18505576,7.36627749]]],[[[149.18683605,7.36599761],[149.18668422,7.36599835],[149.18668487,7.3661299],[149.18683605,7.36599761]]],[[[143.88804148,7.36618355],[143.88796768,7.36618403],[143.88804175,7.3662253],[143.88804148,7.36618355]]],[[[149.19347767,7.36650746],[149.193475,7.36596511],[149.19333327,7.36650817],[149.19347767,7.36650746]]],[[[149.18478662,7.36678768],[149.18478439,7.36682118],[149.18478679,7.36682117],[149.18478662,7.36678768]]],[[[149.18479742,7.36899058],[149.18479343,7.36817705],[149.18463977,7.36899135],[149.18479742,7.36899058]]],[[[143.88697761,7.36959711],[143.88698012,7.36998495],[143.88722169,7.36998339],[143.88697761,7.36959711]]],[[[143.88725337,7.37025423],[143.88742898,7.37025309],[143.88725192,7.37003124],[143.88725337,7.37025423]]],[[[143.8880731,7.37106205],[143.89269011,7.37130323],[143.89294928,7.36940429],[143.8880731,7.37106205]]],[[[143.89920222,7.37071896],[143.89947723,7.37125925],[143.89982516,7.37098596],[143.89920222,7.37071896]]],[[[143.90001968,7.37117639],[143.9000202,7.37125573],[143.90010019,7.37125521],[143.90001968,7.37117639]]],[[[143.90083939,7.37197889],[143.90083995,7.37206352],[143.90092527,7.37206296],[143.90083939,7.37197889]]],[[[143.90147532,7.37260146],[143.90111263,7.37224639],[143.90111496,7.3726038],[143.90147532,7.37260146]]],[[[147.02810331,7.37436432],[147.0281033,7.37423338],[147.02795351,7.37423339],[147.02810331,7.37436432]]],[[[147.02837516,7.37450474],[147.02826397,7.37450475],[147.02837516,7.37460193],[147.02837516,7.37450474]]],[[[147.02864701,7.3747761],[147.02857442,7.3747761],[147.02864701,7.37483955],[147.02864701,7.3747761]]],[[[143.91222981,7.37009221],[143.90823728,7.38231474],[143.91122365,7.38229527],[143.91222981,7.37009221]]],[[[147.0392492,7.38139149],[147.03924919,7.38128828],[147.03910071,7.38128829],[147.0392492,7.38139149]]],[[[143.9081295,7.38177337],[143.90714429,7.38124467],[143.90714779,7.38177977],[143.9081295,7.38177337]]],[[[147.02701651,7.38326482],[147.02701652,7.38346018],[147.02722609,7.38346017],[147.02701651,7.38326482]]],[[[147.02728836,7.38351821],[147.02728838,7.38373154],[147.02751722,7.38373152],[147.02728836,7.38351821]]],[[[147.04006476,7.38183095],[147.02756022,7.3837716],[147.03354092,7.38617348],[147.04006476,7.38183095]]],[[[146.1625292,7.40473634],[146.16328679,7.40473777],[146.1619878,7.40354328],[146.1625292,7.40473634]]],[[[146.16334462,7.40477164],[146.16334417,7.40500922],[146.16375146,7.40500999],[146.16334462,7.40477164]]],[[[146.1641592,7.40524885],[146.16415913,7.4052821],[146.16421613,7.40528221],[146.1641592,7.40524885]]],[[[146.16497378,7.40572606],[146.16497359,7.40582632],[146.16514547,7.40582664],[146.16497378,7.40572606]]],[[[146.16579213,7.40419978],[146.16605936,7.40664239],[146.16714514,7.40745846],[146.16579213,7.40419978]]],[[[146.16985986,7.40936296],[146.1698209,7.40936288],[146.16985983,7.40938007],[146.16985986,7.40936296]]],[[[146.17085627,7.4104502],[146.17094439,7.41085441],[146.17094515,7.41045037],[146.17085627,7.4104502]]],[[[146.17042828,7.41430986],[146.16986598,7.41506124],[146.17121546,7.41126491],[146.17042828,7.41430986]]],[[[146.16930607,7.41477034],[146.16930604,7.41478885],[146.16934097,7.41478892],[146.16930607,7.41477034]]],[[[146.16957763,7.4149149],[146.16957685,7.41533205],[146.16984868,7.41533256],[146.16957763,7.4149149]]],[[[146.1608772,7.41585841],[146.15732738,7.4242634],[146.16252664,7.40609307],[146.1608772,7.41585841]]],[[[146.14313714,7.45245605],[146.14313713,7.45246306],[146.14317865,7.45245613],[146.14313714,7.45245605]]],[[[146.14368032,7.45272845],[146.14259185,7.45326903],[146.14612438,7.45408989],[146.14368032,7.45272845]]],[[[146.14363757,7.47470723],[146.14557646,7.45625959],[146.13277361,7.46925915],[146.14363757,7.47470723]]],[[[146.14660951,7.48428689],[146.14660913,7.48448137],[146.14670964,7.48448156],[146.14660951,7.48428689]]],[[[146.14848587,7.48475634],[146.14851151,7.48486322],[146.14851172,7.48475639],[146.14848587,7.48475634]]],[[[146.14878096,7.48611363],[146.14878254,7.4852996],[146.14798605,7.48569405],[146.14878096,7.48611363]]],[[[146.14714919,7.48638182],[146.14714971,7.48611048],[146.14687784,7.48610995],[146.14687731,7.48638129],[146.14714919,7.48638182]]],[[[146.15202982,7.49317484],[146.1634187,7.50893464],[146.17186012,7.502167],[146.15202982,7.49317484]]],[[[146.26370593,7.50612931],[146.26348065,7.50596546],[146.26348038,7.50612894],[146.26370593,7.50612931]]],[[[146.26375222,7.50616298],[146.26375182,7.50640074],[146.26407985,7.50640129],[146.26375222,7.50616298]]],[[[146.26592879,7.50531898],[146.2651918,7.50368964],[146.26565098,7.50884608],[146.26592879,7.50531898]]],[[[146.17242214,7.50678093],[146.17266675,7.5069459],[146.17266706,7.50678139],[146.17242214,7.50678093]]],[[[146.17293844,7.50705324],[146.17282561,7.50705303],[146.1729383,7.50712903],[146.17293844,7.50705324]]],[[[146.17375359,7.50732612],[146.17322908,7.50732514],[146.17402447,7.50786156],[146.17375359,7.50732612]]],[[[146.17403602,7.50786935],[146.17429602,7.50804469],[146.17429635,7.50786984],[146.17403602,7.50786935]]],[[[146.17443949,7.50814145],[146.17456756,7.50822783],[146.17456773,7.50814169],[146.17443949,7.50814145]]],[[[146.17499415,7.50895653],[146.17510834,7.50982418],[146.17510997,7.50895675],[146.17499415,7.50895653]]],[[[146.16776739,7.50975693],[146.1677679,7.50948559],[146.16749601,7.50948507],[146.1674955,7.50975642],[146.16776739,7.50975693]]],[[[146.16970296,7.51057463],[146.16966908,7.51057457],[146.16966901,7.51060858],[146.16970296,7.51057463]]],[[[146.16857996,7.51138654],[146.16830704,7.51192871],[146.16916129,7.5111163],[146.16857996,7.51138654]]],[[[146.16857817,7.51232936],[146.1685779,7.51247192],[146.16866901,7.51247209],[146.16857817,7.51232936]]],[[[146.17129014,7.51600453],[146.17428149,7.51573883],[146.17537879,7.51058532],[146.17129014,7.51600453]]],[[[146.16966251,7.51403308],[146.16966238,7.51410204],[146.16970645,7.51410212],[146.16966251,7.51403308]]],[[[146.17020468,7.51488495],[146.17020462,7.5149171],[146.17022517,7.51491714],[146.17020468,7.51488495]]],[[[146.17047577,7.51531088],[146.17047548,7.5154603],[146.17057098,7.51546048],[146.17047577,7.51531088]]],[[[146.3325214,7.51980697],[146.33171066,7.51654948],[146.32944441,7.52166665],[146.3325214,7.51980697]]],[[[146.32721432,7.52007022],[146.32708308,7.51992021],[146.32708285,7.52007001],[146.32721432,7.52007022]]],[[[146.32768981,7.52061365],[146.32735451,7.52023043],[146.32735392,7.52061314],[146.32768981,7.52061365]]],[[[146.32789737,7.52085088],[146.32789732,7.52088533],[146.32792755,7.52088537],[146.32789737,7.52085088]]],[[[145.85328062,7.68540583],[145.85165096,7.68458753],[145.85300063,7.68838958],[145.85328062,7.68540583]]],[[[145.87989158,7.70175529],[145.87586962,7.67976784],[145.85408563,7.68947775],[145.87989158,7.70175529]]],[[[145.8826136,7.70094843],[145.88305259,7.70284882],[145.88342956,7.70095056],[145.8826136,7.70094843]]],[[[145.87825395,7.70392156],[145.87852379,7.70473623],[145.87910757,7.70446644],[145.87825395,7.70392156]]],[[[145.87934014,7.70459359],[145.87933976,7.70473836],[145.87960621,7.70473906],[145.87934014,7.70459359]]],[[[145.87988335,7.70489058],[145.87988303,7.70501111],[145.88010485,7.70501169],[145.87988335,7.70489058]]],[[[145.8834189,7.70502034],[145.88337154,7.70502021],[145.88341807,7.705337],[145.8834189,7.70502034]]],[[[145.88110212,7.70555693],[145.88096976,7.70548456],[145.88096957,7.70555659],[145.88110212,7.70555693]]],[[[145.88151296,7.70578155],[145.88151284,7.70582932],[145.88160076,7.70582955],[145.88151296,7.70578155]]],[[[145.88345128,7.70556306],[145.88178456,7.70593005],[145.88341535,7.70637693],[145.88345128,7.70556306]]],[[[146.72825767,8.07355992],[146.70185149,8.06675748],[146.71109882,8.08087495],[146.72825767,8.07355992]]],[[[146.72825132,8.0830576],[146.72825116,8.08330167],[146.7287814,8.08305796],[146.72825132,8.0830576]]],[[[146.72825107,8.08343329],[146.72825077,8.08387169],[146.72874943,8.08387202],[146.72825107,8.08343329]]],[[[146.73169494,8.08486462],[146.73043015,8.08224496],[146.72934064,8.08280092],[146.73169494,8.08486462]]],[[[146.72879532,8.08391243],[146.72879517,8.08414342],[146.7290579,8.08414359],[146.72879532,8.08391243]]],[[[146.72936637,8.08441516],[146.72906745,8.084152],[146.72906727,8.08441496],[146.72936637,8.08441516]]],[[[146.72967485,8.08468672],[146.72961171,8.08463114],[146.72961167,8.08468668],[146.72967485,8.08468672]]],[[[146.72988383,8.08487071],[146.72988378,8.08495822],[146.72998332,8.08495829],[146.72988383,8.08487071]]],[[[146.73151679,8.08604475],[146.73151726,8.08532161],[146.73097242,8.08571937],[146.73151679,8.08604475]]],[[[144.51429801,8.57626293],[144.51429763,8.57632159],[144.51449211,8.57626419],[144.51429801,8.57626293]]],[[[144.51457391,8.57572249],[144.51861389,8.58089966],[144.51891955,8.57764826],[144.51457391,8.57572249]]],[[[144.5224323,8.58200867],[144.52270467,8.58201042],[144.52270643,8.58173932],[144.52243405,8.58173757],[144.5224323,8.58200867]]],[[[144.52240239,8.58661743],[144.52186115,8.58607172],[144.52131277,8.58662496],[144.52240239,8.58661743]]],[[[144.51692478,8.5911911],[144.50664329,8.58055132],[144.50276622,8.59028622],[144.51692478,8.5911911]]],[[[144.52702586,8.58773159],[144.52539859,8.58663668],[144.52606871,8.5904366],[144.52702586,8.58773159]]],[[[144.52066126,8.59013072],[144.52047323,8.59006701],[144.52047282,8.5901295],[144.52066126,8.59013072]]],[[[144.52591699,8.59070674],[144.52591781,8.59058117],[144.52578761,8.59070591],[144.52591699,8.59070674]]],[[[144.50926264,8.59656386],[144.50926214,8.59664016],[144.50957137,8.59656586],[144.50926264,8.59656386]]],[[[144.50962734,8.60007095],[144.50949783,8.60225874],[144.5106228,8.59684377],[144.50962734,8.60007095]]],[[[144.50678693,8.60025336],[144.50678634,8.60034339],[144.50696607,8.60034455],[144.50678693,8.60025336]]],[[[145.38410234,9.22524331],[145.3825928,9.23093269],[145.38655443,9.22633931],[145.38410234,9.22524331]]],[[[147.9510528,11.56117222],[148.84214931,12.08544158],[149.8306889,12.32337222],[151.4945667,12.05394167],[153.0719944,12.04010278],[154.2805361,11.49651389],[155.46734317,11.28583126],[157.4578639,10.423025],[159.4194428,8.55205792],[161.01702407,7.98480899],[162.6241667,7.85666667],[163.0716667,8.05861111],[165.51074125,6.26698597],[165.62094053,3.17385657],[164.4782417,2.254325],[163.03041483,1.90886682],[161.87323246,2.09177879],[160.62217647,2.83909448],[159.3734972,3.12359722],[158.0547806,2.50690278],[157.92928692,2.28549633],[158.08872592,0.47502778],[157.35429268,-1.1156667],[155.8458333,-1.13194444],[153.9102778,-0.98055556],[152.6644444,-0.24555556],[151.4231222,1.61990833],[151.69620006,2.559176],[150.67081139,3.60054638],[148.9727389,3.33857778],[148.03995,3.56918889],[147.2424111,4.030675],[145.63141953,4.0932604],[143.8947139,3.42871111],[142.66086764,3.34828263],[141.30286879,3.78988633],[140.23062414,4.7669392],[138.7521889,5.19202222],[137.00517362,4.97710425],[136.14537054,7.52870373],[135.78000009,10.3065278],[135.32125027,11.47250006],[136.3913278,12.51586111],[138.8422597,13.33076659],[139.9818278,13.42975556],[141.2173389,13.09835833],[143.04436111,10.96522222],[147.9510528,11.56117222]]],[[[146.33015137,7.46933132],[146.33123969,7.46879026],[146.32852011,7.46932885],[146.33015137,7.46933132]]],[[[146.38250005,7.45194435],[146.38237726,7.45122647],[146.3813111,7.45095362],[146.38250005,7.45194435]]],[[[146.38319096,7.45258439],[146.38272878,7.45231239],[146.3831903,7.45305498],[146.38319096,7.45258439]]],[[[146.38336325,7.45333326],[146.38346135,7.453642],[146.38323516,7.45312717],[146.38336325,7.45333326]]],[[[146.37666114,7.4561029],[146.37693224,7.45664599],[146.37666901,7.45556019],[146.37666114,7.4561029]]],[[[146.37747522,7.45718947],[146.3774836,7.45718949],[146.37747524,7.45717276],[146.37747522,7.45718947]]],[[[146.37828393,7.46207505],[146.37860482,7.4620755],[146.3782845,7.46167519],[146.37828393,7.46207505]]],[[[146.37882692,7.46261853],[146.37903957,7.46261883],[146.37882729,7.46235353],[146.37882692,7.46261853]]],[[[146.38345334,7.45936871],[146.38400353,7.45475639],[146.37936913,7.46370473],[146.38345334,7.45936871]]],[[[151.91750704,7.14927],[151.91750666,7.14943062],[151.91767655,7.14943102],[151.91750704,7.14927]]],[[[151.93703073,7.16457551],[151.93703051,7.16467064],[151.9371779,7.16467098],[151.93703073,7.16457551]]],[[[151.91192365,7.14627707],[151.91102717,7.14643073],[151.91257046,7.14643438],[151.91192365,7.14627707]]],[[[151.9088196,7.14696817],[151.91017879,7.14657615],[151.906343,7.14723363],[151.9088196,7.14696817]]],[[[151.9204844,7.14780963],[151.92104133,7.14808054],[151.92104196,7.14781093],[151.9204844,7.14780963]]],[[[151.921044,7.14808227],[151.92131195,7.14852156],[151.92131297,7.1480829],[151.921044,7.14808227]]],[[[151.91777808,7.14952748],[151.91777767,7.14970259],[151.91796288,7.14970302],[151.91777808,7.14952748]]],[[[151.91804913,7.14978496],[151.91804869,7.14997456],[151.91824922,7.14997503],[151.91804913,7.14978496]]],[[[151.91832018,7.15004244],[151.9183197,7.15024652],[151.91853555,7.15024703],[151.91832018,7.15004244]]],[[[151.91859123,7.15029992],[151.91859071,7.15051849],[151.91882188,7.15051903],[151.91859123,7.15029992]]],[[[151.91898036,7.15066958],[151.91886173,7.15079045],[151.91916113,7.15079116],[151.91898036,7.15066958]]],[[[151.92158144,7.14944018],[151.92041697,7.1507941],[151.92157826,7.15079682],[151.92158144,7.14944018]]],[[[151.8865349,7.15083591],[151.88653454,7.1509848],[151.88663937,7.15098505],[151.8865349,7.15083591]]],[[[151.88680561,7.15122237],[151.88680487,7.1515281],[151.88702014,7.15152862],[151.88680561,7.15122237]]],[[[151.8875913,7.15234398],[151.88707633,7.15160883],[151.88707521,7.15207141],[151.8875913,7.15234398]]],[[[151.89250954,7.15154185],[151.89305807,7.14937255],[151.89099963,7.1523522],[151.89250954,7.15154185]]],[[[151.88761776,7.15238176],[151.8876172,7.15261537],[151.88778169,7.15261577],[151.88761776,7.15238176]]],[[[151.88843149,7.15288867],[151.8900614,7.1528926],[151.88816039,7.15266364],[151.88843149,7.15288867]]],[[[151.93270301,7.15950532],[151.93405166,7.16060108],[151.9337819,7.15977915],[151.93270301,7.15950532]]],[[[151.93504735,7.16141007],[151.93622087,7.16236354],[151.93567975,7.16141153],[151.93504735,7.16141007]]],[[[151.93676388,7.16249937],[151.93638697,7.1624985],[151.93676344,7.16268731],[151.93676388,7.16249937]]],[[[151.93693101,7.16277108],[151.93730614,7.16295864],[151.93730657,7.16277195],[151.93693101,7.16277108]]],[[[151.93747623,7.16304368],[151.93784884,7.16322997],[151.93784927,7.16304454],[151.93747623,7.16304368]]],[[[151.93802145,7.16331627],[151.93812019,7.16336563],[151.9381203,7.16331649],[151.93802145,7.16331627]]],[[[151.94001457,7.16651097],[151.94001441,7.16657684],[151.94011649,7.16657708],[151.94001457,7.16651097]]],[[[151.94028583,7.16668692],[151.94028545,7.1668488],[151.94053629,7.16684938],[151.94028583,7.16668692]]],[[[151.94478346,7.16821581],[151.94490038,7.16832657],[151.94490063,7.16821608],[151.94478346,7.16821581]]],[[[151.94571438,7.16876061],[151.94507056,7.1684878],[151.94625576,7.16961063],[151.94571438,7.16876061]]],[[[151.94326745,7.16959424],[151.94326688,7.16984031],[151.94349162,7.16984083],[151.94326745,7.16959424]]],[[[151.94650606,7.16984775],[151.94652684,7.16986744],[151.94652688,7.1698478],[151.94650606,7.16984775]]],[[[151.94353843,7.16989232],[151.94353793,7.17011227],[151.94373881,7.17011273],[151.94353843,7.16989232]]],[[[151.94625272,7.1709325],[151.94652621,7.17014045],[151.94573526,7.17093131],[151.94625272,7.1709325]]],[[[151.95128091,7.17202933],[151.95141178,7.17209476],[151.95141192,7.17202963],[151.95128091,7.17202933]]],[[[151.95086249,7.17469084],[151.95086237,7.1747417],[151.95104194,7.17474211],[151.95086249,7.17469084]]],[[[151.97148926,7.18374239],[151.96985919,7.18373873],[151.96985891,7.1838643],[151.97148926,7.18374239]]],[[[151.97315312,7.18456012],[151.97338887,7.1846937],[151.97338917,7.18456065],[151.97315312,7.18456012]]],[[[151.97363387,7.18483253],[151.97393154,7.1850012],[151.97393192,7.18483319],[151.97363387,7.18483253]]],[[[151.97411462,7.18510494],[151.97420288,7.18515495],[151.97420299,7.18510514],[151.97411462,7.18510494]]],[[[151.97555686,7.18592217],[151.97555955,7.18592369],[151.97555955,7.18592217],[151.97555686,7.18592217]]],[[[151.9760376,7.18619457],[151.97637356,7.18638494],[151.97637398,7.18619532],[151.9760376,7.18619457]]],[[[151.97651835,7.18646698],[151.9766449,7.18653869],[151.97664506,7.18646726],[151.97651835,7.18646698]]],[[[151.98358265,7.19082406],[151.98369882,7.1909407],[151.98369908,7.19082431],[151.98358265,7.19082406]]],[[[151.98385347,7.19109599],[151.9839699,7.19121289],[151.98397015,7.19109625],[151.98385347,7.19109599]]],[[[151.9841243,7.19136793],[151.98424097,7.19148509],[151.98424123,7.19136819],[151.9841243,7.19136793]]],[[[151.98439512,7.19163986],[151.98451205,7.19175728],[151.98451231,7.19164012],[151.98439512,7.19163986]]],[[[151.98466594,7.1919118],[151.98478313,7.19202947],[151.98478339,7.19191206],[151.98466594,7.1919118]]],[[[151.98493676,7.19218373],[151.98505421,7.19230167],[151.98505448,7.19218399],[151.98493676,7.19218373]]],[[[151.98544445,7.19272753],[151.98559594,7.19304263],[151.98559664,7.19272787],[151.98544445,7.19272753]]],[[[151.98570562,7.19327078],[151.98586638,7.19360515],[151.98586712,7.19327113],[151.98570562,7.19327078]]],[[[151.98423098,7.19598086],[151.98423116,7.19590175],[151.98410059,7.19598057],[151.98423098,7.19598086]]],[[[151.9887803,7.20331698],[151.98883312,7.20344765],[151.98883341,7.2033171],[151.9887803,7.20331698]]],[[[151.9891045,7.20358904],[151.98889009,7.20358856],[151.98937355,7.20478444],[151.9891045,7.20358904]]],[[[151.98943904,7.20494645],[151.98964376,7.20545284],[151.98964488,7.20494691],[151.98943904,7.20494645]]],[[[151.98800889,7.20757396],[151.98800871,7.20765664],[151.9880866,7.20765681],[151.98800889,7.20757396]]],[[[151.98827995,7.20786299],[151.9882798,7.20792858],[151.98834158,7.20792871],[151.98827995,7.20786299]]],[[[151.99018225,7.20766145],[151.99018526,7.20630478],[151.98892551,7.20820134],[151.99018225,7.20766145]]],[[[151.99178239,7.22123175],[151.99151222,7.22054023],[151.99042208,7.22204275],[151.99178239,7.22123175]]],[[[151.99642855,7.222056],[151.99667092,7.22219046],[151.99667122,7.22205653],[151.99642855,7.222056]]],[[[151.99691962,7.22232842],[151.9969423,7.222341],[151.99694232,7.22232847],[151.99691962,7.22232842]]],[[[151.99530578,7.22519054],[151.99530552,7.22530956],[151.99540352,7.22530977],[151.99530578,7.22519054]]],[[[151.99775325,7.2242296],[151.99752049,7.22368642],[151.99579692,7.22544634],[151.99775325,7.2242296]]],[[[152.00664586,7.23184647],[152.00670275,7.23190527],[152.00670288,7.23184659],[152.00664586,7.23184647]]],[[[152.00695377,7.23266115],[152.00697251,7.23279873],[152.00697281,7.23266119],[152.00695377,7.23266115]]],[[[152.0031678,7.23314641],[152.00316769,7.23319556],[152.00320153,7.23319563],[152.0031678,7.23314641]]],[[[152.00343864,7.2335417],[152.00343821,7.23373882],[152.00357391,7.23373912],[152.00343864,7.2335417]]],[[[152.00668864,7.23835864],[152.00751445,7.23347638],[152.00560179,7.23835627],[152.00668864,7.23835864]]],[[[153.7197159,5.32193376],[153.72162811,5.31976053],[153.71944295,5.32003446],[153.7197159,5.32193376]]],[[[153.59723002,5.48652131],[153.5975003,5.48597828],[153.59668784,5.4859791],[153.59723002,5.48652131]]],[[[153.5975003,5.48597828],[153.59777112,5.48597801],[153.59777085,5.48570663],[153.59750003,5.4857069],[153.5975003,5.48597828]]],[[[153.59831222,5.48543471],[153.59777058,5.48543525],[153.59777085,5.48570663],[153.59831249,5.48570609],[153.59831222,5.48543471]]],[[[153.65472221,5.28583336],[153.65415855,5.28618486],[153.65534491,5.28618361],[153.65472221,5.28583336]]],[[[153.6460336,5.2832082],[153.64414131,5.28592396],[153.6506354,5.28266064],[153.6460336,5.2832082]]],[[[153.63876754,5.28701504],[153.63872784,5.28701508],[153.63872786,5.28703818],[153.63876754,5.28701504]]],[[[153.6392693,5.28701452],[153.63897701,5.28701482],[153.63926954,5.28724887],[153.6392693,5.28701452]]],[[[153.65659596,5.28699642],[153.65551229,5.28627775],[153.65551333,5.28726894],[153.65659596,5.28699642]]],[[[153.63818672,5.28735388],[153.63791592,5.28728729],[153.63791615,5.28751173],[153.63818672,5.28735388]]],[[[153.65740852,5.28734432],[153.65740872,5.28753832],[153.65775277,5.28753795],[153.65740852,5.28734432]]],[[[153.6579503,5.28764906],[153.65795047,5.28780912],[153.65823433,5.28780882],[153.6579503,5.28764906]]],[[[153.63783555,5.28755875],[153.6362921,5.28783172],[153.63602217,5.28861668],[153.63783555,5.28755875]]],[[[153.67338456,5.29016261],[153.67338434,5.28996358],[153.67311361,5.28996387],[153.67338456,5.29016261]]],[[[153.63412902,5.29054773],[153.63597159,5.28864619],[153.63385718,5.28946249],[153.63412902,5.29054773]]],[[[153.67284492,5.29184526],[153.67284494,5.29186381],[153.67291686,5.29186373],[153.67284492,5.29184526]]],[[[153.67338653,5.29198432],[153.67338669,5.2921346],[153.67396933,5.29213396],[153.67338653,5.29198432]]],[[[153.67474055,5.29233198],[153.67474063,5.2924045],[153.67502179,5.29240419],[153.67474055,5.29233198]]],[[[153.67555297,5.29254058],[153.67555312,5.29267499],[153.67607424,5.29267442],[153.67555297,5.29254058]]],[[[153.676907,5.29288825],[153.67690706,5.29294489],[153.67712669,5.29294465],[153.676907,5.29288825]]],[[[153.67744861,5.29302731],[153.67744882,5.29321568],[153.67817912,5.29321488],[153.67744861,5.29302731]]],[[[153.67907345,5.29344451],[153.6790735,5.29348528],[153.67923156,5.2934851],[153.67907345,5.29344451]]],[[[153.68124112,5.29511116],[153.68191547,5.29565317],[153.67972207,5.29361105],[153.68124112,5.29511116]]],[[[153.68395111,5.29754842],[153.68395111,5.29755057],[153.68395341,5.29755057],[153.68395111,5.29754842]]],[[[153.68449313,5.29805306],[153.68449317,5.29809272],[153.68453568,5.29809268],[153.68449313,5.29805306]]],[[[153.68476414,5.29830538],[153.68476421,5.2983638],[153.68482681,5.29836373],[153.68476414,5.29830538]]],[[[153.68530616,5.29881002],[153.68530627,5.29890595],[153.68540908,5.29890584],[153.68530616,5.29881002]]],[[[153.68557717,5.29906234],[153.6855773,5.29917703],[153.68570021,5.29917689],[153.68557717,5.29906234]]],[[[153.68584818,5.29931466],[153.68584833,5.29944811],[153.68599134,5.29944795],[153.68584818,5.29931466]]],[[[153.6861192,5.29956698],[153.68611936,5.29971918],[153.68628248,5.299719],[153.6861192,5.29956698]]],[[[153.68747453,5.30107456],[153.68991414,5.30378561],[153.68639021,5.2998193],[153.68747453,5.30107456]]],[[[153.69126845,5.30436111],[153.69126871,5.30459823],[153.69152283,5.30459795],[153.69126845,5.30436111]]],[[[153.69153946,5.30461343],[153.69153975,5.3048693],[153.69181396,5.304869],[153.69153946,5.30461343]]],[[[153.6920815,5.30511808],[153.69208152,5.30514007],[153.69210509,5.30514005],[153.6920815,5.30511808]]],[[[153.69235251,5.3053704],[153.69235256,5.30541115],[153.69239622,5.3054111],[153.69235251,5.3053704]]],[[[153.69262353,5.30562273],[153.6926236,5.30568222],[153.69268735,5.30568215],[153.69262353,5.30562273]]],[[[153.69289455,5.30587505],[153.69289463,5.30595329],[153.69297848,5.3059532],[153.69289455,5.30587505]]],[[[153.69316556,5.30612738],[153.69316567,5.30622437],[153.69326961,5.30622425],[153.69316556,5.30612738]]],[[[153.69414299,5.3070374],[153.69343658,5.30637971],[153.69370805,5.30703789],[153.69414299,5.3070374]]],[[[153.69424963,5.30713668],[153.69452147,5.30812248],[153.69559863,5.30839264],[153.69424963,5.30713668]]],[[[153.69587576,5.30866371],[153.69627234,5.30893464],[153.69560472,5.30839832],[153.69587576,5.30866371]]],[[[153.69641765,5.30904171],[153.69641784,5.30920585],[153.69664008,5.3092056],[153.69641765,5.30904171]]],[[[153.69804342,5.31023964],[153.69804348,5.31028952],[153.69811102,5.31028944],[153.69804342,5.31023964]]],[[[153.69831438,5.31043929],[153.69831452,5.31056059],[153.69847875,5.3105604],[153.69831438,5.31043929]]],[[[153.69939823,5.31123791],[153.69939838,5.31137349],[153.69958195,5.31137328],[153.69939823,5.31123791]]],[[[153.69966919,5.31143756],[153.69966943,5.31164456],[153.69994968,5.31164424],[153.69966919,5.31143756]]],[[[153.70021112,5.31183687],[153.70021121,5.31191532],[153.70031742,5.3119152],[153.70021112,5.31183687]]],[[[153.70048208,5.31203653],[153.70048225,5.31218639],[153.70068515,5.31218616],[153.70048208,5.31203653]]],[[[153.70075304,5.31223619],[153.70075329,5.31245746],[153.70105288,5.31245712],[153.70075304,5.31223619]]],[[[153.7018369,5.31303481],[153.70183716,5.31327035],[153.70215607,5.31326999],[153.7018369,5.31303481]]],[[[153.70237882,5.31343412],[153.70237925,5.31381249],[153.70289153,5.31381191],[153.70237882,5.31343412]]],[[[153.70362699,5.31435382],[153.70292075,5.31383344],[153.70319208,5.31435432],[153.70362699,5.31435382]]],[[[153.70373365,5.31443241],[153.70373387,5.31462507],[153.70399472,5.31462478],[153.70373365,5.31443241]]],[[[153.70400461,5.31463206],[153.70400491,5.31489614],[153.70436245,5.31489573],[153.70400461,5.31463206]]],[[[153.70454654,5.31503138],[153.7045467,5.3151669],[153.70473018,5.31516669],[153.70454654,5.31503138]]],[[[153.70546563,5.3157086],[153.70481751,5.31523104],[153.70508879,5.31570903],[153.70546563,5.3157086]]],[[[153.71402659,5.31868388],[153.71396464,5.31868395],[153.71402663,5.31871761],[153.71402659,5.31868388]]],[[[153.70563041,5.31583001],[153.70834044,5.31814768],[153.71186921,5.31895775],[153.70563041,5.31583001]]],[[[153.71456838,5.31895463],[153.71446345,5.31895475],[153.71456845,5.31901175],[153.71456838,5.31895463]]],[[[153.71302424,5.31949916],[153.71213187,5.31908087],[153.71240309,5.31949988],[153.71302424,5.31949916]]],[[[153.71456985,5.32022366],[153.71456995,5.3203115],[153.71475678,5.32031128],[153.71456985,5.32022366]]],[[[153.72361112,5.32111096],[153.72359874,5.32111509],[153.72362544,5.32111506],[153.72361112,5.32111096]]],[[[153.7237761,5.32115812],[153.72377637,5.32138626],[153.72457102,5.32138532],[153.7237761,5.32115812]]],[[[153.72350563,5.32138657],[153.72350535,5.32114622],[153.72323471,5.32123644],[153.72350563,5.32138657]]],[[[153.72655773,5.32246848],[153.72458859,5.32139035],[153.7245889,5.32165668],[153.72655773,5.32246848]]],[[[153.72675596,5.32262707],[153.7267561,5.32273962],[153.72689644,5.32273946],[153.72675596,5.32262707]]],[[[153.72702696,5.32284387],[153.72702716,5.32301068],[153.72723516,5.32301043],[153.72702696,5.32284387]]],[[[153.73136734,5.33006126],[153.73245578,5.33467333],[153.73027766,5.32583332],[153.73136734,5.33006126]]],[[[153.71245544,5.36481945],[153.71218437,5.36454839],[153.71218499,5.36509114],[153.71272651,5.36509051],[153.71245544,5.36481945]]],[[[153.71299759,5.36536157],[153.71299727,5.36509019],[153.71272651,5.36509051],[153.71272683,5.36536188],[153.71299759,5.36536157]]],[[[153.71218562,5.36563389],[153.71218625,5.36617664],[153.71272777,5.36617601],[153.71218562,5.36563389]]],[[[153.70925053,5.36916518],[153.70921134,5.36916522],[153.70921135,5.36917685],[153.70925053,5.36916518]]],[[[153.70812798,5.3688951],[153.70785801,5.36957999],[153.70894068,5.36925748],[153.70812798,5.3688951]]],[[[153.70758927,5.3713381],[153.70785806,5.36962741],[153.70704587,5.36971048],[153.70758927,5.3713381]]],[[[153.70515584,5.37432605],[153.70515553,5.37405467],[153.704614,5.3740553],[153.70461431,5.37432667],[153.70515584,5.37432605]]],[[[153.70055874,5.37948747],[153.70055812,5.37894472],[153.70001659,5.37894534],[153.70001721,5.37948809],[153.70055874,5.37948747]]],[[[153.69785355,5.38166158],[153.69812339,5.38084714],[153.69731108,5.38084807],[153.69785355,5.38166158]]],[[[153.69460741,5.38437904],[153.69406618,5.38465104],[153.69436012,5.38519345],[153.69460741,5.38437904]]],[[[153.69190156,5.38601038],[153.69321834,5.38655163],[153.69298341,5.38492364],[153.69190156,5.38601038]]],[[[153.69325607,5.38658935],[153.69325633,5.38682296],[153.69348946,5.3868227],[153.69325607,5.38658935]]],[[[153.69055046,5.38845429],[153.69190493,5.38899551],[153.69163293,5.38791031],[153.69055046,5.38845429]]],[[[153.69055169,5.3895398],[153.69055138,5.38926842],[153.69028061,5.38926873],[153.69028092,5.3895401],[153.69055169,5.3895398]]],[[[153.68973968,5.38981209],[153.69001076,5.39008316],[153.69001015,5.38954041],[153.6894686,5.38954102],[153.68973968,5.38981209]]],[[[153.68676271,5.39117234],[153.6878132,5.39171391],[153.68757442,5.39062867],[153.68676271,5.39117234]]],[[[153.68784646,5.39175826],[153.68757625,5.39225693],[153.6884233,5.39252734],[153.68784646,5.39175826]]],[[[153.68459927,5.39361716],[153.68459957,5.39388854],[153.68487034,5.39388824],[153.68487004,5.39361686],[153.68459927,5.39361716]]],[[[153.68514142,5.39415931],[153.68514234,5.39497343],[153.68676729,5.39524298],[153.68514142,5.39415931]]],[[[153.68514386,5.39633031],[153.68514325,5.39578756],[153.68487247,5.39578787],[153.68487308,5.39633062],[153.68514386,5.39633031]]],[[[153.68460292,5.39687367],[153.68460231,5.39633092],[153.68433153,5.39633123],[153.68433214,5.39687398],[153.68460292,5.39687367]]],[[[153.68216745,5.39823329],[153.68327266,5.3987748],[153.68243732,5.39741886],[153.68216745,5.39823329]]],[[[153.6835221,5.39891733],[153.68352225,5.3990459],[153.68374667,5.39904565],[153.6835221,5.39891733]]],[[[153.68108647,5.40013414],[153.68000306,5.39986398],[153.68162954,5.40149041],[153.68108647,5.40013414]]],[[[153.67838141,5.40257956],[153.6786531,5.40339338],[153.67958164,5.40284959],[153.67838141,5.40257956]]],[[[153.67919662,5.40515394],[153.67784107,5.40366566],[153.67730041,5.4044804],[153.67919662,5.40515394]]],[[[153.67811516,5.4066505],[153.67594832,5.40611016],[153.67757451,5.40746523],[153.67811516,5.4066505]]],[[[153.67703415,5.40855134],[153.67703355,5.40800859],[153.67649199,5.40800919],[153.67649259,5.40855195],[153.67703415,5.40855134]]],[[[153.67622241,5.409095],[153.67622181,5.40855225],[153.6748673,5.408011],[153.67622241,5.409095]]],[[[153.67479541,5.4112676],[153.67460013,5.41126782],[153.67460025,5.4113791],[153.67479541,5.4112676]]],[[[153.67270555,5.41208406],[153.6743195,5.41153951],[153.67324622,5.41126933],[153.67270555,5.41208406]]],[[[153.67270645,5.41289818],[153.67270675,5.41316956],[153.67297754,5.41316926],[153.67297724,5.41289788],[153.67270645,5.41289818]]],[[[153.67324862,5.41344034],[153.67324952,5.41425446],[153.6737471,5.4131684],[153.67324862,5.41344034]]],[[[153.67243717,5.41425537],[153.67243747,5.41452674],[153.67297904,5.41452614],[153.67297874,5.41425477],[153.67243717,5.41425537]]],[[[153.67325012,5.41479722],[153.67324982,5.41452584],[153.67297904,5.41452614],[153.67297934,5.41479752],[153.67325012,5.41479722]]],[[[153.66729853,5.41995996],[153.66729883,5.42023134],[153.66756961,5.42023104],[153.66756931,5.41995966],[153.66729853,5.41995996]]],[[[153.66811178,5.4207732],[153.6697374,5.42158553],[153.66756961,5.42023104],[153.66811178,5.4207732]]],[[[153.66811298,5.4218587],[153.66811357,5.42240146],[153.66865515,5.42240086],[153.66811298,5.4218587]]],[[[153.66541194,5.42810335],[153.66541164,5.42783197],[153.66487006,5.42783257],[153.66487036,5.42810395],[153.66541194,5.42810335]]],[[[153.66351641,5.42810543],[153.66297453,5.42783465],[153.66297512,5.4283774],[153.66351641,5.42810543]]],[[[153.66432967,5.42891867],[153.66487095,5.4286467],[153.66378749,5.42837651],[153.66432967,5.42891867]]],[[[153.66433145,5.43054693],[153.66487184,5.42946083],[153.66351759,5.42919094],[153.66433145,5.43054693]]],[[[153.66351908,5.43054782],[153.66189403,5.43027823],[153.66379076,5.43136166],[153.66351908,5.43054782]]],[[[153.66325007,5.43217638],[153.66324977,5.431905],[153.66270818,5.4319056],[153.66270848,5.43217698],[153.66325007,5.43217638]]],[[[153.66243887,5.43326278],[153.66297957,5.43244805],[153.66054096,5.43109384],[153.66243887,5.43326278]]],[[[153.66162798,5.43462055],[153.66243947,5.43380553],[153.66027194,5.4327224],[153.66162798,5.43462055]]],[[[153.66108639,5.43462115],[153.660815,5.43407869],[153.6605448,5.43462174],[153.66108639,5.43462115]]],[[[153.66027312,5.43380791],[153.66027342,5.43407928],[153.66054421,5.43407899],[153.66054391,5.43380761],[153.66027312,5.43380791]]],[[[153.6594631,5.43597981],[153.65837875,5.43489548],[153.66000617,5.4373361],[153.6594631,5.43597981]]],[[[153.65540706,5.44141178],[153.65540647,5.44086902],[153.65513568,5.44086932],[153.65513626,5.44141207],[153.65540706,5.44141178]]],[[[153.65567786,5.44141148],[153.65594924,5.44195394],[153.65649084,5.44195335],[153.65621945,5.44141089],[153.65567786,5.44141148]]],[[[153.65405513,5.44331288],[153.65405484,5.44304151],[153.65378404,5.4430418],[153.65378433,5.44331318],[153.65405513,5.44331288]]],[[[153.65243034,5.44331465],[153.65243064,5.44358602],[153.65270143,5.44358573],[153.65270114,5.44331435],[153.65243034,5.44331465]]],[[[153.65297252,5.44385681],[153.65297223,5.44358544],[153.65270143,5.44358573],[153.65270173,5.44385711],[153.65297252,5.44385681]]],[[[153.65432593,5.44331259],[153.65432651,5.44385535],[153.65486811,5.44385476],[153.65432593,5.44331259]]],[[[153.65324361,5.4441279],[153.65324391,5.44439928],[153.65351471,5.44439898],[153.65351441,5.4441276],[153.65324361,5.4441279]]],[[[153.65432739,5.44466948],[153.6543271,5.4443981],[153.65351471,5.44439898],[153.653515,5.44467036],[153.65432739,5.44466948]]],[[[153.65107869,5.44548713],[153.6510784,5.44521575],[153.6508076,5.44521604],[153.65080789,5.44548742],[153.65107869,5.44548713]]],[[[153.64972469,5.44548859],[153.64999608,5.44603105],[153.65026629,5.44548801],[153.64972469,5.44548859]]],[[[153.65135095,5.44684372],[153.65026688,5.44603076],[153.65162204,5.44711481],[153.65135095,5.44684372]]],[[[153.65162204,5.44711481],[153.65162233,5.44738618],[153.65189313,5.44738589],[153.65189284,5.44711451],[153.65162204,5.44711481]]],[[[153.65216422,5.44765697],[153.65216393,5.4473856],[153.65189313,5.44738589],[153.65189343,5.44765727],[153.65216422,5.44765697]]],[[[153.65162087,5.4460293],[153.65162116,5.44630067],[153.65216276,5.44630009],[153.65216247,5.44602871],[153.65162087,5.4460293]]],[[[153.65270495,5.44684226],[153.65243356,5.4462998],[153.65216335,5.44684284],[153.65270495,5.44684226]]],[[[153.64891375,5.44684635],[153.64864295,5.44684664],[153.64864324,5.44711802],[153.64891404,5.44711773],[153.64891375,5.44684635]]],[[[153.64864354,5.4473894],[153.64837244,5.44711831],[153.64837303,5.44766107],[153.64891463,5.44766048],[153.64864354,5.4473894]]],[[[153.64918572,5.44793157],[153.64918543,5.44766019],[153.64891463,5.44766048],[153.64891492,5.44793186],[153.64918572,5.44793157]]],[[[153.64729041,5.44820499],[153.64729012,5.44793361],[153.64674852,5.44793419],[153.64674881,5.44820557],[153.64729041,5.44820499]]],[[[153.6510819,5.44847228],[153.65135329,5.44901474],[153.64999783,5.44765932],[153.6510819,5.44847228]]],[[[153.64972819,5.44874512],[153.64972848,5.4490165],[153.64999928,5.4490162],[153.64999899,5.44874483],[153.64972819,5.44874512]]],[[[153.64999928,5.4490162],[153.64999958,5.44928758],[153.65027038,5.44928729],[153.65027008,5.44901591],[153.64999928,5.4490162]]],[[[153.65054147,5.44955837],[153.65054118,5.44928699],[153.65027038,5.44928729],[153.65027067,5.44955866],[153.65054147,5.44955837]]],[[[153.64620779,5.44874891],[153.64620837,5.44929166],[153.64674997,5.44929108],[153.64620779,5.44874891]]],[[[153.65000016,5.44983033],[153.64972936,5.44983063],[153.64972994,5.45037338],[153.65000074,5.45037309],[153.65000016,5.44983033]]],[[[153.64945885,5.4501023],[153.64783288,5.44901854],[153.64973082,5.45118751],[153.64945885,5.4501023]]],[[[153.64593785,5.44956333],[153.64593872,5.45037746],[153.64648033,5.45037688],[153.64593785,5.44956333]]],[[[153.64702251,5.45091905],[153.6470228,5.45119043],[153.6472936,5.45119014],[153.64729331,5.45091876],[153.64702251,5.45091905]]],[[[153.64756469,5.45146123],[153.64756528,5.45200398],[153.64806203,5.45146069],[153.64756469,5.45146123]]],[[[153.6448561,5.45092138],[153.64512661,5.45064971],[153.64458501,5.45065029],[153.64458588,5.45146442],[153.6448561,5.45092138]]],[[[153.64458588,5.45146442],[153.64431507,5.45146471],[153.64431536,5.45173609],[153.64458616,5.4517358],[153.64458588,5.45146442]]],[[[153.64431536,5.45173609],[153.64404456,5.45173638],[153.64404485,5.45200776],[153.64431565,5.45200747],[153.64431536,5.45173609]]],[[[153.64377434,5.45227943],[153.64404514,5.45227914],[153.64404485,5.45200776],[153.64377405,5.45200805],[153.64377434,5.45227943]]],[[[153.64675258,5.45173348],[153.64648149,5.45146239],[153.64675316,5.45227623],[153.64675258,5.45173348]]],[[[153.64711136,5.45254722],[153.64734903,5.45227559],[153.64702396,5.45227594],[153.64711136,5.45254722]]],[[[153.64566995,5.45227739],[153.64567024,5.45254877],[153.64594104,5.45254848],[153.64594075,5.4522771],[153.64566995,5.45227739]]],[[[153.64621243,5.45309095],[153.64702629,5.45444696],[153.64594104,5.45254848],[153.64621243,5.45309095]]],[[[153.64296713,5.45716509],[153.64296742,5.45743647],[153.64323822,5.45743618],[153.64323793,5.4571648],[153.64296713,5.45716509]]],[[[153.64323822,5.45743618],[153.64323851,5.45770756],[153.64350932,5.45770727],[153.64350903,5.45743589],[153.64323822,5.45743618]]],[[[153.64405151,5.45824944],[153.64405093,5.45770669],[153.64350932,5.45770727],[153.6435099,5.45825002],[153.64405151,5.45824944]]],[[[153.63864,5.46259726],[153.63864057,5.46314002],[153.63891052,5.4623256],[153.6383689,5.46232617],[153.63864,5.46259726]]],[[[153.63403913,5.46531592],[153.63403941,5.4655873],[153.63431022,5.46558701],[153.63430994,5.46531564],[153.63403913,5.46531592]]],[[[153.6345816,5.46612948],[153.63458103,5.46558673],[153.63431022,5.46558701],[153.63431079,5.46612977],[153.6345816,5.46612948]]],[[[153.62348263,5.4702118],[153.62348207,5.46966904],[153.62321126,5.46966932],[153.62321182,5.47021208],[153.62348263,5.4702118]]],[[[153.6248381,5.47156728],[153.62429507,5.47021095],[153.62375372,5.47048289],[153.62429675,5.47183922],[153.6248381,5.47156728]]],[[[153.62538085,5.47265223],[153.62538028,5.47210947],[153.62510947,5.47210975],[153.62511003,5.47265251],[153.62538085,5.47265223]]],[[[153.62402678,5.47265364],[153.62402622,5.47211088],[153.62375541,5.47211117],[153.62375597,5.47265392],[153.62402678,5.47265364]]],[[[153.6213195,5.47347059],[153.62132034,5.47428472],[153.62159115,5.47428444],[153.62159031,5.47347031],[153.6213195,5.47347059]]],[[[153.62186225,5.47455554],[153.62186197,5.47428416],[153.62159115,5.47428444],[153.62159143,5.47455582],[153.62186225,5.47455554]]],[[[153.6175309,5.47618829],[153.61753118,5.47645967],[153.61780199,5.47645939],[153.61780171,5.47618802],[153.6175309,5.47618829]]],[[[153.61780199,5.47645939],[153.61780227,5.47673077],[153.61807309,5.47673049],[153.61807281,5.47645911],[153.61780199,5.47645939]]],[[[153.61834446,5.47727297],[153.6183439,5.47673021],[153.61807309,5.47673049],[153.61807364,5.47727325],[153.61834446,5.47727297]]],[[[153.61726064,5.47673133],[153.61726092,5.47700271],[153.61753174,5.47700243],[153.61753146,5.47673105],[153.61726064,5.47673133]]],[[[153.61780283,5.47727353],[153.61780255,5.47700215],[153.61753174,5.47700243],[153.61753201,5.47727381],[153.61780283,5.47727353]]],[[[153.61590824,5.478361],[153.6161785,5.47781796],[153.61563687,5.47781852],[153.61590824,5.478361]]],[[[153.61320008,5.47836378],[153.61320036,5.47863515],[153.61347117,5.47863488],[153.6134709,5.4783635],[153.61320008,5.47836378]]],[[[153.61401364,5.47944846],[153.61428528,5.48026232],[153.61428362,5.47863404],[153.61401364,5.47944846]]],[[[153.611846,5.47836516],[153.61184628,5.47863654],[153.61211709,5.47863626],[153.61211682,5.47836488],[153.611846,5.47836516]]],[[[153.61211709,5.47863626],[153.61211765,5.47917902],[153.61238846,5.47917874],[153.61238791,5.47863599],[153.61211709,5.47863626]]],[[[153.61238846,5.47917874],[153.61238874,5.47945012],[153.61265955,5.47944985],[153.61265928,5.47917847],[153.61238846,5.47917874]]],[[[153.61265955,5.47944985],[153.61266011,5.4799926],[153.61293092,5.47999233],[153.61293037,5.47944957],[153.61265955,5.47944985]]],[[[153.61293092,5.47999233],[153.61293148,5.48053509],[153.61320229,5.48053481],[153.61320174,5.47999205],[153.61293092,5.47999233]]],[[[153.61347339,5.48080591],[153.61347311,5.48053453],[153.61320229,5.48053481],[153.61320257,5.48080619],[153.61347339,5.48080591]]],[[[153.61130465,5.47863709],[153.61157463,5.47782268],[153.61049165,5.47809516],[153.61130465,5.47863709]]],[[[153.61130713,5.4810795],[153.61103604,5.4808084],[153.61130768,5.48162226],[153.61130713,5.4810795]]],[[[153.61184959,5.48189309],[153.61184932,5.48162171],[153.6115785,5.48162199],[153.61157877,5.48189336],[153.61184959,5.48189309]]],[[[153.60454052,5.48488569],[153.60481189,5.48542818],[153.60508216,5.48488514],[153.60454052,5.48488569]]],[[[153.60508271,5.4854279],[153.60508298,5.48569928],[153.6053538,5.48569901],[153.60535353,5.48542763],[153.60508271,5.4854279]]],[[[153.60562544,5.48651287],[153.60589654,5.48678398],[153.60562462,5.48569873],[153.60562544,5.48651287]]],[[[153.60372916,5.48597203],[153.60345806,5.48570092],[153.60372998,5.48678617],[153.60372916,5.48597203]]],[[[153.60427244,5.48759976],[153.60481326,5.48678507],[153.6040008,5.48678589],[153.60427244,5.48759976]]],[[[153.6021056,5.48733056],[153.60210614,5.48787332],[153.60237697,5.48787305],[153.60237642,5.48733029],[153.6021056,5.48733056]]],[[[153.60291915,5.48841526],[153.60264779,5.48787278],[153.60237778,5.48868719],[153.60291915,5.48841526]]],[[[153.6029197,5.48895802],[153.60291942,5.48868664],[153.6026486,5.48868692],[153.60264888,5.48895829],[153.6029197,5.48895802]]],[[[153.5993974,5.48733328],[153.59912712,5.48787632],[153.59966903,5.48814715],[153.5993974,5.48733328]]],[[[153.59966903,5.48814715],[153.5996693,5.48841853],[153.59994012,5.48841826],[153.59993985,5.48814688],[153.59966903,5.48814715]]],[[[153.59994012,5.48841826],[153.59994067,5.48896102],[153.60021149,5.48896075],[153.60021094,5.48841799],[153.59994012,5.48841826]]],[[[153.60048285,5.48950323],[153.60075394,5.48977434],[153.60048231,5.48896047],[153.60048285,5.48950323]]],[[[153.59804411,5.48814878],[153.59750219,5.48787794],[153.59804492,5.48896292],[153.59804411,5.48814878]]],[[[153.59831574,5.48896265],[153.59831655,5.48977679],[153.59858737,5.48977651],[153.59858656,5.48896238],[153.59831574,5.48896265]]],[[[153.59858737,5.48977651],[153.59858764,5.49004789],[153.59885846,5.49004762],[153.59885819,5.48977624],[153.59858737,5.48977651]]],[[[153.5991301,5.49086149],[153.59940011,5.49004708],[153.59885846,5.49004762],[153.5991301,5.49086149]]],[[[153.54043529,5.48928916],[153.54035995,5.48928923],[153.54035996,5.48930335],[153.54043529,5.48928916]]],[[[153.5969619,5.48923538],[153.59696217,5.48950676],[153.59723299,5.48950649],[153.59723272,5.48923511],[153.5969619,5.48923538]]],[[[153.59723299,5.48950649],[153.59723353,5.49004925],[153.59750436,5.49004898],[153.59750382,5.48950622],[153.59723299,5.48950649]]],[[[153.5972338,5.49032063],[153.59750544,5.4911345],[153.598046,5.49004844],[153.5972338,5.49032063]]],[[[153.59587996,5.49059336],[153.5958805,5.49113612],[153.59615133,5.49113585],[153.59615079,5.49059309],[153.59587996,5.49059336]]],[[[153.59615133,5.49113585],[153.59615186,5.49167861],[153.59642269,5.49167834],[153.59642215,5.49113558],[153.59615133,5.49113585]]],[[[153.59669378,5.49194945],[153.59669351,5.49167807],[153.59642269,5.49167834],[153.59642296,5.49194972],[153.59669378,5.49194945]]],[[[153.59046459,5.49168426],[153.59046405,5.4911415],[153.59019323,5.49114176],[153.59019377,5.49168452],[153.59046459,5.49168426]]],[[[153.5926309,5.49141073],[153.59235981,5.49113962],[153.59263171,5.49222487],[153.5926309,5.49141073]]],[[[153.59371607,5.49330931],[153.59317335,5.49222433],[153.5929036,5.49331012],[153.59371607,5.49330931]]],[[[153.5882988,5.49250053],[153.58856883,5.49168613],[153.58802718,5.49168666],[153.5882988,5.49250053]]],[[[153.59534047,5.49276494],[153.59425396,5.48950946],[153.59398394,5.49032387],[153.59534047,5.49276494]]],[[[153.59127893,5.49358311],[153.59127866,5.49331173],[153.59100784,5.493312],[153.59100811,5.49358338],[153.59127893,5.49358311]]],[[[153.58288365,5.49386275],[153.58207118,5.49386354],[153.58180062,5.49413518],[153.58288365,5.49386275]]],[[[153.55498898,5.49419589],[153.55417647,5.49416146],[153.55417672,5.49443284],[153.55498898,5.49419589]]],[[[153.54930111,5.4936232],[153.54903128,5.49470897],[153.55038437,5.49357925],[153.54930111,5.4936232]]],[[[153.58965532,5.49494162],[153.58938263,5.49304223],[153.58802931,5.4938577],[153.58965532,5.49494162]]],[[[153.58559216,5.49413148],[153.58586378,5.49494535],[153.58640437,5.4938593],[153.58559216,5.49413148]]],[[[153.56853178,5.49580298],[153.56853176,5.49577625],[153.56826093,5.49577651],[153.56853178,5.49580298]]],[[[153.56934429,5.49582923],[153.56934423,5.49577548],[153.56907341,5.49577573],[153.56934429,5.49582923]]],[[[153.57042762,5.49586422],[153.57042754,5.49577444],[153.57015671,5.4957747],[153.57042762,5.49586422]]],[[[153.57972205,5.495],[153.5802778,5.49657909],[153.58083332,5.495],[153.57972205,5.495]]],[[[153.57042852,5.49680932],[153.57027466,5.49686011],[153.57042857,5.49685996],[153.57042852,5.49680932]]],[[[153.57774035,5.49631017],[153.57882444,5.49712326],[153.57861114,5.49583316],[153.57774035,5.49631017]]],[[[153.57557348,5.49604088],[153.576387,5.49712562],[153.5763857,5.49576872],[153.57557348,5.49604088]]],[[[153.5725944,5.49604375],[153.57340792,5.49712849],[153.57394827,5.49577107],[153.5725944,5.49604375]]],[[[153.56636643,5.49713521],[153.56690722,5.49621737],[153.5658235,5.49577882],[153.56636643,5.49713521]]],[[[153.81511882,5.51076847],[153.81495721,5.5107687],[153.81495747,5.51095917],[153.81511882,5.51076847]]],[[[153.71285132,5.50818597],[153.71285421,5.50818596],[153.7128542,5.50818021],[153.71285132,5.50818597]]],[[[153.75372926,5.49294026],[153.75345845,5.4929392],[153.75345847,5.49295593],[153.75372926,5.49294026]]],[[[153.75129211,5.4930813],[153.75102112,5.49294227],[153.75102131,5.49309697],[153.75129211,5.4930813]]],[[[153.75454205,5.4932092],[153.75448614,5.49320928],[153.75454216,5.49329669],[153.75454205,5.4932092]]],[[[153.76173718,5.49401418],[153.76510468,5.49389161],[153.76104193,5.49347233],[153.76173718,5.49401418]]],[[[153.75968752,5.49320268],[153.75941773,5.49401714],[153.76023018,5.4940161],[153.75968752,5.49320268]]],[[[153.75049244,5.49321431],[153.74939657,5.49321568],[153.74858532,5.49417067],[153.75049244,5.49321431]]],[[[153.74276447,5.49403808],[153.74208558,5.49403893],[153.74208574,5.49417424],[153.74276447,5.49403808]]],[[[153.76943785,5.49400431],[153.76808344,5.49373468],[153.7668409,5.49400765],[153.76943785,5.49400431]]],[[[153.77052143,5.49425365],[153.77052111,5.49400291],[153.76970867,5.49400396],[153.77052143,5.49425365]]],[[[153.77431285,5.49426938],[153.77133355,5.49400187],[153.77082437,5.49427389],[153.77431285,5.49426938]]],[[[153.74695991,5.49376148],[153.7464193,5.49457627],[153.74750256,5.49457491],[153.74695991,5.49376148]]],[[[153.77620889,5.49453829],[153.77480743,5.49454011],[153.77620902,5.49463379],[153.77620889,5.49453829]]],[[[153.77729237,5.49470619],[153.77729215,5.49453688],[153.77675052,5.49453758],[153.77729237,5.49470619]]],[[[153.74479339,5.49376418],[153.74425311,5.49485035],[153.74533604,5.49457762],[153.74479339,5.49376418]]],[[[153.77945901,5.49480542],[153.77879009,5.4948063],[153.77945907,5.49485101],[153.77945901,5.49480542]]],[[[153.74127434,5.49501985],[153.7417582,5.49431071],[153.7412738,5.49458268],[153.74127434,5.49501985]]],[[[153.74181639,5.49535543],[153.7416259,5.49539636],[153.74181644,5.49539612],[153.74181639,5.49535543]]],[[[153.79083459,5.49587594],[153.79070517,5.49587611],[153.79083467,5.49593497],[153.79083459,5.49587594]]],[[[153.73910828,5.49539948],[153.73910694,5.49431399],[153.73802568,5.49594356],[153.73910828,5.49539948]]],[[[153.73288071,5.49639985],[153.73315142,5.49630743],[153.73288049,5.49622128],[153.73288071,5.49639985]]],[[[153.73557484,5.49548006],[153.73518331,5.49648982],[153.73558766,5.49540383],[153.73342146,5.49567787],[153.73557484,5.49548006]]],[[[153.79821409,5.49640886],[153.79814726,5.49640895],[153.79814733,5.49645893],[153.79821409,5.49640886]]],[[[153.79137657,5.49614659],[153.79246053,5.49667398],[153.79191784,5.49587451],[153.79137657,5.49614659]]],[[[153.79273136,5.49668753],[153.79249105,5.49668785],[153.7927315,5.49679714],[153.79273136,5.49668753]]],[[[153.73098511,5.49649497],[153.73071528,5.49730942],[153.73152641,5.49622294],[153.73098511,5.49649497]]],[[[153.79679461,5.49747343],[153.79785161,5.49668071],[153.79706437,5.49668176],[153.79679461,5.49747343]]],[[[153.79676416,5.49749627],[153.79652383,5.49749659],[153.79652406,5.49767633],[153.79676416,5.49749627]]],[[[153.72475827,5.4981308],[153.72475926,5.49894492],[153.72557106,5.49840119],[153.72475827,5.4981308]]],[[[153.72421762,5.49894558],[153.72394549,5.49786042],[153.72259369,5.49976167],[153.72421762,5.49894558]]],[[[153.72151074,5.50003435],[153.7206973,5.49922121],[153.72042844,5.50084978],[153.72151074,5.50003435]]],[[[153.81873159,5.49828064],[153.81520604,5.49665726],[153.82144472,5.50192609],[153.81873159,5.49828064]]],[[[153.71528318,5.50112734],[153.71446688,5.50167107],[153.71583331,5.50194442],[153.71528318,5.50112734]]],[[[153.82171611,5.50234704],[153.82170243,5.50234706],[153.82171617,5.50239518],[153.82171611,5.50234704]]],[[[153.71609698,5.50224069],[153.71591494,5.50248345],[153.71609727,5.50248323],[153.71609698,5.50224069]]],[[[153.71582659,5.50260128],[153.71571127,5.50275507],[153.71582677,5.50275493],[153.71582659,5.50260128]]],[[[153.71203495,5.5024881],[153.71176475,5.50300643],[153.71443516,5.50167111],[153.71203495,5.5024881]]],[[[153.7155562,5.50296188],[153.7155076,5.50302669],[153.71555628,5.50302663],[153.7155562,5.50296188]]],[[[153.7116667,5.50305545],[153.71149396,5.50303149],[153.71149419,5.50322797],[153.7116667,5.50305545]]],[[[153.7114192,5.50330295],[153.71122346,5.50330319],[153.71122369,5.50349847],[153.7114192,5.50330295]]],[[[153.7152861,5.5035697],[153.71528581,5.50332248],[153.71515941,5.50356985],[153.7152861,5.5035697]]],[[[153.71114751,5.50357465],[153.71095296,5.50357488],[153.71095319,5.50376897],[153.71114751,5.50357465]]],[[[153.71087581,5.50384635],[153.71068246,5.50384658],[153.71068269,5.50403947],[153.71087581,5.50384635]]],[[[153.70987118,5.50485097],[153.71060411,5.50411805],[153.71014114,5.5041186],[153.70987118,5.50485097]]],[[[153.70978902,5.50493314],[153.70960046,5.50493336],[153.70960068,5.50512147],[153.70978902,5.50493314]]],[[[153.70951732,5.50520484],[153.70932996,5.50520506],[153.70933018,5.50539198],[153.70951732,5.50520484]]],[[[153.70924562,5.50547653],[153.70905946,5.50547676],[153.70905968,5.50566248],[153.70924562,5.50547653]]],[[[153.70897392,5.50574823],[153.70878896,5.50574845],[153.70878917,5.50593298],[153.70897392,5.50574823]]],[[[153.70870223,5.50601993],[153.70851845,5.50602015],[153.70851867,5.50620348],[153.70870223,5.50601993]]],[[[153.70833325,5.5063889],[153.70843053,5.50629163],[153.70824795,5.50629184],[153.70824867,5.50689636],[153.70833325,5.5063889]]],[[[153.82280683,5.50777287],[153.82280608,5.50723013],[153.82264986,5.50777308],[153.82280683,5.50777287]]],[[[153.70812324,5.50764886],[153.70797874,5.50764903],[153.70797975,5.5085097],[153.70812324,5.50764886]]],[[[153.82253801,5.50922662],[153.82252456,5.50940146],[153.82253825,5.50940144],[153.82253801,5.50922662]]],[[[153.70771606,5.51009171],[153.70789703,5.509006],[153.70770952,5.50900622],[153.70771606,5.51009171]]],[[[153.81488895,5.51104016],[153.81468676,5.51104043],[153.81468709,5.51127872],[153.81488895,5.51104016]]],[[[153.81465907,5.51131184],[153.8141455,5.51131254],[153.81414632,5.51191783],[153.81465907,5.51131184]]],[[[153.82145835,5.51185169],[153.82125944,5.51211687],[153.82145871,5.51211659],[153.82145835,5.51185169]]],[[[153.82118802,5.51221209],[153.82105569,5.51238852],[153.82118826,5.51238833],[153.82118802,5.51221209]]],[[[153.71042356,5.51388771],[153.71042324,5.51361634],[153.71022256,5.51388795],[153.71042356,5.51388771]]],[[[153.71042453,5.51470183],[153.71015295,5.51406203],[153.70907031,5.51463036],[153.71042453,5.51470183]]],[[[153.80119311,5.5224562],[153.80116111,5.52245624],[153.80116114,5.52247929],[153.80119311,5.5224562]]],[[[153.80416656,5.5219444],[153.80416656,5.52380902],[153.80305469,5.52082548],[153.80416656,5.5219444]]],[[[153.79931089,5.52381558],[153.79899633,5.523816],[153.79899663,5.52404254],[153.79931089,5.52381558]]],[[[153.79893444,5.52408745],[153.79872587,5.52408773],[153.79872607,5.52423794],[153.79893444,5.52408745]]],[[[153.79805553,5.52472222],[153.798558,5.52435933],[153.79764293,5.52436055],[153.79805553,5.52472222]]],[[[153.79872874,5.52623486],[153.79872877,5.52625867],[153.79876202,5.52625863],[153.79872874,5.52623486]]],[[[153.78382875,5.53713329],[153.78357675,5.53713362],[153.78357702,5.53734306],[153.78382875,5.53713329]]],[[[153.78628543,5.5374014],[153.78465865,5.53604672],[153.78411805,5.53686154],[153.78628543,5.5374014]]],[[[153.78285025,5.53794869],[153.78276532,5.5379488],[153.78276541,5.53801938],[153.78285025,5.53794869]]],[[[153.78252408,5.53822049],[153.78222401,5.53822089],[153.78222434,5.53847027],[153.78252408,5.53822049]]],[[[153.78574511,5.53842141],[153.78567883,5.53848768],[153.7857452,5.53848759],[153.78574511,5.53842141]]],[[[153.78219791,5.53849229],[153.7816827,5.53849297],[153.78168327,5.53892115],[153.78219791,5.53849229]]],[[[153.78547463,5.53869185],[153.7851353,5.53903114],[153.78547508,5.53903069],[153.78547463,5.53869185]]],[[[153.78222687,5.54039183],[153.78141365,5.53985017],[153.78141508,5.54093564],[153.78222687,5.54039183]]],[[[158.30372734,6.99315436],[158.30372694,6.99342572],[158.30399853,6.99342612],[158.30399893,6.99315476],[158.30372734,6.99315436]]],[[[158.28474086,6.9768444],[158.28392612,6.97684317],[158.28528417,6.97674045],[158.28474086,6.9768444]]],[[[158.28338214,6.97738506],[158.28338207,6.97743285],[158.28351281,6.97738526],[158.28338214,6.97738506]]],[[[158.28256699,6.97765518],[158.28256687,6.97772959],[158.28277045,6.97765549],[158.28256699,6.97765518]]],[[[158.27984954,6.97873647],[158.27984934,6.97886369],[158.27995484,6.97873663],[158.27984954,6.97873647]]],[[[158.29233447,6.98391118],[158.29206289,6.98391077],[158.29233427,6.9840493],[158.29233447,6.98391118]]],[[[158.29325986,6.98418393],[158.29342037,6.98420727],[158.2934204,6.98418417],[158.29325986,6.98418393]]],[[[158.28853436,6.98254867],[158.28745665,6.97684851],[158.28510863,6.98498571],[158.28853436,6.98254867]]],[[[158.28906704,6.98948816],[158.28879557,6.98941242],[158.28879528,6.98960439],[158.28906704,6.98948816]]],[[[158.29232472,6.99039713],[158.29232468,6.99042378],[158.29242074,6.99042392],[158.29232472,6.99039713]]],[[[158.29286767,6.99054863],[158.29286745,6.99069595],[158.29339853,6.99069675],[158.29286767,6.99054863]]],[[[158.29368209,6.99077587],[158.2936818,6.99096853],[158.29437631,6.99096957],[158.29368209,6.99077587]]],[[[158.29449651,6.99100311],[158.29612487,6.99178626],[158.29730961,6.99178803],[158.29449651,6.99100311]]],[[[158.29783498,6.99178881],[158.30155906,6.9901662],[158.30021419,6.98826469],[158.29783498,6.99178881]]],[[[149.29953385,6.67287656],[149.29917598,6.67287823],[149.29953434,6.67298239],[149.29953385,6.67287656]]],[[[149.30280843,6.6771569],[149.30308591,6.67849535],[149.30308111,6.67746985],[149.3028099,6.67747112],[149.30280843,6.6771569]]],[[[149.30336164,6.67945945],[149.30336121,6.67936672],[149.30333515,6.67936684],[149.30336164,6.67945945]]],[[[149.30363408,6.67972066],[149.30363369,6.67963661],[149.3034126,6.67963765],[149.30363408,6.67972066]]],[[[149.30418119,6.68071872],[149.3040695,6.68071924],[149.3041824,6.68097818],[149.30418119,6.68071872]]],[[[149.30445621,6.68153094],[149.30445367,6.68098861],[149.3041875,6.68098986],[149.30445621,6.68153094]]],[[[149.30472996,6.68207199],[149.30465949,6.68207232],[149.30473073,6.68223571],[149.30472996,6.68207199]]],[[[149.30665729,6.68821057],[149.30638013,6.68694527],[149.30584717,6.68742633],[149.30665729,6.68821057]]],[[[149.30692892,6.68829853],[149.30674903,6.68829937],[149.30692974,6.68847432],[149.30692892,6.68829853]]],[[[149.30856597,6.69426477],[149.30852808,6.69479903],[149.3085817,6.69371411],[149.30856597,6.69426477]]],[[[149.30860592,6.69886616],[149.30859062,6.69561223],[149.30823944,6.69886788],[149.30860592,6.69886616]]],[[[149.30799496,6.69978511],[149.3078434,6.69995441],[149.3080667,6.69955355],[149.30799496,6.69978511]]],[[[149.29781845,6.7002726],[149.29776305,6.70020497],[149.29776336,6.70027286],[149.29781845,6.7002726]]],[[[149.30779759,6.70000557],[149.30662447,6.70131597],[149.30779991,6.70049695],[149.30779759,6.70000557]]],[[[151.55672672,7.33509102],[151.55672221,7.33649045],[151.55698106,7.33509184],[151.55672672,7.33509102]]],[[[149.19556136,7.34832813],[149.19400132,7.34752222],[149.19660282,7.3488903],[149.19556136,7.34832813]]],[[[149.19692345,7.34913501],[149.19686635,7.34913529],[149.19692372,7.34918862],[149.19692345,7.34913501]]],[[[149.19910575,7.35102257],[149.19889759,7.35102359],[149.19910671,7.35121799],[149.19910575,7.35102257]]],[[[149.1993787,7.35129241],[149.19918777,7.35129335],[149.19937959,7.35147167],[149.1993787,7.35129241]]],[[[149.19965166,7.35156225],[149.19947794,7.3515631],[149.19965246,7.35172534],[149.19965166,7.35156225]]],[[[149.20047053,7.35237177],[149.19976812,7.35183286],[149.20128972,7.35324739],[149.20047053,7.35237177]]],[[[149.20210827,7.35399081],[149.20150917,7.35345139],[149.20238124,7.35426209],[149.20210827,7.35399081]]],[[[149.19695647,7.35584933],[149.19678028,7.35591522],[149.19695679,7.35591436],[149.19695647,7.35584933]]],[[[149.1966854,7.35596267],[149.19623262,7.35618909],[149.1966865,7.35618686],[149.1966854,7.35596267]]],[[[149.2029432,7.3580544],[149.20292581,7.35452915],[149.20285368,7.36180866],[149.2029432,7.3580544]]],[[[149.19917789,7.36566594],[149.20107528,7.36484307],[149.1985467,7.36594022],[149.19917789,7.36566594]]],[[[149.42078614,7.53709722],[149.43289954,7.53744071],[149.43261725,7.53554434],[149.42078614,7.53709722]]],[[[149.41360341,7.53646306],[149.4098057,7.53756855],[149.41578174,7.53731398],[149.41360341,7.53646306]]],[[[149.41605337,7.53730221],[149.4170924,7.53725721],[149.41605315,7.53726295],[149.41605337,7.53730221]]],[[[149.42012942,7.53739818],[149.41987901,7.53751294],[149.42013005,7.53751155],[149.42012942,7.53739818]]],[[[149.41985841,7.53752238],[149.41928014,7.53778739],[149.41985987,7.53778418],[149.41985841,7.53752238]]],[[[149.41660627,7.53901278],[149.41628582,7.53915963],[149.41660707,7.53915785],[149.41660627,7.53901278]]],[[[149.41579322,7.53938538],[149.41568697,7.53943407],[149.41579349,7.53943349],[149.41579322,7.53938538]]],[[[149.4140625,7.54045761],[149.41261463,7.54080673],[149.41525119,7.53963378],[149.4140625,7.54045761]]],[[[149.41145346,7.54073843],[149.41118128,7.54065204],[149.41118218,7.54081463],[149.41145346,7.54073843]]],[[[149.42715976,7.62830296],[149.41606819,7.53997424],[149.39567356,7.58618054],[149.42715976,7.62830296]]],[[[149.39436627,7.58456089],[149.3949417,7.58726914],[149.39512261,7.58482787],[149.39436627,7.58456089]]],[[[149.39486588,7.5875407],[149.39486493,7.58736848],[149.39462167,7.58754204],[149.39486588,7.5875407]]],[[[149.39432343,7.58772578],[149.39459565,7.58781333],[149.39459426,7.5875616],[149.39432343,7.58772578]]],[[[149.42718117,7.63209873],[149.42854215,7.63248625],[149.42799489,7.63182302],[149.42718117,7.63209873]]],[[[149.42908801,7.63290141],[149.42908778,7.63290142],[149.42908802,7.63290161],[149.42908801,7.63290141]]],[[[149.42570117,7.63264931],[149.42555372,7.63265013],[149.42555802,7.63341266],[149.42570117,7.63264931]]],[[[149.42990633,7.63343908],[149.42972747,7.63344009],[149.42990719,7.63359143],[149.42990633,7.63343908]]],[[[149.43388536,7.63694142],[149.43388891,7.64073727],[149.4342835,7.63856598],[149.43388536,7.63694142]]],[[[151.34215772,8.54508067],[151.34205616,8.54508024],[151.34211766,8.54697925],[151.34215772,8.54508067]]],[[[151.34103372,8.5529421],[151.34103449,8.55276323],[151.34086421,8.55294138],[151.34103372,8.5529421]]],[[[150.42110305,8.56645598],[150.42328142,8.56652988],[150.42328288,8.56631297],[150.42110305,8.56645598]]],[[[150.4235427,8.5665858],[150.42355333,8.56659679],[150.4235534,8.56658587],[150.4235427,8.5665858]]],[[[150.41919586,8.56655677],[150.41919486,8.56670614],[150.41951943,8.56655893],[150.41919586,8.56655677]]],[[[150.41892169,8.56682603],[150.41892166,8.56683005],[150.41893041,8.56682609],[150.41892169,8.56682603]]],[[[150.41783048,8.56708983],[150.41782889,8.5673257],[150.41834139,8.56709325],[150.41783048,8.56708983]]],[[[150.4175563,8.56735909],[150.41755569,8.56744961],[150.41775237,8.5673604],[150.4175563,8.56735909]]],[[[150.41700978,8.56762653],[150.4170093,8.56769743],[150.41716335,8.56762756],[150.41700978,8.56762653]]],[[[149.68730708,8.56801645],[149.68703491,8.56801412],[149.68703407,8.56811181],[149.68730708,8.56801645]]],[[[150.42391752,8.56848596],[150.42408897,8.56794492],[150.4238828,8.56794354],[150.42391752,8.56848596]]],[[[149.68625199,8.56827832],[149.68621607,8.56827801],[149.68621586,8.56830214],[149.68625199,8.56827832]]],[[[149.68539722,8.5685419],[149.6853946,8.5688437],[149.68584642,8.56854576],[149.68539722,8.5685419]]],[[[149.69192455,8.56913975],[149.69054108,8.56858604],[149.69136882,8.572657],[149.69192455,8.56913975]]],[[[150.42270798,8.57079318],[150.42249358,8.57091631],[150.42270714,8.57091774],[150.42270798,8.57079318]]],[[[150.42216061,8.57118518],[150.42216114,8.57110724],[150.42202698,8.57118429],[150.42216061,8.57118518]]],[[[150.4137123,8.57194194],[150.41452752,8.5722185],[150.41402274,8.57167293],[150.4137123,8.57194194]]],[[[149.69134943,8.5726906],[149.6912133,8.57292659],[149.69134738,8.57292774],[149.69134943,8.5726906]]],[[[149.69051679,8.57454615],[149.69106582,8.57400902],[149.69107309,8.57316966],[149.69051679,8.57454615]]],[[[149.69024407,8.57460682],[149.69012473,8.57481371],[149.69024227,8.57481472],[149.69024407,8.57460682]]],[[[149.68968853,8.57589366],[149.68969138,8.57556494],[149.68950268,8.57589207],[149.68968853,8.57589366]]],[[[149.68941401,8.57616223],[149.68941504,8.57604401],[149.68934717,8.57616165],[149.68941401,8.57616223]]],[[[149.6885834,8.57778063],[149.68913245,8.5772435],[149.68913869,8.57652307],[149.6885834,8.57778063]]],[[[149.68830418,8.578591],[149.68830965,8.57796027],[149.68806143,8.57858892],[149.68830418,8.578591]]],[[[149.68773633,8.58129535],[149.68830183,8.57886191],[149.68764085,8.58156545],[149.68773633,8.58129535]]],[[[149.68174612,8.58151474],[149.68173919,8.58231237],[149.68184252,8.58151557],[149.68174612,8.58151474]]],[[[149.68772928,8.58210806],[149.68748791,8.58264783],[149.68772458,8.58264986],[149.68772928,8.58210806]]],[[[149.68118764,8.58313546],[149.68117586,8.58448996],[149.68173724,8.58232743],[149.68118764,8.58313546]]],[[[149.68771282,8.58400438],[149.68745008,8.5829156],[149.68836748,8.58536462],[149.68771282,8.58400438]]],[[[149.68185362,8.58557948],[149.68171194,8.58544695],[149.68171079,8.58557825],[149.68185362,8.58557948]]],[[[149.68214594,8.58585292],[149.68198194,8.58569951],[149.68198061,8.5858515],[149.68214594,8.58585292]]],[[[149.68874078,8.58590967],[149.68878453,8.58597356],[149.68878508,8.58591006],[149.68874078,8.58590967]]],[[[149.68892743,8.5861822],[149.68905332,8.58636602],[149.68905491,8.5861833],[149.68892743,8.5861822]]],[[[149.68331522,8.58694668],[149.68225194,8.58595207],[149.68278773,8.58694213],[149.68331522,8.58694668]]],[[[149.68930073,8.58672726],[149.68932212,8.58675849],[149.68932239,8.58672744],[149.68930073,8.58672726]]],[[[149.68967403,8.58727231],[149.68985971,8.58754343],[149.68986205,8.58727393],[149.68967403,8.58727231]]],[[[149.6841392,8.58803746],[149.68506913,8.58858731],[149.68333195,8.58696233],[149.6841392,8.58803746]]],[[[149.69067154,8.58809366],[149.68986068,8.58754484],[149.6906661,8.58872084],[149.69067154,8.58809366]]],[[[149.68565377,8.58913419],[149.68522198,8.58873029],[149.68521851,8.58913044],[149.68565377,8.58913419]]],[[[149.68594609,8.58940763],[149.685762,8.58923543],[149.68576051,8.58940603],[149.68594609,8.58940763]]],[[[149.69147634,8.58945519],[149.69120885,8.58891104],[149.69147249,8.58989825],[149.69147634,8.58945519]]],[[[149.68792206,8.59125598],[149.6879215,8.59132108],[149.68799231,8.59132169],[149.68792206,8.59125598]]],[[[149.6933541,8.59264558],[149.69255567,8.59054816],[149.69174147,8.59027024],[149.6933541,8.59264558]]],[[[149.68819207,8.59150855],[149.68819133,8.59159433],[149.68828463,8.59159513],[149.68819207,8.59150855]]],[[[149.68873209,8.59201369],[149.68873099,8.59214082],[149.68886927,8.59214201],[149.68873209,8.59201369]]],[[[149.6890021,8.59226626],[149.68900082,8.59241406],[149.68916158,8.59241544],[149.6890021,8.59226626]]],[[[149.68927211,8.59251884],[149.68927065,8.5926873],[149.6894539,8.59268888],[149.68927211,8.59251884]]],[[[149.68974622,8.59296232],[149.68954213,8.59277141],[149.68954048,8.59296055],[149.68974622,8.59296232]]],[[[149.69362562,8.59272474],[149.69340703,8.59272287],[149.6938917,8.59343054],[149.69362562,8.59272474]]],[[[149.69091549,8.59405607],[149.68981214,8.59302398],[149.6900778,8.59377794],[149.69091549,8.59405607]]],[[[149.69237707,8.59542325],[149.6911622,8.59428685],[149.69142697,8.59514416],[149.69237707,8.59542325]]],[[[149.69443278,8.59381537],[149.69575286,8.59614801],[149.69605181,8.59545483],[149.69443278,8.59381537]]],[[[149.69266939,8.59569669],[149.69251228,8.59554973],[149.69251102,8.59569533],[149.69266939,8.59569669]]],[[[149.69296171,8.59597013],[149.6927823,8.5958023],[149.69278085,8.59596857],[149.69296171,8.59597013]]],[[[149.69331818,8.59678596],[149.6938602,8.59706155],[149.69305231,8.59605488],[149.69331818,8.59678596]]],[[[149.69678845,8.5970867],[149.69685378,8.59714591],[149.69685429,8.59708727],[149.69678845,8.5970867]]],[[[149.6944024,8.59731777],[149.69440223,8.59733713],[149.69442329,8.59733731],[149.6944024,8.59731777]]],[[[149.69712413,8.59736051],[149.69709021,8.59736022],[149.69712387,8.59739073],[149.69712413,8.59736051]]],[[[149.69559255,8.59843105],[149.69548248,8.59832809],[149.69548159,8.5984301],[149.69559255,8.59843105]]],[[[149.69955507,8.59954878],[149.69739196,8.59763373],[149.70009486,8.60008371],[149.69955507,8.59954878]]],[[[149.70010773,8.60009537],[149.70036495,8.60032853],[149.70036695,8.6000976],[149.70010773,8.60009537]]],[[[149.70040948,8.60036889],[149.70063504,8.60057335],[149.7006368,8.60037084],[149.70040948,8.60036889]]],[[[149.70071123,8.60064241],[149.70090514,8.60081817],[149.70090665,8.60064408],[149.70071123,8.60064241]]],[[[149.70183381,8.60200667],[149.7019818,8.60222608],[149.70198369,8.60200795],[149.70183381,8.60200667]]],[[[149.69871266,8.60252173],[149.69959543,8.60307116],[149.6981785,8.60133751],[149.69871266,8.60252173]]],[[[149.70220141,8.60255167],[149.70225057,8.60262456],[149.70225119,8.6025521],[149.70220141,8.60255167]]],[[[149.69981843,8.603344],[149.69979465,8.6033149],[149.6997944,8.60334379],[149.69981843,8.603344]]],[[[149.70305136,8.60445545],[149.70279089,8.60309858],[149.70195174,8.60462046],[149.70305136,8.60445545]]],[[[150.38543604,8.60455294],[150.38598821,8.60347234],[150.38544348,8.60346864],[150.38543604,8.60455294]]],[[[150.38261735,8.60921156],[150.38213597,8.60913895],[150.38213411,8.60941002],[150.38261735,8.60921156]]],[[[150.33960272,8.74872225],[150.34081185,8.74877763],[150.33975334,8.74845223],[150.33960272,8.74872225]]],[[[150.34165479,8.74927883],[150.34111372,8.74873287],[150.3416499,8.74996675],[150.34165479,8.74927883]]],[[[150.34164908,8.75008212],[150.34156477,8.7503625],[150.34164709,8.75036307],[150.34164908,8.75008212]]],[[[150.34140209,8.75090351],[150.34115806,8.75171502],[150.34164132,8.75117626],[150.34140209,8.75090351]]],[[[150.34109095,8.75193818],[150.34099537,8.75225603],[150.34108869,8.75225668],[150.34109095,8.75193818]]],[[[150.34083269,8.75279703],[150.34108484,8.75279881],[150.34108677,8.75252774],[150.34083269,8.75279703]]],[[[150.34081045,8.75306795],[150.34081189,8.75286622],[150.34075135,8.75306754],[150.34081045,8.75306795]]],[[[150.33751391,8.75683981],[150.33806462,8.75603046],[150.33701791,8.75683631],[150.33751391,8.75683981]]],[[[150.33614193,8.75818552],[150.33668493,8.75846042],[150.33669265,8.75737617],[150.33614193,8.75818552]]],[[[150.33367429,8.76033671],[150.33339023,8.76196115],[150.33421922,8.76034055],[150.33367429,8.76033671]]],[[[150.32653978,8.76733419],[150.3262615,8.76814544],[150.32708085,8.76788016],[150.32653978,8.76733419]]],[[[150.32134538,8.76973702],[150.32215696,8.77055599],[150.32352903,8.76921036],[150.32134538,8.76973702]]],[[[150.29549634,8.79826081],[150.29185832,8.79975796],[150.29472536,8.79584054],[150.29549634,8.79826081]]],[[[150.28842865,8.79986119],[150.28979108,8.79987101],[150.28831661,8.79921412],[150.28842865,8.79986119]]],[[[150.06576341,8.94372475],[150.06384912,8.94452261],[150.06630227,8.94450476],[150.06576341,8.94372475]]],[[[150.06444168,8.94588237],[150.064384,8.94579863],[150.06438333,8.94588191],[150.06444168,8.94588237]]],[[[150.06899698,8.94835758],[150.06846926,8.9461853],[150.0681697,8.94862204],[150.06899698,8.94835758]]],[[[150.12788893,8.98080041],[150.12598087,8.98078555],[150.1257041,8.98131469],[150.12788893,8.98080041]]],[[[150.12808962,8.981073],[150.12843115,8.98117811],[150.12843196,8.98107567],[150.12808962,8.981073]]],[[[150.12568002,8.98132526],[150.12515885,8.9813212],[150.12515701,8.98155485],[150.12568002,8.98132526]]],[[[150.12951891,8.98151288],[150.12979085,8.98159657],[150.12979274,8.98135729],[150.12951891,8.98151288]]],[[[150.12461155,8.98158796],[150.12460992,8.98179501],[150.12507339,8.98159156],[150.12461155,8.98158796]]],[[[150.13033577,8.98163254],[150.12989663,8.98162912],[150.13031423,8.98175764],[150.13033577,8.98163254]]],[[[150.12433683,8.98185684],[150.12433637,8.98191509],[150.12446675,8.98185785],[150.12433683,8.98185684]]],[[[150.13223532,8.98273142],[150.13087667,8.9821788],[150.13223136,8.98323461],[150.13223532,8.98273142]]],[[[150.12293611,8.98347207],[150.1226927,8.98293903],[150.12268851,8.98347014],[150.12293611,8.98347207]]],[[[150.13228229,8.98327384],[150.13250232,8.98344336],[150.13250364,8.98327557],[150.13228229,8.98327384]]],[[[150.12296067,8.98352586],[150.12295681,8.98401428],[150.12318451,8.98401606],[150.12296067,8.98352586]]],[[[150.12322864,8.98411268],[150.12322512,8.98455842],[150.12343292,8.98456005],[150.12322864,8.98411268]]],[[[150.133315,8.98409496],[150.126762,8.98543659],[150.13302749,8.98598992],[150.133315,8.98409496]]],[[[150.12349342,8.98510257],[150.12621499,8.98566585],[150.12349661,8.98469951],[150.12349342,8.98510257]]],[[[151.63974224,7.2233026],[151.6399416,7.22345704],[151.63994206,7.22330319],[151.63974224,7.2233026]]],[[[151.63477151,7.2262411],[151.63463815,7.22627166],[151.63477142,7.22627206],[151.63477151,7.2262411]]],[[[151.60976542,7.31859933],[151.61003773,7.31841092],[151.60976676,7.31816651],[151.60976542,7.31859933]]],[[[151.61112453,7.31844199],[151.6103102,7.31816818],[151.61166558,7.31921789],[151.61112453,7.31844199]]],[[[151.60813157,7.3197298],[151.60960748,7.31870861],[151.60813307,7.31924665],[151.60813157,7.3197298]]],[[[151.61172646,7.31925774],[151.61193675,7.31939538],[151.61193717,7.31925839],[151.61172646,7.31925774]]],[[[151.60785966,7.3197884],[151.60785926,7.31991821],[151.60804604,7.31978897],[151.60785966,7.3197884]]],[[[151.61255936,7.3198029],[151.61275028,7.31992787],[151.61275066,7.31980349],[151.61255936,7.3198029]]],[[[151.6075871,7.32005885],[151.60758695,7.32010662],[151.60765568,7.32005906],[151.6075871,7.32005885]]],[[[151.61297581,7.32007548],[151.61329263,7.32028286],[151.61329327,7.32007646],[151.61297581,7.32007548]]],[[[151.61339226,7.32034806],[151.61383499,7.32063785],[151.61383588,7.32034943],[151.61339226,7.32034806]]],[[[151.60726532,7.32032915],[151.60677109,7.32032763],[151.60677002,7.32067185],[151.60726532,7.32032915]]],[[[151.61465021,7.32062323],[151.61410619,7.32080709],[151.61519248,7.32100613],[151.61465021,7.32062323]]],[[[151.61845267,7.32117751],[151.61600799,7.32089871],[151.61845136,7.32160322],[151.61845267,7.32117751]]],[[[151.60568083,7.32140944],[151.60540911,7.3214086],[151.60540847,7.32161391],[151.60568083,7.32140944]]],[[[151.60513654,7.32167905],[151.60513616,7.32180233],[151.60531354,7.3216796],[151.60513654,7.32167905]]],[[[151.59045332,7.32488886],[151.58856662,7.31999964],[151.59126552,7.32583725],[151.59045332,7.32488886]]],[[[151.62062397,7.32199807],[151.62283945,7.32390284],[151.62550724,7.32455115],[151.62062397,7.32199807]]],[[[151.57686721,7.3248461],[151.57632463,7.32457309],[151.57686674,7.32499509],[151.57686721,7.3248461]]],[[[151.62822664,7.325212],[151.62849354,7.32544512],[151.62849488,7.32500641],[151.62822664,7.325212]]],[[[151.62876495,7.32554983],[151.62861288,7.32554936],[151.62876454,7.32568183],[151.62876495,7.32554983]]],[[[151.62903585,7.32582195],[151.62892458,7.32582161],[151.62903555,7.32591854],[151.62903585,7.32582195]]],[[[151.58012529,7.32567027],[151.57795237,7.32539212],[151.58120707,7.32729015],[151.58012529,7.32567027]]],[[[151.59140443,7.32597702],[151.59180726,7.32638235],[151.59180853,7.32597828],[151.59140443,7.32597702]]],[[[151.62985966,7.32663836],[151.63133132,7.32792377],[151.63093712,7.32609904],[151.62985966,7.32663836]]],[[[151.58147876,7.32730231],[151.58122856,7.32730152],[151.58147834,7.32743359],[151.58147876,7.32730231]]],[[[151.58229307,7.32757617],[151.5820148,7.32757529],[151.58229299,7.32760112],[151.58229307,7.32757617]]],[[[151.63962175,7.32965229],[151.63989677,7.32856792],[151.6370874,7.32747421],[151.63962175,7.32965229]]],[[[151.57304843,7.32944599],[151.5730482,7.32952066],[151.57317618,7.3294464],[151.57304843,7.32944599]]],[[[151.57087119,7.33052425],[151.57087036,7.3307844],[151.57131624,7.33052566],[151.57087119,7.33052425]]],[[[151.63934672,7.33073666],[151.63934703,7.33063453],[151.63932714,7.3307366],[151.63934672,7.33073666]]],[[[151.63907334,7.33127843],[151.63907346,7.3312401],[151.63904407,7.33127835],[151.63907334,7.33127843]]],[[[151.63770939,7.33301541],[151.63758827,7.33317304],[151.63770891,7.3331734],[151.63770939,7.33301541]]],[[[151.55805057,7.33238236],[151.56134712,7.33477269],[151.55891186,7.33157125],[151.55805057,7.33238236]]],[[[151.56480658,7.33430302],[151.56406592,7.33430066],[151.56406467,7.33468978],[151.56480658,7.33430302]]],[[[151.5635216,7.33457021],[151.56297815,7.33456847],[151.56297765,7.33472294],[151.5635216,7.33457021]]],[[[151.63634363,7.33533967],[151.63689094,7.33408061],[151.63592451,7.33533839],[151.63634363,7.33533967]]],[[[151.55699931,7.33482061],[151.55699875,7.33499627],[151.55703124,7.33482071],[151.55699931,7.33482061]]],[[[151.63579967,7.33550087],[151.63550857,7.33587973],[151.63579851,7.33588061],[151.63579967,7.33550087]]],[[[151.59927726,7.33703721],[151.60128015,7.33841962],[151.60182764,7.33713268],[151.59927726,7.33703721]]],[[[151.55698883,7.33807607],[151.55826925,7.33889405],[151.55672169,7.33664931],[151.55698883,7.33807607]]],[[[151.63443557,7.33727622],[151.63363684,7.33831574],[151.63443322,7.33804686],[151.63443557,7.33727622]]],[[[151.6336171,7.33834143],[151.63342887,7.33858641],[151.63361635,7.33858698],[151.6336171,7.33834143]]],[[[151.55834449,7.33900319],[151.55834397,7.33916558],[151.5584567,7.33916594],[151.55834449,7.33900319]]],[[[151.55861496,7.3393955],[151.55861482,7.33943774],[151.55864415,7.33943784],[151.55861496,7.3393955]]],[[[151.63307146,7.33905158],[151.63287616,7.33930576],[151.63306812,7.34014568],[151.63307146,7.33905158]]],[[[151.60256341,7.33930534],[151.60588975,7.3416012],[151.60562344,7.33985744],[151.60256341,7.33930534]]],[[[151.63326968,7.34102762],[151.63333627,7.341319],[151.63333716,7.34102783],[151.63326968,7.34102762]]],[[[151.67028171,7.3452083],[151.67012309,7.34520783],[151.67028109,7.34541677],[151.67028171,7.3452083]]],[[[151.63141382,7.3446393],[151.63091,7.34617512],[151.63142006,7.34590538],[151.63141382,7.3446393]]],[[[151.6678352,7.34547235],[151.66701684,7.34652094],[151.66987157,7.34487522],[151.6678352,7.34547235]]],[[[151.66756265,7.34574284],[151.66756346,7.34547154],[151.66729171,7.34547074],[151.66729091,7.34574204],[151.66756265,7.34574284]]],[[[151.67082359,7.34575252],[151.67055265,7.34548041],[151.67082246,7.34613268],[151.67082359,7.34575252]]],[[[151.67094557,7.34629548],[151.67109314,7.34649063],[151.67109372,7.34629592],[151.67094557,7.34629548]]],[[[151.63087543,7.34628052],[151.63064328,7.34698821],[151.63087326,7.34698891],[151.63087543,7.34628052]]],[[[151.63060112,7.34711671],[151.63055437,7.34725924],[151.63060069,7.34725938],[151.63060112,7.34711671]]],[[[151.60899532,7.34447384],[151.60611907,7.34257195],[151.61193895,7.35327816],[151.60899532,7.34447384]]],[[[151.67272017,7.34765726],[151.67115119,7.3465674],[151.67298387,7.35036745],[151.67272017,7.34765726]]],[[[151.63515923,7.34890107],[151.63467184,7.34889958],[151.63467125,7.3490945],[151.63515923,7.34890107]]],[[[151.63439927,7.34917005],[151.63439917,7.34920234],[151.63448001,7.3491703],[151.63439927,7.34917005]]],[[[151.63955991,7.34999964],[151.63929478,7.34782843],[151.63548747,7.34877096],[151.63955991,7.34999964]]],[[[151.59281874,7.35038428],[151.59281785,7.35066931],[151.59321977,7.35067057],[151.59281874,7.35038428]]],[[[151.67298144,7.35118498],[151.67298371,7.35042143],[151.6728811,7.35118468],[151.67298144,7.35118498]]],[[[151.63846881,7.35135283],[151.63846953,7.35111671],[151.63837004,7.35135253],[151.63846881,7.35135283]]],[[[151.63058739,7.35160013],[151.63058732,7.35162437],[151.63061486,7.35160021],[151.63058739,7.35160013]]],[[[151.66346783,7.35197064],[151.66346733,7.3521396],[151.66361685,7.35197108],[151.66346783,7.35197064]]],[[[151.66292353,7.35224032],[151.66292199,7.35275425],[151.66337677,7.35224167],[151.66292353,7.35224032]]],[[[151.63792118,7.35270766],[151.63792208,7.35241431],[151.63779847,7.35270729],[151.63792118,7.35270766]]],[[[151.59851842,7.35258623],[151.59851844,7.35258015],[151.59844109,7.35258599],[151.59851842,7.35258623]]],[[[151.67270582,7.35248847],[151.67258943,7.35335425],[151.67270325,7.35335459],[151.67270582,7.35248847]]],[[[151.63764835,7.35306312],[151.63756985,7.3532492],[151.63764778,7.35324943],[151.63764835,7.35306312]]],[[[151.67242793,7.35455555],[151.67233422,7.35525262],[151.67242586,7.35525289],[151.67242793,7.35455555]]],[[[151.67242425,7.3557955],[151.67222484,7.35606621],[151.67242344,7.3560668],[151.67242425,7.3557955]]],[[[151.63762771,7.36220227],[151.63789388,7.36166048],[151.6374251,7.36165906],[151.63762771,7.36220227]]],[[[151.57938497,7.36310646],[151.57837513,7.36337455],[151.57810032,7.36433535],[151.57938497,7.36310646]]],[[[151.57782819,7.36445798],[151.57782775,7.36459611],[151.57797166,7.36445844],[151.57782819,7.36445798]]],[[[151.60852042,7.36943778],[151.60991215,7.35886153],[151.60637691,7.35966444],[151.60852042,7.36943778]]],[[[151.57768899,7.36472883],[151.57755557,7.36472841],[151.57755517,7.36485686],[151.57768899,7.36472883]]],[[[151.57510251,7.36702388],[151.57537384,7.36715452],[151.57537468,7.36689182],[151.57510251,7.36702388]]],[[[151.57740545,7.36908483],[151.57730258,7.36527019],[151.57538291,7.36716314],[151.57740545,7.36908483]]],[[[151.57483032,7.36716138],[151.57483,7.36726058],[151.57494379,7.36716174],[151.57483032,7.36716138]]],[[[151.63815652,7.36464558],[151.63333783,7.37114208],[151.63896102,7.36817493],[151.63815652,7.36464558]]],[[[151.73217009,7.3701031],[151.73217248,7.36926269],[151.73000067,7.3684426],[151.73217009,7.3701031]]],[[[151.57183415,7.36932217],[151.57183242,7.36986432],[151.5724543,7.36932414],[151.57183415,7.36932217]]],[[[151.57128805,7.3701343],[151.5712874,7.37033773],[151.57152074,7.37013504],[151.57128805,7.3701343]]],[[[151.73244116,7.37034869],[151.73237257,7.37034849],[151.73244093,7.37043134],[151.73244116,7.37034869]]],[[[151.57074368,7.37040385],[151.57047019,7.37094556],[151.57120956,7.37040534],[151.57074368,7.37040385]]],[[[151.72183995,7.37113245],[151.72102466,7.37113012],[151.72102347,7.37154416],[151.72183995,7.37113245]]],[[[151.63297272,7.37132002],[151.6327846,7.37141169],[151.63297243,7.37141226],[151.63297272,7.37132002]]],[[[151.72346977,7.37140841],[151.72292624,7.37140686],[151.72292597,7.37150142],[151.72346977,7.37140841]]],[[[151.63242838,7.37158529],[151.63223138,7.3716813],[151.63242809,7.3716819],[151.63242838,7.37158529]]],[[[151.63188405,7.37185056],[151.63167815,7.3719509],[151.63188374,7.37195153],[151.63188405,7.37185056]]],[[[151.70292028,7.3718919],[151.70388198,7.37224185],[151.70417365,7.37162423],[151.70292028,7.3718919]]],[[[151.63161032,7.3724933],[151.63161189,7.3719832],[151.63100457,7.37227917],[151.63161032,7.3724933]]],[[[151.70086182,7.37269985],[151.70063755,7.3726992],[151.70063691,7.37291994],[151.70086182,7.37269985]]],[[[151.59818191,7.37320364],[151.59782179,7.37320251],[151.59818109,7.37346323],[151.59818191,7.37320364]]],[[[151.70435616,7.37270998],[151.70579697,7.3741324],[151.70525677,7.3729839],[151.70435616,7.37270998]]],[[[151.60443055,7.37376578],[151.59872371,7.37374793],[151.60463047,7.37432075],[151.60443055,7.37376578]]],[[[151.70600991,7.37434262],[151.70633895,7.37466746],[151.70633989,7.37434357],[151.70600991,7.37434262]]],[[[151.70661008,7.37488697],[151.70656115,7.37488683],[151.70660994,7.37493499],[151.70661008,7.37488697]]],[[[151.71642531,7.37491526],[151.71612193,7.37491439],[151.71612076,7.3753213],[151.71642531,7.37491526]]],[[[151.7158486,7.37545622],[151.71584794,7.37568504],[151.7160192,7.37545671],[151.7158486,7.37545622]]],[[[151.62670867,7.37573385],[151.62670932,7.37552116],[151.62624415,7.37573243],[151.62670867,7.37573385]]],[[[151.70683678,7.37515893],[151.70805585,7.37636244],[151.70742538,7.37488933],[151.70683678,7.37515893]]],[[[151.71561309,7.37599816],[151.71557527,7.37599805],[151.71557512,7.37604877],[151.71561309,7.37599816]]],[[[151.70877963,7.37647472],[151.70905128,7.37651687],[151.70905205,7.37625056],[151.70877963,7.37647472]]],[[[151.70908414,7.37652196],[151.70932293,7.37655901],[151.70932303,7.37652265],[151.70908414,7.37652196]]],[[[151.71041011,7.37652579],[151.70986657,7.37652422],[151.71040952,7.37672757],[151.71041011,7.37652579]]],[[[151.71122541,7.37652814],[151.71421261,7.37731755],[151.71149875,7.37598632],[151.71122541,7.37652814]]],[[[151.62452874,7.37762624],[151.62616498,7.37578869],[151.62206282,7.37870383],[151.62452874,7.37762624]]],[[[151.71443012,7.3773513],[151.71458066,7.37737465],[151.71459781,7.37735178],[151.71443012,7.3773513]]],[[[151.72180733,7.38250166],[151.7217769,7.38252723],[151.72180725,7.38252732],[151.72180733,7.38250166]]],[[[151.58863995,7.38283211],[151.58837954,7.3829394],[151.58863961,7.38294022],[151.58863995,7.38283211]]],[[[151.72126288,7.3828125],[151.72093117,7.38323104],[151.72126137,7.38333968],[151.72126288,7.3828125]]],[[[151.59516026,7.38345196],[151.5957051,7.38303705],[151.59543357,7.38296164],[151.59516026,7.38345196]]],[[[151.61173603,7.38401974],[151.61166261,7.38409758],[151.61173579,7.38409781],[151.61173603,7.38401974]]],[[[151.61146337,7.38430879],[151.61140744,7.38436808],[151.61146318,7.38436825],[151.61146337,7.38430879]]],[[[151.6111907,7.38459784],[151.61115226,7.38463858],[151.61119057,7.3846387],[151.6111907,7.38459784]]],[[[151.61091542,7.38572303],[151.60906863,7.38684738],[151.60804141,7.39273965],[151.61091542,7.38572303]]],[[[151.60627019,7.39377073],[151.60604612,7.39384674],[151.60626995,7.39384744],[151.60627019,7.39377073]]],[[[151.71307785,7.39379842],[151.71287347,7.39416789],[151.71307678,7.39416848],[151.71307785,7.39379842]]],[[[151.60355143,7.39411023],[151.60355183,7.39398286],[151.60273642,7.39401615],[151.60355143,7.39411023]]],[[[151.71280421,7.394439],[151.71280464,7.39429233],[151.71272363,7.39443877],[151.71280421,7.394439]]],[[[151.67276107,7.40707286],[151.67254309,7.40707221],[151.67254269,7.40720729],[151.67276107,7.40707286]]],[[[151.67227049,7.4073427],[151.6722704,7.4073749],[151.67232244,7.40734286],[151.67227049,7.4073427]]],[[[151.67118174,7.40788206],[151.66302827,7.40785765],[151.6627525,7.40917713],[151.67118174,7.40788206]]],[[[151.67626548,7.40951264],[151.67660769,7.41115387],[151.673902,7.40707626],[151.67626548,7.40951264]]],[[[151.67633509,7.41142436],[151.67616369,7.41169516],[151.67633428,7.41169566],[151.67633509,7.41142436]]],[[[151.66382427,7.41427614],[151.66382399,7.41437129],[151.66392338,7.41437159],[151.66382427,7.41427614]]],[[[151.68026747,7.63905899],[151.68162627,7.63933445],[151.68135601,7.63879102],[151.68026747,7.63905899]]],[[[151.68294765,7.65181835],[151.68213184,7.65181586],[151.68212684,7.65344365],[151.68294266,7.65344614],[151.68294765,7.65181835]]],[[[151.73250103,8.43434126],[151.7314124,8.43396361],[151.7311382,8.43449285],[151.73250103,8.43434126]]],[[[151.7310293,8.43450496],[151.7308657,8.43450443],[151.73086564,8.43452316],[151.7310293,8.43450496]]],[[[151.73113551,8.43531919],[151.73140797,8.43532007],[151.73086509,8.43469237],[151.73113551,8.43531919]]],[[[151.68776342,8.53039982],[151.68721837,8.53039798],[151.68721652,8.53094055],[151.68776157,8.5309424],[151.68776342,8.53039982]]],[[[151.68607072,8.54721411],[151.68797756,8.54749187],[151.68798116,8.54643994],[151.68607072,8.54721411]]],[[[151.68671459,8.55644018],[151.68604156,8.55572669],[151.68604005,8.55616659],[151.68671459,8.55644018]]],[[[151.6882204,8.556174],[151.68809346,8.55590227],[151.6874185,8.55644257],[151.6882204,8.556174]]],[[[151.6882204,8.556174],[151.68821947,8.55644528],[151.68876456,8.55644713],[151.68876549,8.55617584],[151.6882204,8.556174]]],[[[151.68712868,8.55662049],[151.68740091,8.5567138],[151.68740179,8.55645594],[151.68712868,8.55662049]]],[[[151.69089577,8.57083276],[151.69090412,8.56839118],[151.68954786,8.56648754],[151.69089577,8.57083276]]],[[[151.71018869,8.58826041],[151.71073199,8.58880481],[151.71100731,8.58799186],[151.71018869,8.58826041]]],[[[151.72295773,8.60078244],[151.72513747,8.60106096],[151.7248667,8.60051748],[151.72295773,8.60078244]]],[[[151.7259543,8.60133496],[151.72649675,8.60215064],[151.72513747,8.60106096],[151.7259543,8.60133496]]],[[[151.72786056,8.60188385],[151.72758617,8.60242554],[151.7286765,8.60242914],[151.72786056,8.60188385]]],[[[151.7286765,8.60242914],[151.72894546,8.6035152],[151.72949243,8.60297442],[151.7286765,8.60242914]]],[[[151.72921533,8.60432998],[151.72894274,8.60432908],[151.72894184,8.60460037],[151.72921442,8.60460127],[151.72921533,8.60432998]]],[[[151.73030205,8.60541874],[151.72975778,8.60514565],[151.72975507,8.60595953],[151.73030205,8.60541874]]],[[[151.73302428,8.6065129],[151.7327517,8.606512],[151.73274989,8.60705458],[151.73302248,8.60705548],[151.73302428,8.6065129]]],[[[151.73421714,7.22194663],[151.7358457,7.22249377],[151.73584796,7.22167984],[151.73421714,7.22194663]]],[[[151.78636161,7.22887123],[151.7869086,7.2275161],[151.78609354,7.22751393],[151.78636161,7.22887123]]],[[[151.82722442,7.29159185],[151.82641331,7.29002318],[151.82478295,7.29001895],[151.82722442,7.29159185]]],[[[151.8277663,7.29219726],[151.82727641,7.29165334],[151.82795608,7.29518227],[151.8277663,7.29219726]]],[[[151.82775737,7.29563104],[151.82734752,7.29653729],[151.82775571,7.29626703],[151.82775737,7.29563104]]],[[[151.8239295,7.304668],[151.82447764,7.30288315],[151.82367076,7.30466732],[151.8239295,7.304668]]],[[[151.82365422,7.30602388],[151.82365769,7.30469622],[151.82318053,7.30575132],[151.82365422,7.30602388]]],[[[151.8422332,7.31231233],[151.84265964,7.31237576],[151.8426598,7.31231342],[151.8422332,7.31231233]]],[[[151.85021384,7.31423201],[151.85026363,7.31427584],[151.85026374,7.31423213],[151.85021384,7.31423201]]],[[[151.85052288,7.31450412],[151.8508059,7.31475331],[151.85080654,7.31450484],[151.85052288,7.31450412]]],[[[151.85243423,7.31559428],[151.85083192,7.31477623],[151.85315013,7.3168174],[151.85243423,7.31559428]]],[[[151.85378465,7.31885358],[151.85334978,7.31885247],[151.85378188,7.31993886],[151.85378465,7.31885358]]],[[[151.85186506,7.32563174],[151.851874,7.32213954],[151.85212337,7.33088596],[151.85186506,7.32563174]]],[[[151.85238843,7.33350142],[151.85293611,7.33187488],[151.85222253,7.33160174],[151.85238843,7.33350142]]],[[[151.83880069,7.33344826],[151.83880065,7.33346652],[151.8388079,7.33346654],[151.83880069,7.33344826]]],[[[151.85211649,7.33357166],[151.85140112,7.3348555],[151.85184144,7.33485663],[151.85211649,7.33357166]]],[[[151.85129745,7.33504156],[151.85109918,7.33539738],[151.85129653,7.33539788],[151.85129745,7.33504156]]],[[[151.85129445,7.33621184],[151.85102443,7.33553153],[151.85169011,7.33811211],[151.85129445,7.33621184]]],[[[151.78144767,7.33819839],[151.78063537,7.33711092],[151.77764611,7.3371028],[151.77493305,7.33546752],[151.78144767,7.33819839]]],[[[151.78117888,7.3371124],[151.78145063,7.33711314],[151.78145136,7.33684182],[151.78117961,7.33684109],[151.78117888,7.3371124]]],[[[151.7819897,7.33874249],[151.78178427,7.33874193],[151.78198927,7.33890242],[151.7819897,7.33874249]]],[[[151.85208056,7.33919839],[151.85210192,7.3392578],[151.85210207,7.33919845],[151.85208056,7.33919839]]],[[[151.7824798,7.33928645],[151.78253162,7.33932702],[151.78253173,7.33928659],[151.7824798,7.33928645]]],[[[151.78317534,7.33983096],[151.78361633,7.34017621],[151.78361727,7.33983216],[151.78317534,7.33983096]]],[[[151.8526435,7.3400138],[151.8523734,7.34001311],[151.85264159,7.34075925],[151.8526435,7.3400138]]],[[[151.85345739,7.34055852],[151.85318563,7.34055782],[151.85318424,7.34110046],[151.853456,7.34110116],[151.85345739,7.34055852]]],[[[151.85318424,7.34110046],[151.85291248,7.34109977],[151.85291179,7.34137109],[151.85318355,7.34137178],[151.85318424,7.34110046]]],[[[151.85286146,7.34137096],[151.85291143,7.34150997],[151.85291179,7.34137109],[151.85286146,7.34137096]]],[[[151.7865992,7.34255338],[151.78416004,7.34010495],[151.78605123,7.34419506],[151.7865992,7.34255338]]],[[[151.85100249,7.34407943],[151.85100301,7.34387898],[151.85076775,7.34407883],[151.85100249,7.34407943]]],[[[151.831706,7.34457226],[151.83197989,7.34375901],[151.83143637,7.3437576],[151.831706,7.34457226]]],[[[151.83034862,7.34402609],[151.83007686,7.34402538],[151.83007544,7.34456801],[151.8303472,7.34456872],[151.83034862,7.34402609]]],[[[151.831706,7.34457226],[151.83170584,7.34463276],[151.8322495,7.34458344],[151.831706,7.34457226]]],[[[151.78604867,7.34514138],[151.78595591,7.3452648],[151.78604833,7.34526505],[151.78604867,7.34514138]]],[[[151.78577592,7.34550428],[151.78534542,7.34607709],[151.78577437,7.34607825],[151.78577592,7.34550428]]],[[[151.84991056,7.34597588],[151.85125996,7.34964762],[151.8512638,7.34814992],[151.84991056,7.34597588]]],[[[151.85153139,7.34977854],[151.85207075,7.35140265],[151.85207283,7.35059389],[151.85153139,7.34977854]]],[[[151.85288465,7.35195257],[151.85232415,7.35195114],[151.85342209,7.35432773],[151.85288465,7.35195257]]],[[[151.85423444,7.35548321],[151.85477798,7.3554846],[151.85477868,7.35521328],[151.85423514,7.35521189],[151.85423444,7.35548321]]],[[[151.79118164,7.35640286],[151.7838514,7.35366987],[151.79823655,7.36049681],[151.79118164,7.35640286]]],[[[151.85368742,7.35683842],[151.85368797,7.3566259],[151.8534157,7.3568181],[151.85368742,7.35683842]]],[[[151.85287117,7.3572025],[151.85223912,7.35764868],[151.85287002,7.3576503],[151.85287117,7.3572025]]],[[[151.85205437,7.3577791],[151.85185616,7.35791902],[151.85205401,7.35791953],[151.85205437,7.3577791]]],[[[151.86536875,7.35876741],[151.86537082,7.35795345],[151.86455551,7.35795138],[151.86536875,7.35876741]]],[[[151.85177945,7.35900411],[151.85150977,7.35818945],[151.85096483,7.3587307],[151.85177945,7.35900411]]],[[[151.85014742,7.35954257],[151.85042059,7.35900063],[151.84955843,7.35954106],[151.85014742,7.35954257]]],[[[151.84933169,7.35970112],[151.84917548,7.35981139],[151.84933141,7.35981179],[151.84933169,7.35970112]]],[[[151.86454516,7.3620212],[151.86400299,7.36147718],[151.86481595,7.36240904],[151.86454516,7.3620212]]],[[[151.84171546,7.36223405],[151.84171631,7.36191016],[151.84144387,7.36196203],[151.84171546,7.36223405]]],[[[151.79687326,7.36214553],[151.79661568,7.36238644],[151.79687261,7.36238714],[151.79687326,7.36214553]]],[[[151.79632834,7.36265519],[151.79632643,7.36265698],[151.79632834,7.36265699],[151.79632834,7.36265519]]],[[[151.83981165,7.36277176],[151.83981219,7.36256088],[151.83954009,7.36268815],[151.83981165,7.36277176]]],[[[151.79605588,7.36291003],[151.79574793,7.36319806],[151.7960551,7.36319889],[151.79605588,7.36291003]]],[[[151.79551097,7.3634197],[151.79545868,7.3634686],[151.79551084,7.36346874],[151.79551097,7.3634197]]],[[[151.83763535,7.36357906],[151.8370563,7.3638499],[151.83763464,7.3638514],[151.83763535,7.36357906]]],[[[151.7851811,7.36437106],[151.78518068,7.36452609],[151.78536536,7.36452659],[151.7851811,7.36437106]]],[[[151.83599338,7.36791694],[151.83654692,7.36408815],[151.83502758,7.36791442],[151.83599338,7.36791694]]],[[[151.83480942,7.36808562],[151.83461788,7.36818468],[151.83490557,7.36818543],[151.83480942,7.36808562]]],[[[151.73282133,7.37089238],[151.7329826,7.37108784],[151.73298315,7.37089284],[151.73282133,7.37089238]]],[[[151.73352592,7.37116569],[151.73304571,7.37116433],[151.73349448,7.37170822],[151.73352592,7.37116569]]],[[[151.73371886,7.37198017],[151.73379511,7.37207258],[151.73379537,7.37198038],[151.73371886,7.37198017]]],[[[151.73415793,7.37225272],[151.73394324,7.37225211],[151.73398435,7.37230194],[151.73415793,7.37225272]]],[[[151.73977427,7.37199727],[151.73931457,7.37199598],[151.73967824,7.37335355],[151.73977427,7.37199727]]],[[[151.86043942,7.37340631],[151.86043893,7.37359927],[151.86063697,7.37340681],[151.86043942,7.37340631]]],[[[151.86016695,7.37367693],[151.86016647,7.37386404],[151.8603585,7.37367742],[151.86016695,7.37367693]]],[[[151.73895052,7.37497737],[151.73876251,7.37525015],[151.73894975,7.37525067],[151.73895052,7.37497737]]],[[[151.73867721,7.37552122],[151.73867763,7.37537329],[151.73857586,7.37552093],[151.73867721,7.37552122]]],[[[151.73637104,7.37599647],[151.73545705,7.37822522],[151.73649612,7.37795685],[151.73637104,7.37599647]]],[[[151.73893141,7.38172596],[151.73947409,7.38203431],[151.73866184,7.38094738],[151.73893141,7.38172596]]],[[[151.73864746,7.38156462],[151.73866031,7.38149],[151.73811676,7.38148846],[151.73864746,7.38156462]]],[[[151.74028865,7.38230852],[151.73974587,7.38203568],[151.74028811,7.38249684],[151.74028865,7.38230852]]],[[[151.7404349,7.38258025],[151.74055945,7.38265102],[151.74055965,7.3825806],[151.7404349,7.38258025]]],[[[151.74100453,7.38312447],[151.74110114,7.38331183],[151.74110167,7.38312475],[151.74100453,7.38312447]]],[[[151.74191393,7.38421228],[151.74142485,7.38393959],[151.74184518,7.38475471],[151.74191393,7.38421228]]],[[[151.74297288,7.38828493],[151.74298938,7.38833766],[151.74298953,7.38828497],[151.74297288,7.38828493]]],[[[151.74353079,7.38910043],[151.74314285,7.38882802],[151.74290904,7.39018392],[151.74353079,7.38910043]]],[[[151.8440331,7.41162039],[151.8443049,7.41162109],[151.84430561,7.41134978],[151.84403381,7.41134907],[151.8440331,7.41162039]]],[[[151.84430349,7.41216373],[151.843762,7.41134836],[151.84321628,7.41215906],[151.84430349,7.41216373]]],[[[151.8451196,7.41189453],[151.84440669,7.41243532],[151.84670115,7.4129678],[151.8451196,7.41189453]]],[[[151.8481038,7.41407283],[151.8475616,7.41352879],[151.84810187,7.41481435],[151.8481038,7.41407283]]],[[[151.84836315,7.41515879],[151.84837275,7.41517145],[151.84837279,7.41515881],[151.84836315,7.41515879]]],[[[151.84864389,7.41543084],[151.84856937,7.41543064],[151.84864384,7.4154493],[151.84864389,7.41543084]]],[[[151.8491875,7.41543224],[151.84891569,7.41543154],[151.84918711,7.41558241],[151.8491875,7.41543224]]],[[[151.8496868,7.41570485],[151.85000202,7.41578209],[151.85000221,7.41570567],[151.8496868,7.41570485]]],[[[151.85570314,7.41843359],[151.85563633,7.41843342],[151.85570299,7.41849325],[151.85570314,7.41843359]]],[[[151.85624676,7.41843499],[151.85593946,7.41870552],[151.85678771,7.41946694],[151.85624676,7.41843499]]],[[[151.85715199,7.41979393],[151.85733008,7.41995379],[151.85733049,7.41979439],[151.85715199,7.41979393]]],[[[151.85895995,7.42034121],[151.85868884,7.4200692],[151.8576016,7.4200664],[151.85895995,7.42034121]]],[[[151.85925273,7.42061329],[151.85950267,7.42069318],[151.85950287,7.42061393],[151.85925273,7.42061329]]],[[[151.86010841,7.42088681],[151.86031743,7.42095362],[151.8603176,7.42088734],[151.86010841,7.42088681]]],[[[151.86096408,7.42116032],[151.8611322,7.42121406],[151.86113234,7.42116075],[151.86096408,7.42116032]]],[[[151.86221888,7.42143486],[151.86181975,7.42143384],[151.86249015,7.42164813],[151.86221888,7.42143486]]],[[[151.86303362,7.42170827],[151.86565809,7.42551348],[151.86628979,7.42388716],[151.86303362,7.42170827]]],[[[151.86443624,7.42686697],[151.86519489,7.42686891],[151.86519628,7.42632627],[151.86443624,7.42686697]]],[[[151.86354816,7.42785072],[151.86332132,7.42903469],[151.86383024,7.429036],[151.86354816,7.42785072]]],[[[151.83991056,7.42897413],[151.83991007,7.42916204],[151.83999531,7.42897435],[151.83991056,7.42897413]]],[[[151.86382745,7.43012128],[151.86319608,7.42984834],[151.86382678,7.43038149],[151.86382745,7.43012128]]],[[[151.86385033,7.43039266],[151.86436976,7.43063897],[151.86437039,7.43039399],[151.86385033,7.43039266]]],[[[151.86464151,7.430666],[151.86442561,7.43066545],[151.86464125,7.4307677],[151.86464151,7.430666]]],[[[151.83793931,7.45501563],[151.83712311,7.45528481],[151.83684968,7.45588977],[151.83793931,7.45501563]]],[[[151.862121,7.45941964],[151.8557198,7.45175552],[151.85529065,7.4581933],[151.862121,7.45941964]]],[[[151.85939774,7.46131187],[151.8593982,7.46113488],[151.85922062,7.46125603],[151.85939774,7.46131187]]],[[[151.8591245,7.46185381],[151.85906123,7.46212496],[151.8591238,7.46212512],[151.8591245,7.46185381]]],[[[151.85394833,7.46618154],[151.85394853,7.46610485],[151.85389639,7.46618141],[151.85394833,7.46618154]]],[[[151.86540327,7.65993394],[151.86423504,7.66306281],[151.86539537,7.66291843],[151.86540327,7.65993394]]],[[[151.84797892,7.66694196],[151.84770696,7.66694123],[151.84770623,7.66721255],[151.84797819,7.66721328],[151.84797892,7.66694196]]],[[[151.8319154,7.67341025],[151.83191689,7.67286763],[151.83109474,7.67332876],[151.8319154,7.67341025]]],[[[151.83028139,7.67421976],[151.83082746,7.67343581],[151.8295269,7.67395675],[151.83028139,7.67421976]]],[[[151.75983835,7.6756974],[151.75983612,7.67646415],[151.76113454,7.67728182],[151.75983835,7.6756974]]],[[[151.76813533,7.67730194],[151.76826419,7.67743081],[151.76826456,7.67730231],[151.76813533,7.67730194]]],[[[151.76840739,7.67757403],[151.76853537,7.67770202],[151.76853574,7.6775744],[151.76840739,7.67757403]]],[[[151.76867945,7.67784612],[151.76880655,7.67797324],[151.76880692,7.67784649],[151.76867945,7.67784612]]],[[[151.76771281,7.68001383],[151.7690781,7.67811857],[151.76445008,7.67972207],[151.76771281,7.68001383]]],[[[151.79691528,7.68009659],[151.79708728,7.67928313],[151.79690672,7.67928262],[151.79691528,7.68009659]]],[[[151.79644692,7.68065763],[151.79574449,7.68090724],[151.79681253,7.68027399],[151.79644692,7.68065763]]],[[[151.75049534,8.43076927],[151.74940985,8.42940932],[151.74999238,8.43239546],[151.75049534,8.43076927]]],[[[151.74994431,8.43266661],[151.7496701,8.43320833],[151.75021503,8.43321007],[151.74994431,8.43266661]]],[[[151.74912536,8.43314861],[151.74889701,8.43320587],[151.74912517,8.43320659],[151.74912536,8.43314861]]],[[[151.74313096,8.43318744],[151.7428585,8.43318656],[151.74285762,8.43345786],[151.74313009,8.43345873],[151.74313096,8.43318744]]],[[[151.7483073,8.43335372],[151.74782856,8.43347376],[151.74830691,8.43347528],[151.7483073,8.43335372]]],[[[151.74748924,8.43355883],[151.74676012,8.43374164],[151.74748864,8.43374397],[151.74748924,8.43355883]]],[[[151.73631585,8.43425073],[151.73495354,8.43424634],[151.73658719,8.43459796],[151.73631585,8.43425073]]],[[[151.73522071,8.43587498],[151.73658479,8.43533679],[151.73385928,8.43559332],[151.73522071,8.43587498]]],[[[151.75917867,8.4419201],[151.75945287,8.44137837],[151.75890879,8.44110535],[151.75917867,8.4419201]]],[[[151.76814529,8.4498161],[151.76896272,8.44981867],[151.76787453,8.44927264],[151.76814529,8.4498161]]],[[[151.77277484,8.45064454],[151.77195655,8.45091327],[151.77304475,8.45145928],[151.77277484,8.45064454]]],[[[151.7881634,8.45340549],[151.78829753,8.45346759],[151.78829772,8.45340591],[151.7881634,8.45340549]]],[[[151.78875328,8.45367862],[151.78884172,8.45371957],[151.78884184,8.45367889],[151.78875328,8.45367862]]],[[[151.78393724,8.45363719],[151.7839363,8.45393498],[151.78424764,8.45393595],[151.78393724,8.45363719]]],[[[151.78934315,8.45395174],[151.78965799,8.45409753],[151.78965844,8.45395272],[151.78934315,8.45395174]]],[[[151.78453043,8.45420813],[151.78448057,8.45416014],[151.78448042,8.45420797],[151.78453043,8.45420813]]],[[[151.78481322,8.45448031],[151.78475224,8.45442161],[151.78475205,8.45448012],[151.78481322,8.45448031]]],[[[151.7850239,8.45468309],[151.78502369,8.45475226],[151.78509601,8.45475249],[151.7850239,8.45468309]]],[[[151.79100818,8.45802643],[151.79183409,8.45531595],[151.79073146,8.45938208],[151.79100818,8.45802643]]],[[[151.80267396,8.47461181],[151.8026748,8.47434051],[151.8024023,8.47433967],[151.80240146,8.47461097],[151.80267396,8.47461181]]],[[[151.80267396,8.47461181],[151.80294478,8.47515524],[151.80321895,8.47461348],[151.80267396,8.47461181]]],[[[151.8143609,8.48461013],[151.81544986,8.48496034],[151.81654322,8.48387844],[151.8143609,8.48461013]]],[[[151.82335011,8.48579817],[151.82389843,8.4847146],[151.82226421,8.48443837],[151.82335011,8.48579817]]],[[[151.82906294,8.48907103],[151.82988048,8.48907349],[151.82988212,8.48853088],[151.82906459,8.48852843],[151.82906294,8.48907103]]],[[[151.84320595,8.49833769],[151.8440227,8.49861142],[151.84375181,8.498068],[151.84320595,8.49833769]]],[[[151.84919819,8.59032837],[151.84947077,8.59032919],[151.84947159,8.59005788],[151.849199,8.59005707],[151.84919819,8.59032837]]],[[[151.84483107,8.59221445],[151.84428426,8.59275542],[151.8453746,8.59275869],[151.84483107,8.59221445]]],[[[151.84318568,8.59546517],[151.84236792,8.59546272],[151.84236709,8.59573402],[151.84318486,8.59573648],[151.84318568,8.59546517]]],[[[151.82408363,8.60218991],[151.82353845,8.60218824],[151.82353761,8.60245955],[151.8240828,8.60246121],[151.82408363,8.60218991]]],[[[151.73302428,8.6065129],[151.73329687,8.6065138],[151.73329867,8.60597121],[151.73302609,8.60597031],[151.73302428,8.6065129]]],[[[151.73411462,8.60651649],[151.73384204,8.60651559],[151.73384023,8.60705817],[151.73411282,8.60705907],[151.73411462,8.60651649]]],[[[151.73465529,8.60787474],[151.73492607,8.60841822],[151.73520136,8.60760524],[151.73465529,8.60787474]]],[[[151.73574564,8.60787833],[151.73547035,8.60869131],[151.73601642,8.60842181],[151.73574564,8.60787833]]],[[[151.74363813,8.61170233],[151.74309385,8.61142925],[151.74309206,8.61197184],[151.74363813,8.61170233]]],[[[151.97355402,6.98730016],[151.97352516,6.98730009],[151.973554,6.98731307],[151.97355402,6.98730016]]],[[[151.97491065,6.98784578],[151.97473714,6.98784541],[151.97491048,6.9879234],[151.97491065,6.98784578]]],[[[151.9754526,6.98838964],[151.97419524,6.98936296],[151.97572239,6.98920423],[151.9754526,6.98838964]]],[[[151.97110462,6.98973684],[151.9683893,6.98958882],[151.96947405,6.99027595],[151.97110462,6.98973684]]],[[[152.00117266,7.0253469],[152.00089933,7.02616033],[152.00334419,7.02589419],[152.00090281,7.02453231],[152.00117266,7.0253469]]],[[[152.00604738,7.03186939],[152.00632359,7.02969926],[152.00415029,7.02996599],[152.00604738,7.03186939]]],[[[151.87461095,7.10971422],[151.87468253,7.10975448],[151.87468263,7.1097144],[151.87461095,7.10971422]]],[[[151.873593,7.11099779],[151.87359282,7.11106838],[151.87364264,7.1110685],[151.873593,7.11099779]]],[[[151.87902402,7.11162421],[151.87806797,7.11107924],[151.87902112,7.11281912],[151.87902402,7.11162421]]],[[[151.87873923,7.11705006],[151.87929236,7.11298149],[151.87710747,7.11786008],[151.87873923,7.11705006]]],[[[151.88049636,7.2866331],[151.87968319,7.28581711],[151.88754619,7.29279821],[151.88049636,7.2866331]]],[[[151.88863157,7.29343631],[151.88798703,7.29316339],[151.88863092,7.29369678],[151.88863157,7.29343631]]],[[[151.88917035,7.29533691],[151.8888037,7.29479336],[151.88916425,7.29781051],[151.88917035,7.29533691]]],[[[151.888327,7.30673051],[151.88996215,7.30483526],[151.88970513,7.29886546],[151.888327,7.30673051]]],[[[151.88751067,7.30717375],[151.88714035,7.30754156],[151.88750976,7.30754247],[151.88751067,7.30717375]]],[[[151.88696584,7.3077149],[151.88686786,7.30781222],[151.8869656,7.30781246],[151.88696584,7.3077149]]],[[[151.88669342,7.30798547],[151.88659536,7.30808287],[151.88669318,7.30808311],[151.88669342,7.30798547]]],[[[151.88642009,7.30862509],[151.88642101,7.30825605],[151.88605038,7.30862417],[151.88642009,7.30862509]]],[[[151.88533177,7.30916505],[151.88533188,7.30912064],[151.88525248,7.30916485],[151.88533177,7.30916505]]],[[[151.87852878,7.31290841],[151.87846027,7.31294656],[151.87852869,7.31294673],[151.87852878,7.31290841]]],[[[151.87825666,7.31305993],[151.87797512,7.31321668],[151.87825626,7.31321738],[151.87825666,7.31305993]]],[[[151.8777124,7.31336295],[151.87748997,7.31348679],[151.87771209,7.31348735],[151.8777124,7.31336295]]],[[[152.01739279,7.31394867],[152.01820826,7.31385969],[152.01739308,7.3138135],[152.01739279,7.31394867]]],[[[151.87362773,7.31673305],[151.87390016,7.3164624],[151.87335664,7.31647182],[151.87362773,7.31673305]]],[[[152.01466776,7.31733492],[152.01466657,7.31787759],[152.01521069,7.31760744],[152.01466776,7.31733492]]],[[[152.01737884,7.32032554],[152.01784963,7.32032656],[152.01669523,7.31869603],[152.01737884,7.32032554]]],[[[152.01928148,7.32018919],[152.01912975,7.32032935],[152.01928118,7.32032968],[152.01928148,7.32018919]]],[[[151.88557692,7.35203501],[151.8860399,7.35226732],[151.88604048,7.35203616],[151.88557692,7.35203501]]],[[[151.88612035,7.35230769],[151.88631134,7.35240352],[151.88631157,7.35230816],[151.88612035,7.35230769]]],[[[151.8833221,7.35230073],[151.88305033,7.35230005],[151.88304976,7.3525268],[151.8833221,7.35230073]]],[[[151.88289613,7.35257099],[151.88169147,7.35229666],[151.88141835,7.35283863],[151.88289613,7.35257099]]],[[[151.88793815,7.35394015],[151.88889873,7.36064374],[151.89037466,7.35774474],[151.88793815,7.35394015]]],[[[151.86508732,7.36256522],[151.86497108,7.36256492],[151.86508703,7.36268142],[151.86508732,7.36256522]]],[[[151.86590196,7.3628386],[151.8652418,7.36283693],[151.8656292,7.36322619],[151.86590196,7.3628386]]],[[[151.87677231,7.36313733],[151.87650027,7.36324212],[151.87825609,7.36286972],[151.87677231,7.36313733]]],[[[151.88057363,7.36314685],[151.88057718,7.36315032],[151.88057719,7.36314686],[151.88057363,7.36314685]]],[[[151.87405523,7.36285918],[151.87242458,7.36285508],[151.87486886,7.36353526],[151.87405523,7.36285918]]],[[[151.87160856,7.36312434],[151.87160817,7.36328137],[151.87224228,7.36312594],[151.87160856,7.36312434]]],[[[151.87541275,7.36340524],[151.87514097,7.36340456],[151.87514065,7.36353049],[151.87541275,7.36340524]]],[[[151.87052077,7.36339292],[151.87052038,7.363548],[151.8711466,7.3633945],[151.87052077,7.36339292]]],[[[151.86970454,7.36374797],[151.87024843,7.36361465],[151.86970544,7.36339087],[151.86970454,7.36374797]]],[[[151.86895529,7.36393162],[151.86834519,7.36393008],[151.8683448,7.36408126],[151.86895529,7.36393162]]],[[[151.86785965,7.36420017],[151.86644276,7.36392527],[151.86684585,7.36444867],[151.86785965,7.36420017]]],[[[151.88301911,7.3647809],[151.88220445,7.36450754],[151.88383056,7.36633325],[151.88301911,7.3647809]]],[[[151.88464435,7.36695555],[151.88573282,7.36641561],[151.88437325,7.36668355],[151.88477029,7.36966911],[151.88464435,7.36695555]]],[[[151.89088531,7.37098217],[151.8903443,7.36995429],[151.89007117,7.37049627],[151.89088531,7.37098217]]],[[[151.89441902,7.37077836],[151.89414723,7.37077769],[151.89441816,7.37112452],[151.89441902,7.37077836]]],[[[151.88696544,7.37130252],[151.88681182,7.36967419],[151.88550937,7.37239695],[151.88696544,7.37130252]]],[[[151.89170051,7.37104296],[151.89142825,7.37123512],[151.89206517,7.37153184],[151.89170051,7.37104296]]],[[[151.89577659,7.37132436],[151.89509326,7.37132268],[151.89577609,7.3715231],[151.89577659,7.37132436]]],[[[151.89631948,7.37159703],[151.89602549,7.3715963],[151.89631927,7.37168253],[151.89631948,7.37159703]]],[[[151.89695772,7.37186993],[151.89713403,7.37192168],[151.89713416,7.37187036],[151.89695772,7.37186993]]],[[[151.90173911,7.37812219],[151.90228736,7.37622426],[151.89948481,7.3797446],[151.90173911,7.37812219]]],[[[151.89928834,7.38000572],[151.89907727,7.38028625],[151.89928765,7.38028677],[151.89928834,7.38000572]]],[[[151.88024199,7.38837915],[151.88024274,7.38808196],[151.87979263,7.38837803],[151.88024199,7.38837915]]],[[[151.89573285,7.3889604],[151.89600625,7.38831305],[151.89536926,7.3889595],[151.89573285,7.3889604]]],[[[151.879426,7.38861918],[151.87814894,7.38945919],[151.87942388,7.3894624],[151.879426,7.38861918]]],[[[151.89083922,7.38948386],[151.89056743,7.38948216],[151.89056741,7.38949024],[151.89083922,7.38948386]]],[[[151.99839176,7.42508217],[151.99784086,7.42528879],[151.99839129,7.42529003],[151.99839176,7.42508217]]],[[[151.99730338,7.42555891],[151.99730353,7.42549031],[151.99712174,7.4255585],[151.99730338,7.42555891]]],[[[151.99485633,7.42582471],[151.99637591,7.42582814],[151.99501141,7.42528239],[151.99485633,7.42582471]]],[[[151.99703148,7.42559235],[151.99640262,7.4258282],[151.99703094,7.42582962],[151.99703148,7.42559235]]],[[[151.86546964,7.42572223],[151.86516935,7.42605488],[151.86546879,7.42605565],[151.86546964,7.42572223]]],[[[151.86681535,7.43094288],[151.86681604,7.43067156],[151.86627241,7.43067017],[151.86627171,7.43094149],[151.86681535,7.43094288]]],[[[151.86572738,7.43121143],[151.86557618,7.43121104],[151.86572708,7.43133067],[151.86572738,7.43121143]]],[[[151.8659985,7.43148344],[151.86580833,7.43148295],[151.86595328,7.43175465],[151.8659985,7.43148344]]],[[[151.87170113,7.43366856],[151.86681535,7.43094288],[151.86843653,7.43474553],[151.87170113,7.43366856]]],[[[151.87251244,7.43529856],[151.87224062,7.43529787],[151.87223993,7.43556919],[151.87251175,7.43556988],[151.87251244,7.43529856]]],[[[151.86843375,7.43583081],[151.8682829,7.43583043],[151.86843367,7.43586164],[151.86843375,7.43583081]]],[[[151.87115056,7.43638038],[151.87093694,7.43637984],[151.87115045,7.43642404],[151.87115056,7.43638038]]],[[[151.87196603,7.43638246],[151.87142239,7.43638107],[151.87196549,7.43659276],[151.87196603,7.43638246]]],[[[151.8735909,7.43692923],[151.87413893,7.43704268],[151.87413921,7.43693063],[151.8735909,7.43692923]]],[[[151.87491785,7.43720393],[151.87522566,7.43726194],[151.8752265,7.43693339],[151.87491785,7.43720393]]],[[[151.87567835,7.43747718],[151.87576841,7.43761599],[151.87576876,7.43747741],[151.87567835,7.43747718]]],[[[151.87658216,7.43829344],[151.8760392,7.43802074],[151.87655993,7.43883603],[151.87658216,7.43829344]]],[[[151.87708888,7.43965134],[151.87739299,7.44012007],[151.87739418,7.43965211],[151.87708888,7.43965134]]],[[[151.87867661,7.44128329],[151.87874901,7.44134237],[151.87874916,7.44128348],[151.87867661,7.44128329]]],[[[151.87929154,7.44178498],[151.87929281,7.44128485],[151.87902099,7.44128417],[151.87929154,7.44178498]]],[[[151.8798344,7.44210019],[151.87967742,7.4420998],[151.87983407,7.4422276],[151.8798344,7.44210019]]],[[[151.8806485,7.4426449],[151.88001103,7.44237196],[151.88064787,7.44289152],[151.8806485,7.4426449]]],[[[151.88067823,7.44291629],[151.8811904,7.44333414],[151.88119146,7.44291759],[151.88067823,7.44291629]]],[[[151.89641307,7.44322709],[151.89641301,7.44324986],[151.89648628,7.44322727],[151.89641307,7.44322709]]],[[[151.88134544,7.44346063],[151.88173294,7.44377676],[151.88173374,7.44346161],[151.88134544,7.44346063]]],[[[151.89695672,7.44322844],[151.89651022,7.44322733],[151.89804136,7.44430041],[151.89695672,7.44322844]]],[[[151.88282035,7.44373567],[151.88254853,7.44373499],[151.88281969,7.44399646],[151.88282035,7.44373567]]],[[[151.88771187,7.44429063],[151.89015782,7.44449501],[151.88798438,7.44401999],[151.88771187,7.44429063]]],[[[151.89831315,7.44431712],[151.89806433,7.4443165],[151.89831272,7.44449058],[151.89831315,7.44431712]]],[[[151.89151745,7.44430017],[151.89124495,7.44456887],[151.89197314,7.44461834],[151.89151745,7.44430017]]],[[[151.90102738,7.44595181],[151.89967026,7.44513447],[151.90156699,7.4475811],[151.90102738,7.44595181]]],[[[151.90156361,7.44893772],[151.90156496,7.44839507],[151.90139913,7.44920863],[151.90156361,7.44893772]]],[[[151.90129047,7.44946347],[151.90116799,7.44975071],[151.90128975,7.44975101],[151.90129047,7.44946347]]],[[[151.90563772,7.45030443],[151.90590955,7.45030511],[151.90591022,7.45003378],[151.90563839,7.45003311],[151.90563772,7.45030443]]],[[[151.90101589,7.45056431],[151.90101704,7.45010475],[151.90082129,7.45056382],[151.90101589,7.45056431]]],[[[151.9007436,7.45074603],[151.90047459,7.45137694],[151.90074203,7.4513776],[151.9007436,7.45074603]]],[[[151.8841589,7.45187875],[151.88660881,7.4505283],[151.88337414,7.45187677],[151.8841589,7.45187875]]],[[[151.90046681,7.45273354],[151.90047017,7.45138731],[151.8999233,7.45266989],[151.90046681,7.45273354]]],[[[151.88306951,7.45268997],[151.88334336,7.45189562],[151.88205061,7.4526874],[151.88306951,7.45268997]]],[[[151.88116826,7.45322782],[151.88170897,7.45322918],[151.88170966,7.45295786],[151.88116826,7.45322782]]],[[[151.89258092,7.45379918],[151.89230909,7.45379849],[151.89230841,7.45406982],[151.89258024,7.4540705],[151.89258092,7.45379918]]],[[[151.87681047,7.45538736],[151.87844561,7.45376357],[151.875,7.45396197],[151.87681047,7.45538736]]],[[[151.87843744,7.45697189],[151.8806081,7.45855884],[151.87952466,7.45702218],[151.87843744,7.45697189]]],[[[151.8808797,7.45865355],[151.88064728,7.45865296],[151.88074332,7.45946717],[151.8808797,7.45865355]]],[[[151.88060544,7.45960521],[151.88045119,7.45973776],[151.8806051,7.45973815],[151.88060544,7.45960521]]],[[[151.88033301,7.45983931],[151.88013637,7.46000828],[151.88033258,7.46000878],[151.88033301,7.45983931]]],[[[151.88109172,7.48216458],[151.88055262,7.48035856],[151.87951718,7.4811699],[151.88109172,7.48216458]]],[[[151.87867725,7.48143908],[151.87864691,7.48143901],[151.87864685,7.48146166],[151.87867725,7.48143908]]],[[[151.88136333,7.48225988],[151.88118903,7.48225944],[151.8813629,7.48242891],[151.88136333,7.48225988]]],[[[151.88271982,7.48334861],[151.88244935,7.48280528],[151.8817472,7.4828035],[151.88271982,7.48334861]]],[[[151.88625457,7.48308623],[151.88435161,7.48308142],[151.88652298,7.48444353],[151.88625457,7.48308623]]],[[[151.96773363,7.51285958],[151.96774132,7.51287494],[151.96774136,7.5128596],[151.96773363,7.51285958]]],[[[151.96801195,7.5134029],[151.96751344,7.5158437],[151.96855059,7.5155748],[151.96801195,7.5134029]]],[[[151.96746179,7.5161149],[151.96746226,7.51591762],[151.96731519,7.51611456],[151.96746179,7.5161149]]],[[[151.96799465,7.52072877],[151.96881094,7.52045936],[151.96772406,7.52018547],[151.96799465,7.52072877]]],[[[151.97453357,7.52834135],[151.97500002,7.53222215],[151.97558825,7.52888648],[151.97453357,7.52834135]]],[[[151.971584,7.53186173],[151.9715031,7.53178085],[151.97150291,7.53186154],[151.971584,7.53186173]]],[[[151.94526799,7.58687864],[151.94526866,7.58660732],[151.94499673,7.58660666],[151.94499607,7.58687799],[151.94526799,7.58687864]]],[[[151.94632793,7.59827696],[151.94524286,7.59718902],[151.9446702,7.59718762],[151.94632793,7.59827696]]],[[[151.94143189,7.5988077],[151.94143181,7.59883965],[151.94145971,7.59880777],[151.94143189,7.5988077]]],[[[151.94242916,7.60070942],[151.94143151,7.59896342],[151.94169983,7.60043632],[151.94242916,7.60070942]]],[[[151.94632357,7.60006192],[151.94613113,7.6004471],[151.94632263,7.60044756],[151.94632357,7.60006192]]],[[[151.94278622,7.60098162],[151.9436246,7.60125499],[151.94251464,7.60083872],[151.94278622,7.60098162]]],[[[151.93979233,7.60205962],[151.93979179,7.6022788],[151.94011441,7.60206041],[151.93979233,7.60205962]]],[[[151.93951974,7.60233028],[151.93951941,7.60246319],[151.93971504,7.60233076],[151.93951974,7.60233028]]],[[[151.94005428,7.60613016],[151.94196246,7.60423553],[151.94055747,7.60206149],[151.94005428,7.60613016]]],[[[151.93869528,7.60585551],[151.93955476,7.60585761],[151.93790722,7.60397935],[151.93869528,7.60585551]]],[[[151.93651982,7.60585018],[151.93760621,7.6063955],[151.93760888,7.6053102],[151.93651982,7.60585018]]],[[[151.87344196,7.65479996],[151.87411784,7.65544585],[151.87411954,7.65480173],[151.87344196,7.65479996]]],[[[151.87248066,7.65751064],[151.8741117,7.65778623],[151.87166779,7.65636387],[151.87248066,7.65751064]]],[[[151.91634062,8.56031747],[151.91525316,8.5593191],[151.91361774,8.5593145],[151.91634062,8.56031747]]],[[[151.91170128,8.56229355],[151.91362005,8.55850057],[151.90652696,8.5606907],[151.91170128,8.56229355]]],[[[151.91654084,8.56040795],[151.91688507,8.56056351],[151.91688551,8.56040892],[151.91654084,8.56040795]]],[[[151.91714496,8.56068096],[151.91715729,8.56068653],[151.91715731,8.56068099],[151.91714496,8.56068096]]],[[[151.90435398,8.56040156],[151.90295499,8.56118358],[151.90598193,8.56064953],[151.90435398,8.56040156]]],[[[151.91279387,8.56148269],[151.91390555,8.56175712],[151.91344073,8.56039926],[151.91279387,8.56148269]]],[[[151.90243614,8.56147362],[151.90161693,8.56199371],[151.90270643,8.56226812],[151.90243614,8.56147362]]],[[[151.91420127,8.5628432],[151.91415211,8.56311438],[151.9142752,8.56311472],[151.91420127,8.5628432]]],[[[151.91469544,8.56375839],[151.91469495,8.56392984],[151.91502324,8.56393076],[151.91469544,8.56375839]]],[[[151.9155119,8.56420344],[151.91606073,8.56447629],[151.91523977,8.56404462],[151.9155119,8.56420344]]],[[[151.9237351,8.56449774],[151.92154107,8.56720475],[151.9234089,8.56693865],[151.9237351,8.56449774]]],[[[151.92013887,8.56662066],[151.92013876,8.56665821],[151.92021067,8.56665841],[151.92013887,8.56662066]]],[[[151.92041104,8.56676377],[151.92041057,8.56693028],[151.9207294,8.56693117],[151.92041104,8.56676377]]],[[[151.92095539,8.56705],[151.92095496,8.56720312],[151.92124814,8.56720393],[151.92095539,8.56705]]],[[[152.02795111,8.5954332],[152.02773586,8.59525877],[152.02773541,8.59543266],[152.02795111,8.5954332]]],[[[153.14640381,5.89558846],[153.14651241,5.89551753],[153.14640379,5.89551756],[153.14640381,5.89558846]]],[[[153.14609672,5.89578903],[153.14586181,5.89578909],[153.14586185,5.89594243],[153.14609672,5.89578903]]],[[[153.14568103,5.89606053],[153.14531983,5.89606062],[153.14531989,5.8962964],[153.14568103,5.89606053]]],[[[153.14526534,5.89633203],[153.14504887,5.89633209],[153.14504891,5.89647339],[153.14526534,5.89633203]]],[[[153.14484965,5.89660353],[153.14450689,5.89660362],[153.14450695,5.89682736],[153.14484965,5.89660353]]],[[[153.14443396,5.89687502],[153.14423593,5.89687508],[153.14423597,5.89700434],[153.14443396,5.89687502]]],[[[153.14401828,5.89714652],[153.14369395,5.89714661],[153.14369401,5.89735831],[153.14401828,5.89714652]]],[[[153.1423391,5.89823251],[153.14179711,5.89850404],[153.14360259,5.89741802],[153.1423391,5.89823251]]],[[[153.1399002,5.89959008],[153.14152416,5.8987755],[153.14044205,5.89877577],[153.1399002,5.89959008]]],[[[153.14098424,5.89931842],[153.14098424,5.89931752],[153.14098166,5.89931842],[153.14098424,5.89931842]]],[[[153.13908718,5.89986167],[153.13990026,5.89986147],[153.13854506,5.89959042],[153.13908718,5.89986167]]],[[[153.14993194,5.91342834],[153.1493853,5.89639158],[153.12282934,5.91723445],[153.14993194,5.91342834]]],[[[153.15101218,5.8990444],[153.15257119,5.8982298],[153.15071964,5.89645481],[153.15101218,5.8990444]]],[[[153.14888895,5.92583334],[153.15222216,5.92027783],[153.15074563,5.91559924],[153.14888895,5.92583334]]],[[[153.11861098,5.91972208],[153.11896537,5.9196778],[153.11822224,5.91967796],[153.11861098,5.91972208]]],[[[153.12147515,5.92177191],[153.12143691,5.92184839],[153.12147517,5.92184838],[153.12147515,5.92177191]]],[[[153.11307313,5.92266432],[153.11226084,5.92673534],[153.11805546,5.91999996],[153.11307313,5.92266432]]],[[[153.13096254,5.92618845],[153.13096279,5.92727401],[153.13204689,5.92700237],[153.13096254,5.92618845]]],[[[153.14343073,5.92744687],[153.14524675,5.92645628],[153.14343061,5.92699954],[153.14343073,5.92744687]]],[[[152.68767764,6.83204133],[152.69039277,6.83205503],[152.6903929,6.83185654],[152.68767764,6.83204133]]],[[[152.69310769,6.83240103],[152.69310803,6.83185828],[152.69175046,6.83185741],[152.69310769,6.83240103]]],[[[152.68577699,6.83212493],[152.68577673,6.8325273],[152.6861027,6.83212514],[152.68577699,6.83212493]]],[[[152.68523343,6.83293871],[152.68523326,6.83319778],[152.68544315,6.83293884],[152.68523343,6.83293871]]],[[[152.70098109,6.83322011],[152.70070957,6.83321995],[152.70098102,6.83333575],[152.70098109,6.83322011]]],[[[152.69527928,6.83321654],[152.69503864,6.83321639],[152.6952792,6.83334783],[152.69527928,6.83321654]]],[[[152.69555062,6.83348809],[152.69553587,6.83348808],[152.69555062,6.83349614],[152.69555062,6.83348809]]],[[[152.70145418,6.83349179],[152.70152393,6.83351479],[152.70152395,6.83349183],[152.70145418,6.83349179]]],[[[152.68496156,6.83348128],[152.68468979,6.83386827],[152.68522329,6.83321008],[152.68496156,6.83348128]]],[[[152.69555061,6.83351462],[152.6954264,6.83375939],[152.69555045,6.83375947],[152.69555061,6.83351462]]],[[[152.69826115,6.83376117],[152.69799409,6.83376101],[152.697994,6.83390514],[152.69826115,6.83376117]]],[[[152.70233832,6.83376371],[152.70369561,6.83423096],[152.70261001,6.8334925],[152.70233832,6.83376371]]],[[[152.6971792,6.83430325],[152.69690757,6.83449061],[152.69775816,6.83403224],[152.6971792,6.83430325]]],[[[152.70389716,6.83430742],[152.70396704,6.83438004],[152.70396708,6.83430747],[152.70389716,6.83430742]]],[[[152.70415847,6.83457896],[152.70423838,6.834662],[152.70423843,6.83457901],[152.70415847,6.83457896]]],[[[152.69636448,6.83457411],[152.69636435,6.83478335],[152.69675217,6.83457436],[152.69636448,6.83457411]]],[[[152.69554977,6.83484498],[152.69554953,6.83522246],[152.69624918,6.83484542],[152.69554977,6.83484498]]],[[[152.69554948,6.83530367],[152.69554942,6.83538773],[152.69581713,6.8353879],[152.69554948,6.83530367]]],[[[152.70441979,6.8348505],[152.70559509,6.83607179],[152.70559534,6.83566535],[152.70441979,6.8348505]]],[[[152.68548394,6.83565264],[152.68523187,6.83531644],[152.68496014,6.8356523],[152.68548394,6.83565264]]],[[[152.70586653,6.83620827],[152.70572636,6.83620819],[152.70572575,6.83647956],[152.70586636,6.83647965],[152.70586653,6.83620827]]],[[[152.70559469,6.83672958],[152.70501471,6.83783601],[152.70559418,6.83756499],[152.70559469,6.83672958]]],[[[152.70315015,6.83816743],[152.70315002,6.83837762],[152.70337328,6.83837776],[152.70315015,6.83816743]]],[[[152.68169998,6.8386353],[152.68088561,6.83836338],[152.68197114,6.83917823],[152.68169998,6.8386353]]],[[[152.67434931,6.86766765],[152.67407704,6.86875297],[152.67462029,6.86848196],[152.67434931,6.86766765]]],[[[152.67543158,6.87336728],[152.72646848,6.89456656],[152.70450094,6.84923354],[152.67543158,6.87336728]]],[[[152.73597529,6.8899585],[152.73543219,6.8899582],[152.73543212,6.89007918],[152.73597529,6.8899585]]],[[[152.73407445,6.88995745],[152.73353136,6.88995714],[152.73353128,6.89009676],[152.73407445,6.88995745]]],[[[152.73000055,6.89116647],[152.73143817,6.89049873],[152.73000093,6.89049792],[152.73000055,6.89116647]]],[[[152.72918413,6.89429674],[152.72809732,6.89537565],[152.72991691,6.891312],[152.72918413,6.89429674]]],[[[152.73515899,6.8929432],[152.73546888,6.89402888],[152.73536384,6.89278984],[152.73488751,6.89280664],[152.73515899,6.8929432]]],[[[152.73380124,6.89294244],[152.73254764,6.89288914],[152.73087416,6.89402631],[152.73380124,6.89294244]]],[[[152.72972685,6.89497559],[152.72927215,6.89565367],[152.72972662,6.89538255],[152.72972685,6.89497559]]],[[[152.72918329,6.89578619],[152.72909024,6.89592494],[152.72918321,6.895925],[152.72918329,6.89578619]]],[[[152.72891151,6.89619149],[152.72890833,6.89619622],[152.7289115,6.89619622],[152.72891151,6.89619149]]],[[[152.72728189,6.89673805],[152.72804961,6.89700986],[152.72788674,6.89592426],[152.72728189,6.89673805]]],[[[152.73571455,6.89692676],[152.73569997,6.89675475],[152.73580883,6.89701422],[152.73571455,6.89692676]]],[[[152.73216981,6.89674081],[152.73298234,6.90054055],[152.73380048,6.89429933],[152.73216981,6.89674081]]],[[[152.73639422,6.8975573],[152.73624271,6.89741674],[152.73624263,6.89755721],[152.73639422,6.8975573]]],[[[152.73651412,6.89766853],[152.73651403,6.89782874],[152.73668692,6.89782884],[152.73651412,6.89766853]]],[[[152.73568196,6.89782828],[152.73569936,6.8978644],[152.73569938,6.89782829],[152.73568196,6.89782828]]],[[[152.73678553,6.89792032],[152.73678544,6.89810027],[152.73697961,6.89810037],[152.73678553,6.89792032]]],[[[152.73727231,6.89837191],[152.73705695,6.89817212],[152.73705684,6.89837179],[152.73727231,6.89837191]]],[[[152.73732809,6.8989147],[152.73759964,6.89891485],[152.73732836,6.89842391],[152.73732809,6.8989147]]],[[[152.72619444,6.89890844],[152.72700971,6.8978234],[152.72537915,6.89999348],[152.72619444,6.89890844]]],[[[152.73950061,6.89874051],[152.73911894,6.89891568],[152.73950051,6.89891589],[152.73950061,6.89874051]]],[[[152.73406916,6.89945565],[152.73432774,6.89999855],[152.73379806,6.89863554],[152.73406916,6.89945565]]],[[[152.73597033,6.89891395],[152.73498285,6.89972753],[152.73596988,6.89972808],[152.73597033,6.89891395]]],[[[152.73488351,6.89999885],[152.73488358,6.89987294],[152.73479765,6.89999881],[152.73488351,6.89999885]]],[[[152.73434039,6.9000311],[152.73434026,6.90026993],[152.73443322,6.90026998],[152.73434039,6.9000311]]],[[[152.72510744,6.9002647],[152.72537915,6.89999348],[152.72483605,6.89999317],[152.72483573,6.90053592],[152.72510744,6.9002647]]],[[[152.57920827,6.98591204],[152.57839347,6.98591131],[152.57920812,6.98607461],[152.57920827,6.98591204]]],[[[152.57785028,6.98591083],[152.57676388,6.98590985],[152.57676371,6.98610138],[152.57785028,6.98591083]]],[[[152.58056577,6.986456],[152.58048135,6.98645592],[152.58055425,6.98648906],[152.58056577,6.986456]]],[[[152.57377483,6.98753539],[152.57323068,6.98859181],[152.57589093,6.98618044],[152.57377483,6.98753539]]],[[[152.58070428,6.98672749],[152.58140748,6.98862772],[152.58165144,6.98727108],[152.58070428,6.98672749]]],[[[152.5813784,6.98889907],[152.58137844,6.98885266],[152.58136024,6.98889905],[152.5813784,6.98889907]]],[[[152.57187024,6.9912666],[152.57309616,6.9887526],[152.5724156,6.98889102],[152.57187024,6.9912666]]],[[[152.57105414,6.99268899],[152.57105391,6.99294066],[152.57117658,6.9926891],[152.57105414,6.99268899]]],[[[152.57078204,6.99323148],[152.5707818,6.99349868],[152.57091204,6.9932316],[152.57078204,6.99323148]]],[[[152.5705097,6.99404535],[152.57050969,6.9940567],[152.57051522,6.99404535],[152.5705097,6.99404535]]],[[[152.57023785,6.99431647],[152.57023758,6.99461473],[152.57038295,6.9943166],[152.57023785,6.99431647]]],[[[152.57000036,6.99513037],[152.57010841,6.9948796],[152.56996575,6.99485896],[152.57000036,6.99513037]]],[[[152.57023559,6.9967889],[152.57023537,6.99703018],[152.5702906,6.99703023],[152.57023559,6.9967889]]],[[[152.57050611,6.99797569],[152.57050548,6.99865866],[152.57066182,6.9986588],[152.57050611,6.99797569]]],[[[152.07988957,8.55974587],[152.07852666,8.55974263],[152.07988827,8.56028852],[152.07988957,8.55974587]]],[[[152.06679038,8.56595494],[152.06760748,8.56622824],[152.06788139,8.56568625],[152.06679038,8.56595494]]],[[[152.03919509,8.59139159],[152.03946974,8.59057831],[152.03895767,8.59220496],[152.03919509,8.59139159]]],[[[152.10025297,8.59398094],[152.10025745,8.59208167],[152.09879232,8.5937062],[152.10025297,8.59398094]]],[[[152.0983468,8.59308755],[152.09834598,8.59343383],[152.09847825,8.59343414],[152.0983468,8.59308755]]],[[[152.0304656,8.59381162],[152.02992039,8.59381024],[152.0299199,8.59400501],[152.0304656,8.59381162]]],[[[152.02855668,8.59407813],[152.02855605,8.59432749],[152.02959954,8.59408075],[152.02855668,8.59407813]]],[[[152.02828339,8.59434876],[152.02828328,8.59439199],[152.02846417,8.59434921],[152.02828339,8.59434876]]],[[[152.03836703,8.59545935],[152.03891702,8.59356147],[152.03670667,8.59572652],[152.03836703,8.59545935]]],[[[152.03446899,8.59490696],[152.03373559,8.59431819],[152.03400671,8.5949058],[152.03446899,8.59490696]]],[[[152.03510761,8.59541964],[152.03509586,8.59541021],[152.03509581,8.59543059],[152.03510761,8.59541964]]],[[[152.03128024,8.59506233],[152.02936876,8.59633284],[152.03182311,8.5959856],[152.03128024,8.59506233]]],[[[152.03426901,8.59897628],[152.03563777,8.59671966],[152.03342867,8.59877217],[152.03426901,8.59897628]]],[[[152.24820209,8.60949292],[152.24825294,8.60951228],[152.24825297,8.60949302],[152.24820209,8.60949292]]],[[[152.2487977,8.60976542],[152.24875626,8.60976534],[152.24879759,8.60982147],[152.2487977,8.60976542]]],[[[152.24661289,8.61166049],[152.24906766,8.61112262],[152.24415898,8.61176604],[152.24661289,8.61166049]]],[[[152.23407291,8.61109304],[152.23407225,8.61142109],[152.23415917,8.61109322],[152.23407291,8.61109304]]],[[[152.243614,8.61162369],[152.24361394,8.6116546],[152.24366563,8.61165471],[152.243614,8.61162369]]],[[[152.2340706,8.61224516],[152.23407018,8.61244971],[152.23413709,8.61244985],[152.2340706,8.61224516]]],[[[152.23570325,8.61380964],[152.2408887,8.61110656],[152.23799241,8.61079693],[152.23570325,8.61380964]]],[[[152.20243701,8.61618405],[152.20298342,8.61564251],[152.20189289,8.61564025],[152.20243701,8.61618405]]],[[[152.22342979,8.61622705],[152.22397506,8.61622815],[152.22397617,8.61568548],[152.22315771,8.61595516],[152.22342979,8.61622705]]],[[[152.10151033,8.63875269],[152.10205497,8.6390253],[152.10205626,8.63848265],[152.10151033,8.63875269]]],[[[152.12084658,8.64802266],[152.12111608,8.64937991],[152.12166327,8.64856719],[152.12084658,8.64802266]]],[[[152.13309847,8.65564777],[152.13255378,8.65537521],[152.13255191,8.65618919],[152.13309847,8.65564777]]],[[[152.13391457,8.65646361],[152.13418847,8.65592157],[152.13364316,8.65592034],[152.13391457,8.65646361]]],[[[152.13772807,8.65810019],[152.13718275,8.65809896],[152.13718213,8.65837029],[152.13772745,8.65837152],[152.13772807,8.65810019]]],[[[152.14017953,8.65919102],[152.13963421,8.6591898],[152.13963298,8.65973245],[152.1401783,8.65973368],[152.14017953,8.65919102]]],[[[152.14317326,8.6616397],[152.14344592,8.66164031],[152.14344653,8.66136898],[152.14317387,8.66136837],[152.14317326,8.6616397]]],[[[152.14426268,8.6621848],[152.14453534,8.66218541],[152.14453656,8.66164275],[152.1442639,8.66164214],[152.14426268,8.6621848]]],[[[152.34381125,8.69378355],[152.34407739,8.69215597],[152.34268103,8.69025418],[152.34381125,8.69378355]]],[[[152.3391667,8.69338251],[152.33916649,8.69350418],[152.33922636,8.69350428],[152.3391667,8.69338251]]],[[[152.34379997,8.69486889],[152.34380175,8.69384819],[152.34205604,8.69578564],[152.34379997,8.69486889]]],[[[152.33948413,8.69567545],[152.33943538,8.69567536],[152.3394349,8.6959467],[152.33948413,8.69567545]]],[[[152.34251668,8.69676605],[152.34254954,8.69866549],[152.34324985,8.69758134],[152.34251668,8.69676605]]],[[[152.34242891,8.69920796],[152.3424297,8.69875684],[152.34133744,8.69958941],[152.34242891,8.69920796]]],[[[152.34079167,8.69979915],[152.33942929,8.6991504],[152.33942777,8.70001679],[152.34079167,8.69979915]]],[[[152.34106446,8.69974828],[152.34106447,8.69974081],[152.34102982,8.69974822],[152.34106446,8.69974828]]],[[[152.16952902,8.703754],[152.17007441,8.70375519],[152.170075,8.70348386],[152.16952962,8.70348267],[152.16952902,8.703754]]],[[[152.17549559,8.71869012],[152.1754955,8.71873382],[152.17553823,8.71869021],[152.17549559,8.71869012]]],[[[152.17737871,8.72005085],[152.17740126,8.72018525],[152.17740156,8.7200509],[152.17737871,8.72005085]]],[[[152.1776707,8.72167946],[152.17767248,8.72086548],[152.17691553,8.72181785],[152.1776707,8.72167946]]],[[[152.17630776,8.72140518],[152.17676514,8.7216775],[152.17603595,8.72099698],[152.17630776,8.72140518]]],[[[152.17983993,8.72738208],[152.17874967,8.7271084],[152.17983822,8.72816118],[152.17983993,8.72738208]]],[[[152.17847616,8.72747532],[152.17847518,8.72792179],[152.17868405,8.72792224],[152.17847616,8.72747532]]],[[[152.1787476,8.72805885],[152.1787473,8.72819371],[152.17881039,8.72819385],[152.1787476,8.72805885]]],[[[152.18011086,8.72819666],[152.17985325,8.72846743],[152.18011027,8.72846799],[152.18011086,8.72819666]]],[[[152.17983222,8.73090936],[152.1798375,8.7284939],[152.17901586,8.7300936],[152.17983222,8.73090936]]],[[[152.17790329,8.74000551],[152.17790302,8.74013039],[152.17799997,8.7401306],[152.17790329,8.74000551]]],[[[152.17981088,8.74067718],[152.18144839,8.74013806],[152.17909739,8.74094697],[152.17981088,8.74067718]]],[[[152.17817524,8.74035736],[152.17817455,8.74067364],[152.17842011,8.74067417],[152.17817524,8.74035736]]],[[[152.32351438,8.75371386],[152.32378614,8.75425703],[152.32406035,8.7534435],[152.32351438,8.75371386]]],[[[152.18194999,8.76021755],[152.17950251,8.7569563],[152.17840979,8.75776791],[152.18194999,8.76021755]]],[[[152.18276583,8.76130463],[152.18249546,8.76021873],[152.18194881,8.76076021],[152.18276583,8.76130463]]],[[[152.18412537,8.76320688],[152.18494181,8.76402263],[152.18276583,8.76130463],[152.18412537,8.76320688]]],[[[152.1811211,8.76509969],[152.18303442,8.76320452],[152.18057859,8.76374187],[152.1811211,8.76509969]]],[[[152.31230415,8.76888855],[152.31284965,8.76888955],[152.31285065,8.76834687],[152.31230515,8.76834588],[152.31230415,8.76888855]]],[[[152.20184005,8.76948531],[152.20183831,8.7702993],[152.20292929,8.7703016],[152.20293102,8.76948761],[152.20184005,8.76948531]]],[[[152.30711486,8.77267779],[152.30984389,8.77186877],[152.30738912,8.77186428],[152.30711486,8.77267779]]],[[[152.30602234,8.77348979],[152.30711385,8.77322046],[152.3062966,8.77267629],[152.30602234,8.77348979]]],[[[152.21028479,8.77438702],[152.20892047,8.7746555],[152.20973757,8.77519987],[152.21028479,8.77438702]]],[[[152.30465605,8.77484396],[152.30438431,8.77430079],[152.30219974,8.77565344],[152.30465605,8.77484396]]],[[[152.27491491,8.78048605],[152.27491544,8.78021472],[152.27436992,8.78021367],[152.2743694,8.780485],[152.27491491,8.78048605]]],[[[152.27382441,8.78021262],[152.27355166,8.78021209],[152.2735506,8.78075476],[152.27382336,8.78075529],[152.27382441,8.78021262]]],[[[152.27491491,8.78048605],[152.27491438,8.78075738],[152.2754599,8.78075843],[152.27546042,8.7804871],[152.27491491,8.78048605]]],[[[152.2754599,8.78075843],[152.27709538,8.78130424],[152.27709643,8.78076157],[152.2754599,8.78075843]]],[[[152.27818641,8.78130633],[152.2787314,8.78157871],[152.27736867,8.78103343],[152.27818641,8.78130633]]],[[[154.77880844,1.02704304],[154.77880857,1.02727748],[154.77927676,1.02727722],[154.77880844,1.02704304]]],[[[154.78111349,1.02830708],[154.78136867,1.0267606],[154.78085645,1.02650317],[154.78111349,1.02830708]]],[[[154.78030638,1.02779209],[154.78008898,1.02768338],[154.78008905,1.02779221],[154.78030638,1.02779209]]],[[[154.78082119,1.02804952],[154.78034509,1.02781145],[154.78034523,1.02804979],[154.78082119,1.02804952]]],[[[154.78572361,1.0308817],[154.78623511,1.02985053],[154.78495478,1.02959353],[154.78572361,1.0308817]]],[[[154.78700409,1.03139642],[154.78751631,1.03165386],[154.78777177,1.03062283],[154.78700366,1.03062326],[154.78700409,1.03139642]]],[[[154.78905225,1.03113754],[154.78802781,1.03062268],[154.78802839,1.03165357],[154.78905225,1.03113754]]],[[[154.79596598,1.03242732],[154.79596598,1.03242223],[154.7959558,1.03242223],[154.79596598,1.03242732]]],[[[154.79673431,1.03281151],[154.79673423,1.03267951],[154.79647062,1.03267966],[154.79673431,1.03281151]]],[[[154.79289377,1.03283984],[154.79289382,1.03293941],[154.79296841,1.03293937],[154.79289377,1.03283984]]],[[[154.79699042,1.03293708],[154.79698544,1.03293709],[154.79699042,1.03293958],[154.79699042,1.03293708]]],[[[154.79750263,1.03319451],[154.79750025,1.03319451],[154.79750263,1.0331957],[154.79750263,1.03319451]]],[[[154.79852693,1.03345165],[154.79801507,1.03345194],[154.79852707,1.03370796],[154.79852693,1.03345165]]],[[[154.79903914,1.03370908],[154.79852989,1.03370937],[154.79903929,1.03396408],[154.79903914,1.03370908]]],[[[154.80006373,1.03448165],[154.80006195,1.03448165],[154.80006373,1.03448272],[154.80006373,1.03448165]]],[[[154.79673548,1.03489556],[154.79673568,1.03525671],[154.79745695,1.0352563],[154.79673548,1.03489556]]],[[[154.80185669,1.03574568],[154.80185656,1.0355115],[154.80162265,1.03551164],[154.80185669,1.03574568]]],[[[154.79885517,1.03602866],[154.79878438,1.03597203],[154.79878441,1.0360287],[154.79885517,1.03602866]]],[[[154.80236893,1.03602665],[154.8021378,1.03602678],[154.80236906,1.03625804],[154.80236893,1.03602665]]],[[[154.80262511,1.03628422],[154.80239537,1.03628435],[154.80262524,1.03651422],[154.80262511,1.03628422]]],[[[154.8033938,1.03731466],[154.80339098,1.03731466],[154.8033938,1.03731917],[154.8033938,1.03731466]]],[[[154.80390634,1.03813923],[154.80390616,1.0378298],[154.80371302,1.03782991],[154.80390634,1.03813923]]],[[[154.80416261,1.03854925],[154.80416249,1.03834509],[154.80403505,1.03834516],[154.80416261,1.03854925]]],[[[154.80441882,1.03886038],[154.80435709,1.03886042],[154.80441888,1.03895928],[154.80441882,1.03886038]]],[[[154.80466381,1.08447648],[154.80393289,1.08396148],[154.80418924,1.08447677],[154.80466381,1.08447648]]],[[[154.80470133,1.08450872],[154.80470147,1.08473418],[154.80496363,1.08473402],[154.80470133,1.08450872]]],[[[154.80556327,1.0852491],[154.80521368,1.08494881],[154.80521385,1.08524931],[154.80556327,1.0852491]]],[[[154.80239779,1.08588429],[154.80188564,1.08576675],[154.80188579,1.0860291],[154.80239779,1.08588429]]],[[[154.80316614,1.08628142],[154.80311271,1.08628145],[154.80316617,1.086331],[154.80316614,1.08628142]]],[[[154.80342234,1.08653898],[154.8033906,1.086539],[154.80342236,1.08656844],[154.80342234,1.08653898]]],[[[154.80367853,1.08679655],[154.80366848,1.08679655],[154.80367854,1.08680587],[154.80367853,1.08679655]]],[[[154.80214239,1.08696674],[154.80214275,1.08757063],[154.80251735,1.0875704],[154.80214239,1.08696674]]],[[[154.80521584,1.08859965],[154.8047233,1.08834223],[154.80478954,1.08914745],[154.80521584,1.08859965]]],[[[154.80342387,1.08911617],[154.8023994,1.08860135],[154.80239986,1.08937451],[154.80342387,1.08911617]]],[[[154.79932787,1.09022089],[154.79907133,1.08937651],[154.7983032,1.08937697],[154.79932787,1.09022089]]],[[[154.79727965,1.09040846],[154.7972798,1.09066618],[154.79754097,1.09040831],[154.79727965,1.09040846]]],[[[154.79984028,1.09077603],[154.79984021,1.09066464],[154.79973752,1.09066471],[154.79984028,1.09077603]]],[[[154.80009641,1.09092221],[154.79997527,1.09092228],[154.80009649,1.09105361],[154.80009641,1.09092221]]],[[[154.79753615,1.09117573],[154.79753615,1.09118147],[154.79754141,1.09118147],[154.79753615,1.09117573]]],[[[154.79676971,1.09401685],[154.79625579,1.09092452],[154.79497604,1.09169845],[154.79676971,1.09401685]]],[[[154.79267242,1.09298844],[154.79241592,1.09221543],[154.79216034,1.09298874],[154.79267242,1.09298844]]],[[[154.79548981,1.09453306],[154.79472,1.0916986],[154.79318451,1.09298813],[154.79548981,1.09453306]]],[[[154.79984202,1.09369121],[154.79984206,1.09375728],[154.79990255,1.09375724],[154.79984202,1.09369121]]],[[[154.80009822,1.0939707],[154.80009825,1.09401484],[154.80013866,1.09401482],[154.80009822,1.0939707]]],[[[154.80048918,1.09427233],[154.80035441,1.09420493],[154.80035445,1.09427241],[154.80048918,1.09427233]]],[[[154.78934677,1.09788713],[154.78909027,1.09711412],[154.78857864,1.09788759],[154.78934677,1.09788713]]],[[[154.78832291,1.09840319],[154.78806595,1.09685702],[154.78888893,1.09965408],[154.78832291,1.09840319]]],[[[154.77921644,1.09969727],[154.77885004,1.09969749],[154.77885015,1.09988042],[154.77921644,1.09969727]]],[[[154.7878122,1.10072299],[154.78755547,1.09956252],[154.78583336,1.09944427],[154.7878122,1.10072299]]],[[[154.78038606,1.09927496],[154.78138876,1.10249984],[154.78166668,1.09995353],[154.78038606,1.09927496]]],[[[154.77859506,1.1015017],[154.77882562,1.10150157],[154.77861094,1.10000002],[154.77859506,1.1015017]]],[[[154.78601989,1.10072407],[154.78597252,1.1007241],[154.78601996,1.10083811],[154.78601989,1.10072407]]],[[[154.78607973,1.10098176],[154.78611858,1.10252806],[154.7870453,1.10278522],[154.78607973,1.10098176]]],[[[154.78488741,1.1025288],[154.78448466,1.1024518],[154.7844847,1.10252905],[154.78488741,1.1025288]]],[[[154.78115628,1.10278878],[154.7811562,1.10265494],[154.78095533,1.1027889],[154.78115628,1.10278878]]],[[[154.78602128,1.10304356],[154.786021,1.10259018],[154.7849968,1.10254972],[154.78602128,1.10304356]]],[[[154.78090025,1.10282563],[154.78056854,1.10304685],[154.78090038,1.10304665],[154.78090025,1.10282563]]],[[[154.78013217,1.10291435],[154.78013225,1.10304711],[154.7805298,1.10304687],[154.78013217,1.10291435]]],[[[153.62574125,5.2954411],[153.6257407,5.29489834],[153.62519923,5.29489889],[153.62574125,5.2954411]]],[[[153.50289815,5.38332583],[153.50312746,5.38321035],[153.50289806,5.38321054],[153.50289815,5.38332583]]],[[[153.50150803,5.38402584],[153.50100327,5.38402626],[153.50100348,5.38427992],[153.50150803,5.38402584]]],[[[153.50018535,5.38592663],[153.50096822,5.38429767],[153.49883749,5.38457081],[153.50018535,5.38592663]]],[[[153.45637944,5.45706431],[153.45908922,5.45923334],[153.4583941,5.45109228],[153.45637944,5.45706431]]],[[[153.45592502,5.46276377],[153.45532646,5.46167867],[153.45475845,5.46222188],[153.45592502,5.46276377]]],[[[153.46045055,5.46873081],[153.45903231,5.4646611],[153.45719867,5.46601943],[153.46045055,5.46873081]]],[[[153.46234919,5.47252875],[153.4634331,5.47334207],[153.46207712,5.47090064],[153.46234919,5.47252875]]],[[[153.46858233,5.47802679],[153.46888876,5.47833335],[153.46912391,5.4779512],[153.46858233,5.47802679]]],[[[153.47183513,5.48177586],[153.47129325,5.4814775],[153.47138894,5.48194444],[153.47183513,5.48177586]]],[[[153.47075299,5.48325091],[153.47075309,5.48337763],[153.47085937,5.48337754],[153.47075299,5.48325091]]],[[[153.47102407,5.48357363],[153.47102413,5.4836488],[153.47108718,5.48364875],[153.47102407,5.48357363]]],[[[153.53115072,5.48794057],[153.53115144,5.48875472],[153.53169213,5.48766871],[153.53115072,5.48794057]]],[[[153.47554513,5.4896157],[153.47536185,5.48937132],[153.47536205,5.48961585],[153.47554513,5.4896157]]],[[[153.53006888,5.48959056],[153.5300969,5.48956981],[153.53006886,5.48956983],[153.53006888,5.48959056]]],[[[153.47563297,5.48973281],[153.47563309,5.48988701],[153.47574854,5.48988692],[153.47563297,5.48973281]]],[[[153.52936344,5.49011322],[153.52898604,5.49011356],[153.52898629,5.49039265],[153.52936344,5.49011322]]],[[[153.52709265,5.49282906],[153.52844774,5.49391339],[153.52786446,5.49122381],[153.52709265,5.49282906]]],[[[153.47834417,5.49341286],[153.47942857,5.49476891],[153.47834266,5.49151316],[153.47834417,5.49341286]]],[[[153.51571817,5.49311037],[153.51653182,5.49446659],[153.51680171,5.49338082],[153.51571817,5.49311037]]],[[[153.51707418,5.49528027],[153.51707348,5.49446612],[153.51680265,5.49446635],[153.51680335,5.4952805],[153.51707418,5.49528027]]],[[[153.48024215,5.49612518],[153.48093033,5.4966674],[153.4801637,5.49531109],[153.48024215,5.49612518]]],[[[153.50163925,5.49800728],[153.50163879,5.49746451],[153.50136796,5.49746474],[153.50136842,5.4980075],[153.50163925,5.49800728]]],[[[153.50163925,5.49800728],[153.50164016,5.49909281],[153.50191099,5.49909258],[153.50191008,5.49800705],[153.50163925,5.49800728]]],[[[153.48312431,5.50019363],[153.48159768,5.49784807],[153.48132743,5.49856677],[153.48312431,5.50019363]]],[[[153.49243259,5.49991464],[153.49216154,5.49964348],[153.49216243,5.50072901],[153.49243259,5.49991464]]],[[[153.49568346,5.50099748],[153.49568301,5.50045471],[153.49541218,5.50045494],[153.49541263,5.50099771],[153.49568346,5.50099748]]],[[[153.49243326,5.50072879],[153.49243349,5.50100017],[153.49270432,5.50099995],[153.49270409,5.50072856],[153.49243326,5.50072879]]],[[[153.48376684,5.50096472],[153.48376709,5.50127865],[153.48402825,5.50127844],[153.48376684,5.50096472]]],[[[153.49216265,5.5010004],[153.4921631,5.50154317],[153.49243393,5.50154294],[153.49243349,5.50100017],[153.49216265,5.5010004]]],[[[153.49649731,5.50262511],[153.49595452,5.50126864],[153.49568414,5.50181163],[153.49649731,5.50262511]]],[[[153.49378742,5.50072767],[153.49378899,5.50262736],[153.49514427,5.50398316],[153.49378742,5.50072767]]],[[[153.48539429,5.50399117],[153.48659154,5.5039902],[153.48403794,5.50129006],[153.48539429,5.50399117]]],[[[153.49297783,5.50425634],[153.49270476,5.50154272],[153.49216466,5.50344286],[153.49297783,5.50425634]]],[[[153.48729034,5.50426101],[153.48756109,5.50416672],[153.48729026,5.50416672],[153.48729034,5.50426101]]],[[[153.57784651,5.5638838],[153.57753503,5.56388411],[153.57753525,5.56410791],[153.57784651,5.5638838]]],[[[153.57916239,5.56615762],[153.57943341,5.56632467],[153.57943323,5.56613505],[153.57916239,5.56615762]]],[[[153.57428686,5.56605832],[153.5710384,5.56796114],[153.57746908,5.56415555],[153.57428686,5.56605832]]],[[[153.57222223,5.56916654],[153.54398881,5.60733704],[153.56783762,5.61932092],[153.57222223,5.56916654]]],[[[153.58297464,5.58667466],[153.58189573,5.59128919],[153.58500004,5.57083333],[153.58297464,5.58667466]]],[[[153.57972205,5.56611097],[153.57997566,5.56686689],[153.58056626,5.56686631],[153.57972205,5.56611097]]],[[[153.57401657,5.56664137],[153.57407223,5.56660129],[153.57401653,5.56660135],[153.57401657,5.56664137]]],[[[153.58078843,5.56706509],[153.5807885,5.56713747],[153.58086924,5.56713739],[153.58078843,5.56706509]]],[[[153.57331738,5.56714479],[153.57320448,5.5671449],[153.57320456,5.56722602],[153.57331738,5.56714479]]],[[[153.58117222,5.56740847],[153.58105952,5.56730764],[153.58105962,5.56740859],[153.58117222,5.56740847]]],[[[153.58147519,5.56767956],[153.58133062,5.5675502],[153.58133075,5.5676797],[153.58147519,5.56767956]]],[[[153.5826871,5.56876388],[153.5826861,5.56876299],[153.58268611,5.56876388],[153.5826871,5.56876388]]],[[[153.56670727,5.57067913],[153.56670753,5.57095051],[153.56724925,5.57094999],[153.56724899,5.57067861],[153.56670727,5.57067913]]],[[[153.58243806,5.59188316],[153.58108446,5.59264689],[153.58243935,5.5931883],[153.58243806,5.59188316]]],[[[153.58027293,5.59373321],[153.58027426,5.59509011],[153.58162774,5.59420558],[153.58027293,5.59373321]]],[[[153.58008912,5.59753271],[153.57973252,5.59509064],[153.57892231,5.59753386],[153.58008912,5.59753271]]],[[[153.58054754,5.59753225],[153.58054749,5.59747359],[153.5804417,5.59753236],[153.58054754,5.59753225]]],[[[153.53964754,5.599471],[153.53964804,5.60001376],[153.53991891,5.60001351],[153.53991841,5.59947075],[153.53964754,5.599471]]],[[[153.57865465,5.60079068],[153.57865278,5.59889103],[153.57757142,5.60106313],[153.57865465,5.60079068]]],[[[153.57703074,5.60214918],[153.5781145,5.6024195],[153.5770302,5.60160643],[153.57703074,5.60214918]]],[[[153.5404644,5.60408373],[153.54100333,5.60100971],[153.53910902,5.60299946],[153.5404644,5.60408373]]],[[[153.53856652,5.60218581],[153.53883765,5.60245694],[153.53883715,5.60191418],[153.5382954,5.60191468],[153.53856652,5.60218581]]],[[[153.57622024,5.60432102],[153.57567929,5.60513569],[153.57676279,5.60513463],[153.57622024,5.60432102]]],[[[153.57567982,5.60567845],[153.57541028,5.60703562],[153.57676413,5.60649152],[153.57567982,5.60567845]]],[[[153.57568245,5.60835715],[153.57486959,5.60812167],[153.57487038,5.60893581],[153.57568245,5.60835715]]],[[[153.57472205,5.61222208],[153.5737882,5.61029377],[153.57216664,5.61409468],[153.57472205,5.61222208]]],[[[153.57054537,5.61821904],[153.57234693,5.61647832],[153.57162673,5.61599486],[153.57054537,5.61821904]]],[[[153.56892108,5.61925407],[153.57003702,5.61871022],[153.56946206,5.6184394],[153.56892108,5.61925407]]],[[[153.56648761,5.62386989],[153.56727769,5.62414051],[153.56296194,5.61953122],[153.56648761,5.62386989]]],[[[153.15108502,5.89253102],[153.15073939,5.89253112],[153.15073945,5.89275673],[153.15108502,5.89253102]]],[[[153.14802965,5.89443157],[153.14748772,5.89488053],[153.15066933,5.89280253],[153.14802965,5.89443157]]],[[[153.14721674,5.89505751],[153.14734379,5.89497453],[153.14721672,5.89497457],[153.14721674,5.89505751]]],[[[153.1469281,5.89524603],[153.14667474,5.8952461],[153.14667479,5.89541148],[153.1469281,5.89524603]]],[[[153.15128718,5.91369936],[153.15101651,5.91505638],[153.15222216,5.91505605],[153.15128718,5.91369936]]],[[[154.29173162,8.13558425],[154.30628269,8.08887465],[154.25349111,8.09555131],[154.29173162,8.13558425]]],[[[154.80570017,1.0409214],[154.80467912,1.03937567],[154.80611098,1.04166663],[154.80570017,1.0409214]]],[[[154.80646887,1.04195183],[154.80622073,1.04195197],[154.80646924,1.04259804],[154.80646887,1.04195183]]],[[[154.80698138,1.04272469],[154.80651806,1.04272495],[154.80698207,1.04393131],[154.80698138,1.04272469]]],[[[154.80723816,1.04401313],[154.8070136,1.04401326],[154.80723849,1.04459794],[154.80723816,1.04401313]]],[[[154.80749463,1.04478614],[154.80731092,1.04478624],[154.80749491,1.04526458],[154.80749463,1.04478614]]],[[[154.8085207,1.04813588],[154.80845277,1.04813592],[154.80852082,1.04834005],[154.8085207,1.04813588]]],[[[154.80877688,1.04839345],[154.80866194,1.04916667],[154.80903321,1.04890874],[154.80877688,1.04839345]]],[[[154.8087326,1.04993979],[154.80880327,1.0507129],[154.80929014,1.0504549],[154.8087326,1.04993979]]],[[[154.80903499,1.05200136],[154.80929073,1.05148577],[154.80887393,1.05148601],[154.80903499,1.05200136]]],[[[154.80705213,1.05200251],[154.80695304,1.05174485],[154.80673066,1.0520027],[154.80705213,1.05200251]]],[[[154.80724318,1.05277556],[154.80734942,1.0527755],[154.80725032,1.05251783],[154.80724318,1.05277556]]],[[[154.80929282,1.05509382],[154.80929162,1.05303208],[154.80903544,1.05277451],[154.80929282,1.05509382]]],[[[154.80926328,1.05560928],[154.80931736,1.05612468],[154.80980548,1.0561244],[154.80926328,1.05560928]]],[[[154.80955064,1.05818629],[154.81006257,1.05792827],[154.80945256,1.0574132],[154.80955064,1.05818629]]],[[[154.80969594,1.05973252],[154.80977706,1.06050562],[154.81006376,1.05999002],[154.80969594,1.05973252]]],[[[154.80983114,1.06102103],[154.80985819,1.06127873],[154.81006436,1.06102089],[154.80983114,1.06102103]]],[[[154.8103216,1.06308248],[154.81032115,1.06230933],[154.80996635,1.06230954],[154.8103216,1.06308248]]],[[[154.80805552,1.06277776],[154.80801699,1.0626237],[154.80801711,1.06282612],[154.80805552,1.06277776]]],[[[154.81010156,1.06359805],[154.81018268,1.06437116],[154.81057809,1.06385549],[154.81010156,1.06359805]]],[[[154.80929835,1.06462474],[154.80904221,1.06445396],[154.80904231,1.06462955],[154.80929835,1.06462474]]],[[[154.80853082,1.065625],[154.81032325,1.06591738],[154.81083488,1.06514392],[154.80853082,1.065625]]],[[[154.80827497,1.06594381],[154.80828808,1.06591858],[154.80827495,1.06591859],[154.80827497,1.06594381]]],[[[154.80933615,1.07107233],[154.81058231,1.07107159],[154.81057974,1.06669038],[154.80933615,1.07107233]]],[[[154.80916524,1.07107243],[154.80845181,1.07055742],[154.80802208,1.07133083],[154.80916524,1.07107243]]],[[[154.8087908,1.07236124],[154.80802268,1.0723617],[154.80802283,1.07261942],[154.8087908,1.07236124]]],[[[154.80751318,1.07674322],[154.8077693,1.07688587],[154.80776922,1.07674306],[154.80751318,1.07674322]]],[[[154.80802542,1.07700884],[154.80802541,1.07700063],[154.80801711,1.07700064],[154.80802542,1.07700884]]],[[[154.80879474,1.07906192],[154.80827798,1.0772582],[154.80817356,1.07957773],[154.80879474,1.07906192]]],[[[154.80599446,1.07957903],[154.80597862,1.07957904],[154.80597864,1.07962031],[154.80599446,1.07957903]]],[[[154.80854222,1.08498959],[154.80956469,1.08215407],[154.80635893,1.08531153],[154.80854222,1.08498959]]],[[[154.9267106,3.82299533],[154.92671066,3.82302182],[154.92676876,3.82302169],[154.9267106,3.82299533]]],[[[154.94588626,3.82406341],[154.94507055,3.82325151],[154.94586086,3.82343173],[154.9451287,3.82433638],[154.94588626,3.82406341]]],[[[154.92077145,3.82384895],[154.9215822,3.82411838],[154.92158099,3.82357587],[154.92077145,3.82384895]]],[[[154.94291456,3.82352767],[154.94210443,3.82352951],[154.9423763,3.82434264],[154.94291456,3.82352767]]],[[[154.95750053,3.82512189],[154.95777083,3.82523312],[154.95777058,3.82512128],[154.95750053,3.82512189]]],[[[154.95966233,3.82576028],[154.9596621,3.82565944],[154.95930345,3.82566026],[154.95966233,3.82576028]]],[[[154.96047284,3.82592883],[154.96026877,3.8259293],[154.96047297,3.82598621],[154.96047284,3.82592883]]],[[[154.96128358,3.82619821],[154.96105961,3.82619873],[154.96128395,3.82636054],[154.96128358,3.82619821]]],[[[154.9614112,3.82646917],[154.96190823,3.82728178],[154.96209494,3.82673885],[154.9614112,3.82646917]]],[[[154.96344824,3.82809198],[154.96344878,3.82833201],[154.96398817,3.82802428],[154.96344824,3.82809198]]],[[[154.96533852,3.82808763],[154.96482932,3.82808881],[154.96533897,3.82828205],[154.96533852,3.82808763]]],[[[154.96560918,3.82835826],[154.96554038,3.82835842],[154.96560924,3.82838453],[154.96560918,3.82835826]]],[[[154.96339385,3.82836336],[154.96317881,3.82836385],[154.96317909,3.82848588],[154.96339385,3.82836336]]],[[[154.96263935,3.82863634],[154.96264058,3.82917883],[154.9629165,3.8286357],[154.96263935,3.82863634]]],[[[154.96939637,3.83124023],[154.96939596,3.83106201],[154.96922175,3.83106241],[154.96939637,3.83124023]]],[[[154.96966662,3.83133263],[154.96948751,3.83133304],[154.96966704,3.83151588],[154.96966662,3.83133263]]],[[[154.96993728,3.83160325],[154.96975326,3.83160368],[154.96993772,3.83179153],[154.96993728,3.83160325]]],[[[154.97426853,3.83620443],[154.97419221,3.83620461],[154.97426891,3.83637323],[154.97426853,3.83620443]]],[[[154.97480986,3.83674567],[154.97443871,3.83674653],[154.97481174,3.83756663],[154.97480986,3.83674567]]],[[[154.97508239,3.83783002],[154.97493171,3.83783037],[154.97508316,3.83816334],[154.97508239,3.83783002]]],[[[154.9753543,3.83864313],[154.97530145,3.83864326],[154.97535457,3.83876004],[154.9753543,3.83864313]]],[[[154.97562934,3.84081246],[154.97562871,3.84054122],[154.97554414,3.84081266],[154.97562934,3.84081246]]],[[[154.97509861,3.84488239],[154.97509844,3.84480744],[154.97507703,3.84488244],[154.97509861,3.84488239]]],[[[154.97295574,3.85248227],[154.97295535,3.85231515],[154.97290761,3.85248238],[154.97295574,3.85248227]]],[[[154.96415795,3.85982637],[154.96406095,3.8598266],[154.96406118,3.85992715],[154.96415795,3.85982637]]],[[[154.9607642,3.86336047],[154.96055838,3.86336094],[154.96055886,3.86357429],[154.9607642,3.86336047]]],[[[154.96035993,3.86378145],[154.96050314,3.86363232],[154.96028894,3.86363282],[154.96035993,3.86378145]]],[[[154.95921063,3.86446083],[154.95923062,3.86444901],[154.9592106,3.86444906],[154.95921063,3.86446083]]],[[[154.95651373,3.86605504],[154.95692726,3.86581059],[154.95651317,3.86581155],[154.95651373,3.86605504]]],[[[154.9270788,3.86669289],[154.92707757,3.86615038],[154.92615783,3.86615248],[154.9270788,3.86669289]]],[[[154.92545783,3.86642533],[154.92518862,3.86680448],[154.92606818,3.86615268],[154.92545783,3.86642533]]],[[[154.95554524,3.86662754],[154.95543482,3.86662779],[154.95543496,3.86669272],[154.95554524,3.86662754]]],[[[154.95489558,3.86701156],[154.95508457,3.86689985],[154.95489533,3.86690029],[154.95489558,3.86701156]]],[[[154.95462589,3.86717098],[154.95435522,3.86690154],[154.95435587,3.8671875],[154.95462589,3.86717098]]],[[[154.95408581,3.8671875],[154.95408578,3.86717341],[154.95381573,3.86717403],[154.95408581,3.8671875]]],[[[154.95309887,3.86771819],[154.95273675,3.86771902],[154.95273741,3.86800879],[154.95309887,3.86771819]]],[[[154.94863593,3.86908474],[154.94814889,3.86908586],[154.94814916,3.8692034],[154.94863593,3.86908474]]],[[[154.95220223,3.87016151],[154.95165901,3.86880651],[154.95125253,3.87097745],[154.95220223,3.87016151]]],[[[154.94526604,3.86990626],[154.94491006,3.86990708],[154.94491026,3.86999299],[154.94526604,3.86990626]]],[[[154.94058983,3.87022517],[154.94031969,3.87018888],[154.94031978,3.87022715],[154.94058983,3.87022517]]],[[[154.93869944,3.87023902],[154.93842928,3.87019322],[154.93842939,3.87024099],[154.93869944,3.87023902]]],[[[154.94167006,3.87021726],[154.94275145,3.8707258],[154.94302027,3.87018268],[154.94167006,3.87021726]]],[[[154.93627127,3.87128318],[154.93626881,3.87019818],[154.93491728,3.86965877],[154.93627127,3.87128318]]],[[[154.94302213,3.87099643],[154.9429266,3.87208165],[154.94356101,3.87045268],[154.94302213,3.87099643]]],[[[157.30017359,5.77447841],[157.30071325,5.77493662],[157.30071461,5.77448002],[157.30017359,5.77447841]]],[[[157.30071033,5.77591806],[157.30058121,5.77610727],[157.30070976,5.77610765],[157.30071033,5.77591806]]],[[[157.32886634,5.78026033],[157.32887032,5.77890395],[157.32661438,5.77956104],[157.32886634,5.78026033]]],[[[157.1690495,5.78434074],[157.16850798,5.78437711],[157.16932383,5.78465099],[157.1690495,5.78434074]]],[[[157.16932383,5.78465099],[157.16932296,5.78492225],[157.16959379,5.78492312],[157.16959467,5.78465187],[157.16932383,5.78465099]]],[[[157.16742712,5.78491613],[157.16797042,5.78441321],[157.16494361,5.78517935],[157.16742712,5.78491613]]],[[[157.16986376,5.78519525],[157.16986463,5.78492399],[157.16959379,5.78492312],[157.16959292,5.78519437],[157.16986376,5.78519525]]],[[[157.33751867,5.78544003],[157.33842913,5.78544269],[157.33751969,5.78509237],[157.33751867,5.78544003]]],[[[157.16471711,5.78542697],[157.16444883,5.78572026],[157.16471616,5.78572113],[157.16471711,5.78542697]]],[[[157.33751867,5.78544003],[157.33724781,5.78543923],[157.33724702,5.78571051],[157.33751788,5.7857113],[157.33751867,5.78544003]]],[[[157.33887247,5.78561347],[157.33887217,5.78571527],[157.33913876,5.78571605],[157.33887247,5.78561347]]],[[[157.16444532,5.7857241],[157.16420144,5.78599072],[157.16444446,5.7859915],[157.16444532,5.7857241]]],[[[157.16417352,5.78602124],[157.16395406,5.78626117],[157.16417275,5.78626188],[157.16417352,5.78602124]]],[[[157.16254275,5.78780407],[157.16246973,5.78788389],[157.16254249,5.78788412],[157.16254275,5.78780407]]],[[[157.16227095,5.78810121],[157.16222235,5.78815434],[157.16227078,5.7881545],[157.16227095,5.78810121]]],[[[157.16199906,5.78842487],[157.16199915,5.78839835],[157.16197496,5.78842479],[157.16199906,5.78842487]]],[[[157.34589874,5.7911614],[157.34644757,5.78872148],[157.34618065,5.7873643],[157.34589874,5.7911614]]],[[[157.16062641,5.78957665],[157.16014057,5.78977511],[157.16118394,5.78923356],[157.16062641,5.78957665]]],[[[157.15982758,5.78990297],[157.15882298,5.79031334],[157.15955541,5.79031572],[157.15982758,5.78990297]]],[[[157.15034775,5.7900669],[157.15034704,5.79028575],[157.15056106,5.79028644],[157.15034775,5.7900669]]],[[[157.15820036,5.79058257],[157.15820041,5.79056766],[157.15816419,5.79058245],[157.15820036,5.79058257]]],[[[157.15762293,5.79080355],[157.15742826,5.79085131],[157.15792864,5.79085294],[157.15762293,5.79080355]]],[[[157.34319012,5.79115349],[157.34427278,5.79142793],[157.34237912,5.79060856],[157.34319012,5.79115349]]],[[[157.15657378,5.79106096],[157.15633713,5.79111902],[157.15657359,5.79111979],[157.15657378,5.79106096]]],[[[157.15603167,5.79119396],[157.15524602,5.79138672],[157.15603104,5.79138928],[157.15603167,5.79119396]]],[[[157.15205233,5.79137632],[157.15196863,5.79134172],[157.15196852,5.79137604],[157.15205233,5.79137632]]],[[[157.15440515,5.79165524],[157.15440535,5.79159298],[157.15415491,5.79165442],[157.15440515,5.79165524]]],[[[157.345083,5.79224414],[157.34535431,5.79208942],[157.34481355,5.79175782],[157.345083,5.79224414]]],[[[157.34372868,5.79224018],[157.34454048,5.79251384],[157.34318854,5.79169605],[157.34372868,5.79224018]]],[[[157.34399876,5.79251225],[157.34345703,5.79251067],[157.34345624,5.79278195],[157.34399797,5.79278353],[157.34399876,5.79251225]]],[[[157.34508063,5.79305797],[157.34535307,5.79251621],[157.34454048,5.79251384],[157.34508063,5.79305797]]],[[[157.34399797,5.79278353],[157.34399718,5.79305481],[157.34426804,5.7930556],[157.34426883,5.79278432],[157.34399797,5.79278353]]],[[[157.34426804,5.7930556],[157.34426725,5.79332688],[157.34453811,5.79332767],[157.3445389,5.79305639],[157.34426804,5.7930556]]],[[[157.34318221,5.79386627],[157.34210192,5.79277799],[157.34426251,5.79495454],[157.34318221,5.79386627]]],[[[157.34235775,5.79793305],[157.34154674,5.79738811],[157.34166366,5.7982023],[157.34235775,5.79793305]]],[[[157.34180334,5.8022719],[157.34208372,5.79901736],[157.34006715,5.80202162],[157.34180334,5.8022719]]],[[[157.33745436,5.80741343],[157.3366386,5.8084863],[157.33772368,5.80794365],[157.33745436,5.80741343]]],[[[157.33823622,5.80795829],[157.33826529,5.80798737],[157.33826538,5.80795837],[157.33823622,5.80795829]]],[[[157.33582038,5.81039269],[157.33582037,5.81039796],[157.33582205,5.81039269],[157.33582038,5.81039269]]],[[[157.33527386,5.81201875],[157.33527357,5.81211632],[157.33530459,5.81201884],[157.33527386,5.81201875]]],[[[157.33850824,5.80823037],[157.33667076,5.81531811],[157.33906447,5.81257247],[157.33850824,5.80823037]]],[[[157.33445646,5.81364401],[157.33445487,5.81418656],[157.33487338,5.81337396],[157.33445646,5.81364401]]],[[[157.33499342,5.81527326],[157.33472255,5.81527246],[157.33472095,5.81581502],[157.33499182,5.81581582],[157.33499342,5.81527326]]],[[[157.33579806,5.81798842],[157.33471536,5.81771395],[157.33498464,5.8182573],[157.33579806,5.81798842]]],[[[157.33281126,5.82042111],[157.33388996,5.82205196],[157.33497905,5.82015623],[157.33281126,5.82042111]]],[[[157.32628778,5.82799755],[157.32574603,5.82799594],[157.32574531,5.82823735],[157.32628778,5.82799755]]],[[[157.328454,5.82827526],[157.32683115,5.82745661],[157.32696438,5.83144867],[157.328454,5.82827526]]],[[[157.3252255,5.83070716],[157.32519629,5.83068657],[157.32519623,5.83070707],[157.3252255,5.83070716]]],[[[157.3251906,5.83260599],[157.32600484,5.83206586],[157.32438359,5.83070465],[157.3251906,5.83260599]]],[[[157.32002693,5.83828741],[157.32056708,5.83883157],[157.32057354,5.83666138],[157.32002693,5.83828741]]],[[[157.30727925,5.84367466],[157.3072768,5.84448848],[157.30781938,5.84421884],[157.30727925,5.84367466]]],[[[157.30483641,5.84529494],[157.30456553,5.84529412],[157.30456389,5.84583667],[157.30483478,5.84583748],[157.30483641,5.84529494]]],[[[157.29886634,5.84880344],[157.29941139,5.84772],[157.29805697,5.84771589],[157.29886634,5.84880344]]],[[[157.29724104,5.84879851],[157.29751193,5.84879933],[157.29751439,5.84798552],[157.2972435,5.8479847],[157.29724104,5.84879851]]],[[[157.29100826,5.84959339],[157.29398799,5.84959961],[157.29182174,5.84932459],[157.29100826,5.84959339]]],[[[157.28938214,5.8498597],[157.289382,5.84990633],[157.29005149,5.84986174],[157.28938214,5.8498597]]],[[[157.29213038,5.85420843],[157.29614601,5.85259301],[157.29560999,5.85069247],[157.29213038,5.85420843]]],[[[157.29642265,5.85069494],[157.29588088,5.85069329],[157.29587923,5.85123583],[157.296421,5.85123748],[157.29642265,5.85069494]]],[[[157.29561164,5.85014993],[157.29560999,5.85069247],[157.29588088,5.85069329],[157.29588252,5.85015075],[157.29561164,5.85014993]]],[[[157.28909889,5.85392792],[157.29126349,5.85474833],[157.2893728,5.85293351],[157.28909889,5.85392792]]],[[[157.2918063,5.85440784],[157.2916917,5.85447837],[157.29180609,5.85447871],[157.2918063,5.85440784]]],[[[157.77693721,7.07456171],[157.77748468,7.07293524],[157.77599209,7.07266],[157.77693721,7.07456171]]],[[[157.77685992,7.07483283],[157.82750961,7.05273478],[157.80552719,7.04641858],[157.77685992,7.07483283]]],[[[157.77638226,7.07902342],[157.77618453,7.07917213],[157.77638187,7.07917265],[157.77638226,7.07902342]]],[[[157.77610884,7.07971457],[157.77583796,7.07944254],[157.77438703,7.08052399],[157.77610884,7.07971457]]],[[[157.77420515,7.08066078],[157.77366804,7.08106473],[157.77420408,7.08106614],[157.77420515,7.08066078]]],[[[157.77366016,7.08133603],[157.77252984,7.08192074],[157.7730102,7.08214826],[157.77366016,7.08133603]]],[[[157.78479501,7.08163657],[157.78479498,7.08164732],[157.78480916,7.0816366],[157.78479501,7.08163657]]],[[[157.78370576,7.08271899],[157.78542216,7.08299479],[157.78452412,7.08136454],[157.78370576,7.08271899]]],[[[157.77555491,7.08378287],[157.77718951,7.08188795],[157.77331083,7.08431959],[157.77555491,7.08378287]]],[[[157.77174821,7.08540074],[157.77174858,7.08525939],[157.77144542,7.08539994],[157.77174821,7.08540074]]],[[[157.77120429,7.08567062],[157.77120471,7.08551154],[157.77086352,7.08566972],[157.77120429,7.08567062]]],[[[157.77066037,7.0859405],[157.77066083,7.08576369],[157.7703889,7.08588976],[157.77066037,7.0859405]]],[[[155.16043589,7.62342843],[155.16123223,7.61962788],[155.1593256,7.61882384],[155.16043589,7.62342843]]],[[[157.93769576,6.72303542],[157.93742494,6.7227635],[157.93648519,6.72276146],[157.93769576,6.72303542]]],[[[157.93823858,6.7230366],[157.93796717,6.72303601],[157.93823801,6.72330143],[157.93823858,6.7230366]]],[[[157.93825928,6.72330798],[157.93850924,6.72338498],[157.9385094,6.72330852],[157.93825928,6.72330798]]],[[[157.93978289,6.72575331],[157.93986077,6.72593389],[157.93986116,6.72575348],[157.93978289,6.72575331]]],[[[157.93062725,6.72844675],[157.92872957,6.72743456],[157.92899818,6.72871452],[157.93062725,6.72844675]]],[[[157.94013198,6.7260254],[157.94472478,6.73585158],[157.94364919,6.73118841],[157.94013198,6.7260254]]],[[[157.94499572,6.73607538],[157.94483557,6.73607504],[157.94499502,6.73639667],[157.94499572,6.73607538]]],[[[157.9451049,6.73661829],[157.94526527,6.73694177],[157.94526596,6.73661864],[157.9451049,6.73661829]]],[[[157.94577822,6.73797643],[157.94580575,6.73803196],[157.94580587,6.73797649],[157.94577822,6.73797643]]],[[[157.94631688,6.73906294],[157.94634624,6.73912215],[157.94634636,6.739063],[157.94631688,6.73906294]]],[[[157.94525731,6.74062405],[157.94525717,6.74068867],[157.9453356,6.74068884],[157.94525731,6.74062405]]],[[[157.94552825,6.74084828],[157.94552742,6.74123193],[157.94599301,6.74123294],[157.94552825,6.74084828]]],[[[157.94607012,6.74129676],[157.94606967,6.74150444],[157.94632171,6.74150498],[157.94607012,6.74129676]]],[[[157.94889116,6.74347198],[157.94905472,6.74178221],[157.94645155,6.73933457],[157.94889116,6.74347198]]],[[[157.94688276,6.74204887],[157.94796522,6.74286521],[157.946612,6.74174523],[157.94688276,6.74204887]]],[[[157.94829393,6.74313726],[157.94796669,6.74286643],[157.94796611,6.74313655],[157.94829393,6.74313726]]],[[[157.95397898,6.74423483],[157.95420627,6.74433716],[157.95420649,6.74423531],[157.95397898,6.74423483]]],[[[157.94904954,6.7441862],[157.94904829,6.74476691],[157.94931971,6.74476749],[157.94904954,6.7441862]]],[[[157.94959122,6.74472847],[157.94959113,6.74476808],[157.94963086,6.74476816],[157.94959122,6.74472847]]],[[[157.95501959,6.74477973],[157.95486318,6.7447794],[157.95501933,6.74490431],[157.95501959,6.74477973]]],[[[157.95691607,6.74641182],[157.95529102,6.74478031],[157.95585583,6.74668088],[157.95691607,6.74641182]]],[[[157.95118093,6.74583375],[157.95067486,6.74568176],[157.95067449,6.74585576],[157.95118093,6.74583375]]],[[[157.95501568,6.7466058],[157.95501552,6.74667909],[157.95538359,6.74667987],[157.95501568,6.7466058]]],[[[157.96478682,6.74669992],[157.96451539,6.74669934],[157.96478652,6.74683767],[157.96478682,6.74669992]]],[[[157.95757318,6.74722723],[157.95718686,6.74671221],[157.95718576,6.74722641],[157.95757318,6.74722723]]],[[[157.96505766,6.74697183],[157.96502053,6.74697175],[157.96505756,6.74702113],[157.96505766,6.74697183]]],[[[157.96722792,6.74751911],[157.96668507,6.74751796],[157.96668334,6.74833197],[157.96722619,6.74833312],[157.96722792,6.74751911]]],[[[157.96559994,6.74724432],[157.9650547,6.74836685],[157.96613876,6.74914483],[157.96559994,6.74724432]]],[[[157.96071246,6.74808694],[157.96098282,6.7485912],[157.96179771,6.74830401],[157.96071246,6.74808694]]],[[[157.96966674,6.74942364],[157.96966703,6.7492843],[157.96858104,6.74941463],[157.96966674,6.74942364]]],[[[157.97102445,6.74915517],[157.9710233,6.74969784],[157.97183901,6.74902364],[157.97102445,6.74915517]]],[[[157.9810521,6.7497189],[157.98106611,6.74972777],[157.98106613,6.74971893],[157.9810521,6.7497189]]],[[[157.98234305,6.75053562],[157.98269254,6.75075672],[157.982693,6.75053635],[157.98234305,6.75053562]]],[[[157.98296386,6.75080825],[157.98277337,6.75080786],[157.98296361,6.75092821],[157.98296386,6.75080825]]],[[[157.98323473,6.75108016],[157.98320369,6.75108009],[157.98323469,6.75109971],[157.98323473,6.75108016]]],[[[157.99354177,6.75462898],[157.99299912,6.75452396],[157.99354111,6.75494553],[157.99354177,6.75462898]]],[[[157.99353896,6.75598568],[157.99381208,6.75517222],[157.99408071,6.75652948],[157.99353896,6.75598568]]],[[[157.99624434,6.76033271],[158.00032479,6.75599965],[157.99652145,6.75758112],[157.99624434,6.76033271]]],[[[158.01749471,6.76933036],[158.01766934,6.76951792],[158.01766972,6.76933072],[158.01749471,6.76933036]]],[[[158.01774784,6.76960222],[158.0179402,6.76980881],[158.01794062,6.76960261],[158.01774784,6.76960222]]],[[[158.01800096,6.76987407],[158.01821105,6.77009971],[158.01821151,6.7698745],[158.01800096,6.76987407]]],[[[158.01825409,6.77014593],[158.01848191,6.7703906],[158.0184824,6.77014639],[158.01825409,6.77014593]]],[[[158.0187533,6.77041828],[158.01850722,6.77041778],[158.01875277,6.7706815],[158.0187533,6.77041828]]],[[[158.02010705,6.77213598],[158.01983798,6.77096315],[158.01876034,6.77068963],[158.02010705,6.77213598]]],[[[158.0202791,6.77232075],[158.02037791,6.77242688],[158.02037813,6.77232095],[158.0202791,6.77232075]]],[[[158.02091992,6.77286473],[158.0206187,6.77286412],[158.02145696,6.77576716],[158.02091992,6.77286473]]],[[[158.02199805,6.7766657],[158.02155946,6.77612213],[158.02199609,6.77763427],[158.02199805,6.7766657]]],[[[158.02253821,6.7780235],[158.02202984,6.77775113],[158.02253523,6.77950139],[158.02253821,6.7780235]]],[[[158.02280638,6.7796521],[158.02257862,6.77965164],[158.02334394,6.78230209],[158.02280638,6.7796521]]],[[[158.02333998,6.784266],[158.02334217,6.78318063],[158.02235977,6.78507805],[158.02333998,6.784266]]],[[[158.0222521,6.78529533],[158.02222544,6.78534913],[158.02225199,6.78534918],[158.0222521,6.78529533]]],[[[158.12648269,6.79016103],[158.12891804,6.79450702],[158.12974365,6.78826744],[158.12648269,6.79016103]]],[[[158.11942172,6.79177635],[158.11942024,6.7925904],[158.12023512,6.79232053],[158.11942172,6.79177635]]],[[[158.11615822,6.79502661],[158.11561331,6.79611101],[158.11860387,6.79367431],[158.11615822,6.79502661]]],[[[158.01489741,6.79781603],[158.01489962,6.79673067],[158.01381434,6.79645712],[158.01489741,6.79781603]]],[[[158.01489354,6.79971542],[158.01468005,6.79998633],[158.01489299,6.79998676],[158.01489354,6.79971542]]],[[[158.01462043,6.80052889],[158.01462113,6.80018569],[158.01451976,6.80052868],[158.01462043,6.80052889]]],[[[158.01407308,6.80269851],[158.01407443,6.8020355],[158.0138786,6.80269811],[158.01407308,6.80269851]]],[[[158.01380125,6.80287744],[158.01335892,6.80378242],[158.01379941,6.80378332],[158.01380125,6.80287744]]],[[[158.01325605,6.80399289],[158.01322643,6.80405349],[158.01325593,6.80405355],[158.01325605,6.80399289]]],[[[158.00999463,6.8058848],[158.0099945,6.80594628],[158.01005942,6.80594641],[158.00999463,6.8058848]]],[[[158.01026581,6.80602121],[158.01080833,6.80621929],[158.01080911,6.8058414],[158.01026581,6.80602121]]],[[[157.9315357,6.80903533],[157.93207862,6.80903653],[157.93208102,6.8079512],[157.93153811,6.80795],[157.9315357,6.80903533]]],[[[157.92664948,6.80902451],[157.92664767,6.80983851],[157.9277335,6.80984092],[157.92773531,6.80902692],[157.92664948,6.80902451]]],[[[157.92229467,6.81417017],[157.92175235,6.81389763],[157.92175054,6.81471162],[157.92229467,6.81417017]]],[[[157.92011935,6.81579331],[157.92147362,6.81715301],[157.91958068,6.81389277],[157.92011935,6.81579331]]],[[[157.91821974,6.81551773],[157.91795071,6.81443179],[157.91805553,6.81638885],[157.91821974,6.81551773]]],[[[157.91828888,6.81687455],[157.91848723,6.81728742],[157.91848816,6.816875],[157.91828888,6.81687455]]],[[[157.91956914,6.81904809],[157.91930072,6.81769082],[157.91854987,6.8174178],[157.91956914,6.81904809]]],[[[158.11526322,6.83898357],[158.11797562,6.84034529],[158.11608516,6.83491484],[158.11526322,6.83898357]]],[[[158.11006066,6.86285266],[158.11006016,6.86312401],[158.11033166,6.86312451],[158.11033216,6.86285316],[158.11006066,6.86285266]]],[[[158.13474684,6.87429452],[158.13501835,6.87429502],[158.13501884,6.87402367],[158.13474733,6.87402318],[158.13474684,6.87429452]]],[[[158.13474684,6.87429452],[158.13447533,6.87429403],[158.13447484,6.87456538],[158.13474635,6.87456587],[158.13474684,6.87429452]]],[[[158.10433272,6.87695209],[158.10433069,6.87803748],[158.10487574,6.87695311],[158.10433272,6.87695209]]],[[[158.13190692,6.87971638],[158.13392062,6.8807436],[158.13337896,6.8799904],[158.13190692,6.87971638]]],[[[158.12848778,6.8821449],[158.12848727,6.88242366],[158.1287768,6.88242419],[158.12848778,6.8821449]]],[[[158.13500362,6.88243549],[158.13404226,6.88080565],[158.13439918,6.88602388],[158.13500362,6.88243549]]],[[[158.10078573,6.88617126],[158.10187639,6.88373118],[158.10051831,6.88399998],[158.10078573,6.88617126]]],[[[158.13011069,6.88553854],[158.13010993,6.88595416],[158.13016756,6.88595427],[158.13011069,6.88553854]]],[[[158.12852948,6.88920748],[158.12847489,6.88920738],[158.12847481,6.88925031],[158.12852948,6.88920748]]],[[[158.12738717,6.8901025],[158.12818396,6.8894782],[158.12765984,6.88947724],[158.12738717,6.8901025]]],[[[158.11733914,6.89108638],[158.11733908,6.89111659],[158.11738879,6.89108648],[158.11733914,6.89108638]]],[[[158.11652408,6.89135623],[158.11652361,6.89161055],[158.11694218,6.891357],[158.11652408,6.89135623]]],[[[158.11972426,6.89190483],[158.12005256,6.89204551],[158.12005282,6.89190544],[158.11972426,6.89190483]]],[[[158.09696964,6.89403314],[158.09669607,6.89511801],[158.09805828,6.89267846],[158.09696964,6.89403314]]],[[[158.12611854,6.89859366],[158.13229215,6.89763606],[158.12775939,6.89137687],[158.12611854,6.89859366]]],[[[158.11678153,6.89895446],[158.11705355,6.89868362],[158.11623898,6.89868211],[158.11678153,6.89895446]]],[[[158.11701324,6.89976894],[158.11650849,6.899768],[158.11700022,6.90005302],[158.11701324,6.89976894]]],[[[158.09803055,6.90733116],[158.09204299,6.91464615],[158.09828562,6.91601475],[158.09803055,6.90733116]]],[[[158.09122788,6.91491594],[158.09068534,6.91464356],[158.09041174,6.91572842],[158.09122788,6.91491594]]],[[[158.115088,6.93354762],[158.11508774,6.9336839],[158.11536914,6.93368443],[158.115088,6.93354762]]],[[[158.1205174,6.93434109],[158.12051709,6.93450803],[158.12084388,6.93450864],[158.1205174,6.93434109]]],[[[158.12105998,6.93461954],[158.12214435,6.93559644],[158.12296654,6.93559796],[158.12105998,6.93461954]]],[[[158.08657377,6.9347153],[158.08629857,6.93661419],[158.08792834,6.93634598],[158.08657377,6.9347153]]],[[[158.12337822,6.93587007],[158.12323023,6.93575789],[158.12323002,6.93586979],[158.12337822,6.93587007]]],[[[158.1235014,6.93596344],[158.12350107,6.93614164],[158.12373705,6.93614208],[158.1235014,6.93596344]]],[[[158.12512783,6.93750139],[158.12624888,6.93804615],[158.12485723,6.93699122],[158.12512783,6.93750139]]],[[[158.08520664,6.93959689],[158.08792573,6.93770271],[158.08466827,6.93715374],[158.08520664,6.93959689]]],[[[158.12768421,6.93913418],[158.12756891,6.93904678],[158.12756875,6.93913397],[158.12768421,6.93913418]]],[[[158.12804304,6.93940619],[158.12784008,6.93925234],[158.12783979,6.93940582],[158.12804304,6.93940619]]],[[[158.12973763,6.9410374],[158.1312725,6.94185426],[158.12811125,6.9394579],[158.12973763,6.9410374]]],[[[158.1313653,6.9419246],[158.13136493,6.94212578],[158.13163133,6.94212626],[158.1313653,6.9419246]]],[[[158.13190765,6.94233572],[158.13190753,6.94239812],[158.13199016,6.94239827],[158.13190765,6.94233572]]],[[[158.13516174,6.94480246],[158.13516166,6.94484621],[158.1352196,6.94484631],[158.13516174,6.94480246]]],[[[158.13543292,6.94500802],[158.13543272,6.94511805],[158.13557842,6.94511832],[158.13543292,6.94500802]]],[[[158.1357041,6.94521358],[158.13570377,6.9453899],[158.13593724,6.94539032],[158.1357041,6.94521358]]],[[[158.13597527,6.94541915],[158.13597483,6.94566174],[158.13629607,6.94566232],[158.13597527,6.94541915]]],[[[158.0984813,6.9559031],[158.09603835,6.95535575],[158.09902079,6.95780356],[158.0984813,6.9559031]]],[[[158.10200842,6.95753789],[158.10037289,6.96079094],[158.10607457,6.96134444],[158.10200842,6.95753789]]],[[[158.10498371,6.9637845],[158.10688257,6.96487348],[158.10661358,6.96351624],[158.10498371,6.9637845]]],[[[158.11448066,6.9678726],[158.11393499,6.96922831],[158.11556386,6.96950271],[158.11448066,6.9678726]]],[[[158.11203507,6.96868205],[158.11203303,6.96976744],[158.1125787,6.96841172],[158.11203507,6.96868205]]],[[[158.11583186,6.97140265],[158.11827594,6.97140721],[158.11827746,6.97059317],[158.11583186,6.97140265]]],[[[158.12261391,6.97521417],[158.12478645,6.9752182],[158.12234336,6.97467097],[158.12261391,6.97521417]]],[[[157.83189987,7.03481833],[157.83081696,7.03345901],[157.83155711,7.03644541],[157.83189987,7.03481833]]],[[[157.83162287,7.03698822],[157.83158377,7.03698812],[157.8315971,7.03725948],[157.83162287,7.03698822]]],[[[157.82720725,7.03887644],[157.82718575,7.03885901],[157.82710615,7.03887619],[157.82720725,7.03887644]]],[[[157.82591428,7.03914452],[157.82591431,7.03913336],[157.82586318,7.03914439],[157.82591428,7.03914452]]],[[[157.82319904,7.03891989],[157.82319781,7.03940902],[157.82379106,7.03941051],[157.82319904,7.03891989]]],[[[157.82509912,7.03930926],[157.82462024,7.03941259],[157.82509886,7.0394138],[157.82509912,7.03930926]]],[[[157.83215992,7.03943147],[157.83167709,7.03888762],[157.83215793,7.04022691],[157.83215992,7.03943147]]],[[[157.83132956,7.04566984],[157.83133703,7.0426853],[157.8294302,7.04497971],[157.83132956,7.04566984]]],[[[157.83131596,7.05109627],[157.82996756,7.04729437],[157.82628596,7.05940235],[157.83131596,7.05109627]]],[[[157.82803441,7.0600417],[157.82776227,7.06025584],[157.82906395,7.05977296],[157.82803441,7.0600417]]],[[[157.82761099,7.06031196],[157.82749054,7.06031166],[157.82749043,7.06035669],[157.82761099,7.06031196]]],[[[157.82690287,7.06057465],[157.82694736,7.06031029],[157.82657708,7.06030936],[157.82690287,7.06057465]]],[[[157.82802894,7.06221227],[157.829391,7.06058775],[157.82647324,7.06302233],[157.82802894,7.06221227]]],[[[157.82546292,7.06247714],[157.82450006,7.06148234],[157.82449893,7.06193206],[157.82546292,7.06247714]]],[[[157.82178301,7.06192521],[157.82123913,7.06219813],[157.82232094,7.06272125],[157.82178301,7.06192521]]],[[[157.82639715,7.06309549],[157.82558361,7.06260184],[157.82530959,7.06356204],[157.82639715,7.06309549]]],[[[157.82421842,7.06545855],[157.82314097,7.06192864],[157.81810534,7.06959927],[157.82421842,7.06545855]]],[[[157.81715446,7.06643507],[157.81715285,7.06706861],[157.81719885,7.06706872],[157.81715446,7.06643507]]],[[[157.81252744,7.0703127],[157.81225168,7.07193992],[157.81415286,7.07194477],[157.81442861,7.07031754],[157.81252744,7.0703127]]],[[[157.80926898,7.07003306],[157.80899252,7.0719316],[157.8106228,7.07166445],[157.80926898,7.07003306]]],[[[157.80763245,7.07274208],[157.80736295,7.07192743],[157.80627377,7.07300992],[157.80763245,7.07274208]]],[[[157.80518739,7.07300714],[157.80545898,7.07300783],[157.80546038,7.0724652],[157.80518878,7.0724645],[157.80518739,7.07300714]]],[[[157.80491649,7.07273512],[157.80247352,7.07218621],[157.80219773,7.07381342],[157.80491649,7.07273512]]],[[[157.79866066,7.07624619],[157.79947896,7.0748917],[157.79785078,7.07434486],[157.79866066,7.07624619]]],[[[157.79974915,7.07543503],[157.80246793,7.07435675],[157.80165733,7.07272675],[157.79974915,7.07543503]]],[[[157.79839538,7.07380362],[157.79839397,7.07434626],[157.79866557,7.07434696],[157.79866697,7.07380432],[157.79839538,7.07380362]]],[[[157.79594609,7.07569653],[157.79377542,7.07487696],[157.79326093,7.07996082],[157.79594609,7.07569653]]],[[[157.78969017,7.07920746],[157.78996064,7.07964112],[157.79058063,7.07920977],[157.78969017,7.07920746]]],[[[157.78887537,7.07920534],[157.78832934,7.08028919],[157.78968855,7.07983043],[157.78887537,7.07920534]]],[[[157.78615513,7.08082616],[157.78736806,7.08144486],[157.78751384,7.08055839],[157.78615513,7.08082616]]],[[[157.78533926,7.08123578],[157.78588264,7.081167],[157.78561193,7.08082474],[157.78533926,7.08123578]]],[[[157.78506732,7.08136596],[157.78506712,7.08144155],[157.78516675,7.08136622],[157.78506732,7.08136596]]],[[[158.20115927,6.77590799],[158.19871658,6.77563261],[158.20061367,6.77753523],[158.20115927,6.77590799]]],[[[158.19627031,6.77752806],[158.1962721,6.77644264],[158.19518627,6.77644085],[158.19627031,6.77752806]]],[[[158.1932847,6.77725176],[158.19328379,6.77779447],[158.19437054,6.77725356],[158.1932847,6.77725176]]],[[[158.20332694,6.77835376],[158.20441234,6.77862689],[158.20441456,6.77727012],[158.20305726,6.77726789],[158.20332694,6.77835376]]],[[[158.2068546,6.7791736],[158.20712917,6.77727455],[158.20495348,6.7797132],[158.2068546,6.7791736]]],[[[158.19328199,6.77887988],[158.19219795,6.77779266],[158.19165323,6.77887717],[158.19328199,6.77887988]]],[[[158.21879676,6.78054974],[158.21852529,6.78054931],[158.21852485,6.78082066],[158.21879632,6.7808211],[158.21879676,6.78054974]]],[[[158.18757359,6.78348339],[158.1897521,6.77941671],[158.18703885,6.77859811],[158.18757359,6.78348339]]],[[[158.1696529,6.78589524],[158.17019768,6.78481076],[158.16938329,6.78480937],[158.1696529,6.78589524]]],[[[158.17535455,6.78536226],[158.17535316,6.78617632],[158.17589655,6.78590589],[158.17535455,6.78536226]]],[[[158.1691109,6.78535161],[158.16802505,6.78534974],[158.16802272,6.78670651],[158.16910858,6.78670837],[158.1691109,6.78535161]]],[[[158.17182414,6.78617031],[158.17073968,6.78535439],[158.17046636,6.78643934],[158.17182414,6.78617031]]],[[[158.14875411,6.7836882],[158.15145826,6.78966268],[158.1517378,6.78505019],[158.14875411,6.7836882]]],[[[158.17616801,6.78590635],[158.180234,6.78944084],[158.18512404,6.78727825],[158.17616801,6.78590635]]],[[[158.16855307,6.79403396],[158.17561816,6.78997572],[158.16419928,6.79999623],[158.16855307,6.79403396]]],[[[158.20058189,6.79680142],[158.20058413,6.79544464],[158.20085246,6.79734458],[158.20058189,6.79680142]]],[[[158.19298025,6.79706017],[158.19108177,6.79597158],[158.19352134,6.79816749],[158.19298025,6.79706017]]],[[[158.19515111,6.79760649],[158.19460747,6.79802655],[158.19580611,6.79733622],[158.19515111,6.79760649]]],[[[158.18320273,6.79975732],[158.18315379,6.79975723],[158.18320265,6.79980498],[158.18320273,6.79975732]]],[[[158.18455778,6.80112949],[158.1842877,6.80030185],[158.1834319,6.80002906],[158.18455778,6.80112949]]],[[[158.18482244,6.80138817],[158.1848288,6.80139439],[158.18482881,6.80138818],[158.18482244,6.80138817]]],[[[158.16772233,6.80352989],[158.16826621,6.80298812],[158.16718079,6.8027149],[158.16772233,6.80352989]]],[[[158.16337877,6.8035224],[158.16310729,6.80352193],[158.16310694,6.80372523],[158.16337877,6.8035224]]],[[[158.17024338,6.80353422],[158.17016559,6.80353409],[158.17016467,6.80406442],[158.17024338,6.80353422]]],[[[158.16295598,6.80379302],[158.16256388,6.80379234],[158.16256357,6.80396925],[158.16295598,6.80379302]]],[[[158.16202046,6.80406276],[158.1620202,6.80421328],[158.16235408,6.80406333],[158.16202046,6.80406276]]],[[[158.16419318,6.80352381],[158.16608893,6.80617174],[158.16582015,6.80461203],[158.16419318,6.80352381]]],[[[158.1700823,6.80461936],[158.16989225,6.80461903],[158.16989132,6.80516174],[158.1700823,6.80461936]]],[[[158.16771812,6.80597206],[158.16771719,6.80651477],[158.16853161,6.80651617],[158.16853255,6.80597346],[158.16771812,6.80597206]]],[[[158.16934557,6.80678892],[158.16971989,6.80706092],[158.16980042,6.80651835],[158.16934557,6.80678892]]],[[[158.16810007,6.8084149],[158.16824257,6.80857384],[158.16842204,6.80841545],[158.16810007,6.8084149]]],[[[158.15385585,6.81571669],[158.15316059,6.8132733],[158.15250003,6.81638885],[158.15385585,6.81571669]]],[[[158.15179224,6.81598442],[158.15168365,6.81592237],[158.15168354,6.81598423],[158.15179224,6.81598442]]],[[[158.16038093,6.81681349],[158.16036945,6.81681347],[158.16036944,6.81682369],[158.16038093,6.81681349]]],[[[158.15379574,6.84990692],[158.1548817,6.84992671],[158.15461071,6.849637],[158.15379574,6.84990692]]],[[[158.14130394,6.85151287],[158.14075998,6.8520546],[158.14157399,6.8523274],[158.14130394,6.85151287]]],[[[158.14833145,6.85803781],[158.1486227,6.85811433],[158.14862284,6.85803832],[158.14833145,6.85803781]]],[[[158.14937118,6.858311],[158.14937866,6.85831296],[158.14937986,6.85831102],[158.14937118,6.858311]]],[[[158.15371501,6.86217916],[158.15323108,6.86217916],[158.15397244,6.86238941],[158.15371501,6.86217916]]],[[[158.1505158,6.86230179],[158.15042835,6.86238314],[158.15051566,6.8623833],[158.1505158,6.86230179]]],[[[158.15404512,6.86244877],[158.15404475,6.86266088],[158.15430539,6.86266134],[158.15404512,6.86244877]]],[[[158.15530426,6.86347716],[158.15512958,6.86333449],[158.15512933,6.86347685],[158.15530426,6.86347716]]],[[[158.15024319,6.86292552],[158.14710214,6.8648194],[158.14861031,6.86509343],[158.15024319,6.86292552]]],[[[158.14272666,6.86392856],[158.14263952,6.86377125],[158.14287655,6.86399782],[158.14272666,6.86392856]]],[[[158.15567043,6.86456321],[158.15608246,6.86456394],[158.1554007,6.86355592],[158.15567043,6.86456321]]],[[[158.14291059,6.86401355],[158.14345218,6.8648129],[158.14523464,6.86508743],[158.14291059,6.86401355]]],[[[158.14643851,6.86495003],[158.14573592,6.86508832],[158.14643826,6.86508957],[158.14643851,6.86495003]]],[[[158.15294673,6.86944273],[158.1521322,6.86944129],[158.15213197,6.86957119],[158.15294673,6.86944273]]],[[[158.14968211,6.87310391],[158.14968187,6.87323587],[158.14969569,6.87323589],[158.14968211,6.87310391]]],[[[158.14994169,6.87981169],[158.14994084,6.88029146],[158.15014651,6.88029182],[158.14994169,6.87981169]]],[[[158.13689393,6.88813726],[158.13672971,6.88813696],[158.1368937,6.88826434],[158.13689393,6.88813726]]],[[[158.13716496,6.8884091],[158.13707988,6.88840894],[158.13716484,6.88847494],[158.13716496,6.8884091]]],[[[158.13743004,6.88868093],[158.13770712,6.88889614],[158.13770751,6.88868143],[158.13743004,6.88868093]]],[[[158.1377802,6.88895291],[158.13797826,6.88910674],[158.13797853,6.88895327],[158.1377802,6.88895291]]],[[[158.14042074,6.88977172],[158.13813037,6.88922489],[158.14231797,6.89167333],[158.14042074,6.88977172]]],[[[158.14784375,6.89168447],[158.14774838,6.8916843],[158.14774828,6.89174206],[158.14784375,6.89168447]]],[[[158.14313203,6.89195256],[158.14557569,6.89197457],[158.14557573,6.89195177],[158.14313203,6.89195256]]],[[[158.14739529,6.89195502],[158.14639029,6.89195322],[158.1473366,6.89199042],[158.14739529,6.89195502]]],[[[158.1715577,6.94029821],[158.17481631,6.94030389],[158.16996145,6.94137812],[158.1715577,6.94029821]]],[[[158.16775276,6.94213067],[158.16757656,6.9421907],[158.16775266,6.94219101],[158.16775276,6.94213067]]],[[[158.1647886,6.94314063],[158.16127245,6.94760662],[158.16693705,6.94273229],[158.1647886,6.94314063]]],[[[158.17809662,6.94573663],[158.17806572,6.94561067],[158.1780655,6.94573658],[158.17809662,6.94573663]]],[[[158.13651763,6.94583027],[158.13651744,6.94593408],[158.13665489,6.94593433],[158.13651763,6.94583027]]],[[[158.14139764,6.95020288],[158.14783275,6.94639015],[158.13689923,6.94611955],[158.14139764,6.95020288]]],[[[158.17860484,6.94790833],[158.1786959,6.94817984],[158.17833537,6.94671],[158.17860484,6.94790833]]],[[[158.17887466,6.94890865],[158.17887452,6.94899421],[158.17889566,6.94899424],[158.17887466,6.94890865]]],[[[158.17697221,6.94980496],[158.17697209,6.94987491],[158.17736034,6.94980564],[158.17697221,6.94980496]]],[[[158.15986178,6.95113169],[158.16095319,6.94821078],[158.15844552,6.95384268],[158.15986178,6.95113169]]],[[[158.14084945,6.95299704],[158.14110449,6.95326885],[158.14057859,6.95261728],[158.14084945,6.95299704]]],[[[158.14132382,6.9535406],[158.14112048,6.95328866],[158.14112002,6.95354023],[158.14132382,6.9535406]]],[[[158.14154315,6.95381235],[158.14139143,6.95362436],[158.14139109,6.95381207],[158.14154315,6.95381235]]],[[[158.14166237,6.95396005],[158.14166215,6.95408391],[158.14176249,6.95408409],[158.14166237,6.95396005]]],[[[158.14817658,6.95572377],[158.14872214,6.95436801],[158.1479001,6.95285726],[158.14817658,6.95572377]]],[[[158.14193332,6.95429575],[158.14193321,6.95435575],[158.14198182,6.95435584],[158.14193332,6.95429575]]],[[[158.15279474,6.95479348],[158.15279452,6.95491801],[158.15311097,6.95491858],[158.15279474,6.95479348]]],[[[158.14356072,6.95537317],[158.14356059,6.9554441],[158.14378449,6.9554445],[158.14356072,6.95537317]]],[[[158.1470904,6.95569336],[158.14668339,6.95572109],[158.14709034,6.95572182],[158.1470904,6.95569336]]],[[[158.14383212,6.95545968],[158.14437428,6.95598827],[158.14654674,6.95599219],[158.14383212,6.95545968]]],[[[158.15686525,6.9564037],[158.15795122,6.95655531],[158.15822568,6.9549277],[158.15686525,6.9564037]]],[[[158.15655629,6.95628148],[158.15550841,6.95586696],[158.15577923,6.95628009],[158.15655629,6.95628148]]],[[[158.18103267,6.95725373],[158.1810324,6.95740986],[158.18116344,6.95741009],[158.18103267,6.95725373]]],[[[158.18130367,6.95757776],[158.18130349,6.95768168],[158.18139071,6.95768183],[158.18130367,6.95757776]]],[[[158.20112631,6.9584275],[158.20097521,6.95852936],[158.20112614,6.95852962],[158.20112631,6.9584275]]],[[[158.19650976,6.95840881],[158.19644725,6.95847821],[158.19650913,6.95877901],[158.19650976,6.95840881]]],[[[158.18211667,6.95854984],[158.18211629,6.9587685],[158.18229981,6.95876882],[158.18211667,6.95854984]]],[[[158.2035948,6.95863521],[158.20336661,6.95880475],[158.20356384,6.95880508],[158.2035948,6.95863521]]],[[[158.18238767,6.95887387],[158.18238739,6.95904032],[158.18252708,6.95904056],[158.18238767,6.95887387]]],[[[158.21904755,6.95964495],[158.21986403,6.95856088],[158.21924591,6.95881808],[158.21904755,6.95964495]]],[[[158.18265848,6.95931214],[158.18271828,6.95926917],[158.18265868,6.9591979],[158.18265848,6.95931214]]],[[[158.21877525,6.96008443],[158.21873708,6.96018714],[158.21877508,6.96018721],[158.21877525,6.96008443]]],[[[158.21577872,6.965689],[158.21561919,6.96588043],[158.21577841,6.9658807],[158.21577872,6.965689]]],[[[158.21985142,6.96619399],[158.21985103,6.96643014],[158.22003323,6.96643044],[158.21985142,6.96619399]]],[[[158.19838839,6.97154995],[158.19732287,6.95933724],[158.19777224,6.97426244],[158.19838839,6.97154995]]],[[[158.22024214,6.96670214],[158.22012241,6.96654643],[158.22012216,6.96670195],[158.22024214,6.96670214]]],[[[158.2203934,6.96689887],[158.22039328,6.96697375],[158.22045105,6.96697384],[158.2203934,6.96689887]]],[[[158.17504194,6.96662542],[158.17476848,6.96771035],[158.17504005,6.96771083],[158.17504194,6.96662542]]],[[[158.20246911,6.96731903],[158.20246837,6.96775791],[158.2025961,6.96775812],[158.20246911,6.96731903]]],[[[158.21414448,6.96859153],[158.21550548,6.96669431],[158.21223181,6.96994511],[158.21414448,6.96859153]]],[[[158.20283164,6.96857258],[158.2027391,6.96825261],[158.20273856,6.96857242],[158.20283164,6.96857258]]],[[[158.21169701,6.97058684],[158.21155433,6.97075804],[158.21169672,6.97075828],[158.21169701,6.97058684]]],[[[158.21142489,6.97091337],[158.21132851,6.97102902],[158.2114247,6.97102918],[158.21142489,6.97091337]]],[[[158.21115277,6.97123989],[158.21110268,6.9713],[158.21115267,6.97130008],[158.21115277,6.97123989]]],[[[158.21088066,6.97156642],[158.21087686,6.97157098],[158.21088065,6.97157098],[158.21088066,6.97156642]]],[[[158.20544694,6.97291864],[158.20571988,6.97210504],[158.20490517,6.97210367],[158.20544694,6.97291864]]],[[[158.20816129,6.97373726],[158.20707318,6.97482085],[158.20932887,6.97292516],[158.20816129,6.97373726]]],[[[158.21114723,6.97455632],[158.21141653,6.97591354],[158.21168992,6.97482858],[158.21114723,6.97455632]]],[[[158.2065282,6.97590535],[158.20652856,6.97569107],[158.20647015,6.97590526],[158.2065282,6.97590535]]],[[[158.21195922,6.9761858],[158.21195968,6.97591445],[158.2116881,6.975914],[158.21168765,6.97618535],[158.21195922,6.9761858]]],[[[158.19580288,6.97697262],[158.19460324,6.97832734],[158.19593407,6.97751555],[158.19580288,6.97697262]]],[[[158.20726463,6.97834877],[158.20733877,6.97837574],[158.20733882,6.9783489],[158.20726463,6.97834877]]],[[[158.19457476,6.9783595],[158.19436332,6.97859828],[158.19457435,6.97859864],[158.19457476,6.9783595]]],[[[158.19430266,6.97866678],[158.19412339,6.97886922],[158.19430231,6.97886953],[158.19430266,6.97866678]]],[[[158.2100532,6.97916751],[158.20978299,6.978353],[158.20869669,6.97835118],[158.2100532,6.97916751]]],[[[158.19403056,6.97897406],[158.19388346,6.97914017],[158.19403027,6.97914042],[158.19403056,6.97897406]]],[[[158.21026314,6.97943922],[158.21027768,6.9794445],[158.21031921,6.97943931],[158.21026314,6.97943922]]],[[[158.21521269,6.97944748],[158.21516909,6.9794474],[158.2152126,6.97950179],[158.21521269,6.97944748]]],[[[158.21548381,6.97971928],[158.21538647,6.97971912],[158.21548361,6.97984055],[158.21548381,6.97971928]]],[[[158.19321323,6.98049579],[158.1934862,6.97968219],[158.19268383,6.98049488],[158.19321323,6.98049579]]],[[[158.21560384,6.97999083],[158.21575462,6.98017931],[158.21575494,6.97999109],[158.21560384,6.97999083]]],[[[158.21582122,6.98026255],[158.21602564,6.98051807],[158.21602606,6.98026289],[158.21582122,6.98026255]]],[[[158.19267005,6.98051045],[158.19244391,6.98076582],[158.19266961,6.98076621],[158.19267005,6.98051045]]],[[[158.1910388,6.98155463],[158.19096304,6.98157734],[158.19103876,6.98157747],[158.1910388,6.98155463]]],[[[158.18777986,6.9815704],[158.18777986,6.98157187],[158.18778787,6.98157189],[158.18777986,6.9815704]]],[[[158.2160386,6.98053427],[158.21792274,6.9828894],[158.2179253,6.98135146],[158.2160386,6.98053427]]],[[[158.19076672,6.98184836],[158.19076708,6.9816361],[158.19006327,6.98184715],[158.19076672,6.98184836]]],[[[158.18424702,6.98292254],[158.18479198,6.98187986],[158.18330267,6.98319226],[158.18424702,6.98292254]]],[[[158.18261605,6.98379732],[158.18238069,6.98400472],[158.18261568,6.98400512],[158.18261605,6.98379732]]],[[[158.21791999,6.98454673],[158.21788977,6.98487901],[158.21791944,6.98487906],[158.21791999,6.98454673]]],[[[158.18125497,6.98563087],[158.18179907,6.98508912],[158.18053675,6.98562963],[158.18125497,6.98563087]]],[[[158.18016819,6.98590034],[158.18016835,6.98580578],[158.1797619,6.98589963],[158.18016819,6.98590034]]],[[[158.21158384,6.98649663],[158.21167039,6.98649678],[158.21167057,6.98639118],[158.21158384,6.98649663]]],[[[158.21737322,6.98671783],[158.2173334,6.98677757],[158.21737312,6.98677763],[158.21737322,6.98671783]]],[[[158.21139841,6.98673769],[158.21116689,6.98703864],[158.2113979,6.98703903],[158.21139841,6.98673769]]],[[[158.21112623,6.98709149],[158.21095841,6.98730965],[158.21112587,6.98730993],[158.21112623,6.98709149]]],[[[158.21710064,6.98731989],[158.21710096,6.98712624],[158.216972,6.98731967],[158.21710064,6.98731989]]],[[[158.14024254,6.98800001],[158.14241663,6.98718993],[158.14024453,6.98691462],[158.14024254,6.98800001]]],[[[158.21682815,6.98786214],[158.2168287,6.98753464],[158.21649893,6.9878616],[158.21682815,6.98786214]]],[[[158.21628454,6.98813259],[158.21628481,6.98796859],[158.21580579,6.9881318],[158.21628454,6.98813259]]],[[[158.20976432,6.98947848],[158.21085406,6.98744529],[158.20908211,6.98974869],[158.20976432,6.98947848]]],[[[158.20677693,6.98947204],[158.20677692,6.98947346],[158.20678264,6.98947347],[158.20677693,6.98947204]]],[[[158.14403671,6.99234851],[158.1448549,6.99045055],[158.14159597,6.99044462],[158.14403671,6.99234851]]],[[[158.14675151,6.99289613],[158.14675397,6.99153939],[158.14621081,6.99153841],[158.14675151,6.99289613]]],[[[158.14946436,6.99452914],[158.14512006,6.99397857],[158.15298757,6.99860574],[158.14946436,6.99452914]]],[[[158.17498442,6.99945887],[158.175256,6.99945935],[158.17525648,6.999188],[158.17498489,6.99918752],[158.17498442,6.99945887]]],[[[158.15543132,6.99888148],[158.15597205,7.0002392],[158.15896094,6.99943051],[158.15543132,6.99888148]]],[[[158.15977423,7.00024601],[158.16086057,7.00024795],[158.15950459,6.99916013],[158.15977423,7.00024601]]],[[[158.16194884,6.99916449],[158.16248959,7.0005222],[158.16547847,6.99971346],[158.16194884,6.99916449]]],[[[158.20512495,7.00276699],[158.20702973,7.00059938],[158.20485795,7.00005301],[158.20512495,7.00276699]]],[[[158.19860358,7.0046554],[158.20132086,7.00384596],[158.19942205,7.00248597],[158.19860358,7.0046554]]],[[[158.25139549,6.76567637],[158.25465256,6.76595273],[158.2530284,6.76296529],[158.25139549,6.76567637]]],[[[158.25818606,6.76297318],[158.25736341,6.76839911],[158.26117167,6.76324908],[158.25818606,6.76297318]]],[[[158.24460907,6.76566588],[158.24596677,6.76539663],[158.24352366,6.76539284],[158.24460907,6.76566588]]],[[[158.27054871,6.76462003],[158.27050666,6.76760492],[158.27120946,6.76733462],[158.27054871,6.76462003]]],[[[158.24134947,6.7670176],[158.2416222,6.76620395],[158.24080783,6.76620268],[158.24134947,6.7670176]]],[[[158.24786529,6.766485],[158.24732238,6.76648416],[158.24732154,6.76702688],[158.24786445,6.76702772],[158.24786529,6.766485]]],[[[158.23564674,6.76836546],[158.23564589,6.76890818],[158.23618923,6.76863767],[158.23564674,6.76836546]]],[[[158.26713512,6.76895666],[158.26496467,6.7681393],[158.26523449,6.76922515],[158.26713512,6.76895666]]],[[[158.23727251,6.77026752],[158.23754567,6.76918252],[158.23618838,6.76918039],[158.23727251,6.77026752]]],[[[158.25980488,6.76948827],[158.26007386,6.77111684],[158.26143323,6.76976211],[158.25980488,6.76948827]]],[[[158.28802923,6.77468628],[158.28965762,6.77496002],[158.28965841,6.7744173],[158.28802923,6.77468628]]],[[[158.29942017,6.7820296],[158.30186261,6.78257584],[158.29915105,6.78040104],[158.29942017,6.7820296]]],[[[158.29208971,6.78256169],[158.29209011,6.78229033],[158.29181864,6.78228993],[158.29181825,6.78256129],[158.29208971,6.78256169]]],[[[158.29453057,6.78419341],[158.2933266,6.78419165],[158.29459345,6.78453195],[158.29453057,6.78419341]]],[[[158.22856211,6.78517843],[158.22856198,6.78526049],[158.22909281,6.78517928],[158.22856211,6.78517843]]],[[[158.22747667,6.78490535],[158.22638994,6.78544633],[158.22774738,6.78538513],[158.22747667,6.78490535]]],[[[158.29617795,6.78528125],[158.29642911,6.78540002],[158.29642928,6.78528161],[158.29617795,6.78528125]]],[[[158.22231838,6.78516847],[158.22168153,6.78516744],[158.22258919,6.78558145],[158.22231838,6.78516847]]],[[[158.29670036,6.78555336],[158.29666504,6.78555331],[158.29670032,6.78558482],[158.29670036,6.78555336]]],[[[158.22476071,6.78571509],[158.22421744,6.7859252],[158.22611818,6.78563439],[158.22476071,6.78571509]]],[[[158.29696933,6.78582512],[158.29697144,6.78582699],[158.29697144,6.78582512],[158.29696933,6.78582512]]],[[[158.29757792,6.78636872],[158.2977848,6.78655351],[158.29778506,6.78636902],[158.29757792,6.78636872]]],[[[158.29805614,6.78664077],[158.29788221,6.78664052],[158.29805592,6.78679568],[158.29805614,6.78664077]]],[[[158.29859869,6.78691292],[158.2981865,6.78691232],[158.29859816,6.78728003],[158.29859869,6.78691292]]],[[[158.2470185,6.7873783],[158.24403277,6.7871023],[158.24376061,6.78754517],[158.2470185,6.7873783]]],[[[158.29941193,6.78772818],[158.29879508,6.78745593],[158.29941153,6.78800655],[158.29941193,6.78772818]]],[[[158.28502352,6.78797854],[158.28475189,6.78808942],[158.28610964,6.78782266],[158.28502352,6.78797854]]],[[[158.2510897,6.78792732],[158.25000424,6.78765429],[158.25108866,6.78859831],[158.2510897,6.78792732]]],[[[158.23642866,6.78898989],[158.23697416,6.7873626],[158.23607009,6.78736118],[158.23642866,6.78898989]]],[[[158.30001225,6.78854313],[158.3002249,6.78873308],[158.30022517,6.78854344],[158.30001225,6.78854313]]],[[[158.25127362,6.78874168],[158.25135981,6.78880849],[158.25135991,6.78874181],[158.25127362,6.78874168]]],[[[158.30049625,6.78881519],[158.30031654,6.78881493],[158.30049602,6.78897525],[158.30049625,6.78881519]]],[[[158.25163096,6.78901359],[158.2516244,6.78901358],[158.25163095,6.78901866],[158.25163096,6.78901359]]],[[[158.25197518,6.78928548],[158.25217325,6.78943901],[158.25217348,6.78928579],[158.25197518,6.78928548]]],[[[158.30130989,6.78935909],[158.30062083,6.78908673],[158.3013094,6.78970178],[158.30130989,6.78935909]]],[[[158.2361565,6.78942602],[158.23612102,6.78953212],[158.23615633,6.78953218],[158.2361565,6.78942602]]],[[[158.2526076,6.78955781],[158.25353004,6.78980505],[158.25353042,6.78955924],[158.2526076,6.78955781]]],[[[158.2536259,6.78983074],[158.25407276,6.78995051],[158.25407294,6.78983143],[158.2536259,6.78983074]]],[[[158.25566246,6.79037659],[158.256515,6.79060509],[158.25651534,6.7903779],[158.25566246,6.79037659]]],[[[158.23588375,6.79024153],[158.23575115,6.79063797],[158.2358829,6.79077669],[158.23588375,6.79024153]]],[[[158.2567864,6.79064968],[158.25668073,6.79064951],[158.25678636,6.79067782],[158.2567864,6.79064968]]],[[[158.26771015,6.7906663],[158.26764527,6.7906662],[158.26764513,6.79075635],[158.26771015,6.7906663]]],[[[158.26981705,6.79066948],[158.26849411,6.79066748],[158.26981554,6.79166601],[158.26981705,6.79066948]]],[[[158.27931778,6.79122642],[158.27931773,6.79125981],[158.27934503,6.79122646],[158.27931778,6.79122642]]],[[[158.2790459,6.79149737],[158.27904576,6.79159198],[158.27912312,6.79149749],[158.2790459,6.79149737]]],[[[158.23751069,6.79143381],[158.23650551,6.79143223],[158.23723801,6.79220347],[158.23751069,6.79143381]]],[[[158.26085309,6.79418356],[158.26058451,6.79228364],[158.25769899,6.79092243],[158.26085309,6.79418356]]],[[[158.27062009,6.79338429],[158.27062735,6.7933998],[158.27062738,6.7933843],[158.27062009,6.79338429]]],[[[158.27074724,6.79365584],[158.27089796,6.79397773],[158.27089844,6.79365606],[158.27074724,6.79365584]]],[[[158.27143935,6.79501368],[158.27138298,6.79501359],[158.27143917,6.79513359],[158.27143935,6.79501368]]],[[[158.27198189,6.79528585],[158.27151013,6.79528514],[158.27225251,6.79585356],[158.27198189,6.79528585]]],[[[158.30094788,6.79994166],[158.30129775,6.79777128],[158.3007544,6.79804185],[158.30094788,6.79994166]]],[[[158.30020438,6.80292556],[158.30075117,6.80027488],[158.29835415,6.80433536],[158.30020438,6.80292556]]],[[[158.30062113,6.8061825],[158.30074249,6.80628139],[158.30074263,6.80618268],[158.30062113,6.8061825]]],[[[158.30149333,6.85014427],[158.30026901,6.85047841],[158.30067801,6.85068581],[158.30149333,6.85014427]]],[[[158.29659864,6.85529298],[158.29687118,6.85458927],[158.2962899,6.85529253],[158.29659864,6.85529298]]],[[[158.29586315,6.85546875],[158.29555004,6.85583417],[158.29605522,6.85556355],[158.29586315,6.85546875]]],[[[158.29551173,6.85587887],[158.29508558,6.85637621],[158.295511,6.85637683],[158.29551173,6.85587887]]],[[[158.29496778,6.85651369],[158.29485336,6.85664723],[158.29496758,6.8566474],[158.29496778,6.85651369]]],[[[158.29469567,6.85691836],[158.2946958,6.85683111],[158.29462113,6.85691825],[158.29469567,6.85691836]]],[[[158.29442033,6.8595204],[158.29442382,6.85714852],[158.29414475,6.85747421],[158.29442033,6.8595204]]],[[[158.29840678,6.91820495],[158.29835077,6.91825114],[158.29840672,6.91825123],[158.29840678,6.91820495]]],[[[158.29813397,6.9190649],[158.29813491,6.91842913],[158.29779255,6.91871142],[158.29813397,6.9190649]]],[[[158.29867466,6.92069386],[158.29822545,6.92015048],[158.29867326,6.92163909],[158.29867466,6.92069386]]],[[[158.29839944,6.92317921],[158.29820107,6.92340676],[158.2983991,6.92340705],[158.29839944,6.92317921]]],[[[158.29812743,6.92349124],[158.29796482,6.92367777],[158.29812715,6.92367801],[158.29812743,6.92349124]]],[[[158.29703814,6.92557592],[158.29785542,6.92380328],[158.29023015,6.92683256],[158.29703814,6.92557592]]],[[[158.29730809,6.92666176],[158.29730929,6.92584768],[158.29649464,6.92584648],[158.29730809,6.92666176]]],[[[158.28911282,6.92664958],[158.28861859,6.92656864],[158.28861847,6.92664884],[158.28911282,6.92664958]]],[[[158.28236461,6.93206662],[158.28590375,6.92612405],[158.2821722,6.92717624],[158.28236461,6.93206662]]],[[[158.30029035,6.92992248],[158.3005627,6.92938016],[158.29974804,6.92937896],[158.30029035,6.92992248]]],[[[158.29387983,6.93045572],[158.29404373,6.93052279],[158.29404383,6.93045596],[158.29387983,6.93045572]]],[[[158.2945453,6.93072807],[158.29458651,6.93074493],[158.29458653,6.93072813],[158.2945453,6.93072807]]],[[[158.29838587,6.93236191],[158.29521076,6.93100041],[158.29730523,6.93925261],[158.29838587,6.93236191]]],[[[158.28561548,6.93722734],[158.28578448,6.93749895],[158.28534489,6.93658608],[158.28561548,6.93722734]]],[[[158.28642831,6.93844601],[158.2864281,6.93858536],[158.28660911,6.93858563],[158.28642831,6.93844601]]],[[[158.28669956,6.93865548],[158.28669925,6.93885712],[158.28696118,6.93885752],[158.28669956,6.93865548]]],[[[158.29695535,6.94026208],[158.29732469,6.94022977],[158.29701664,6.94008524],[158.29695535,6.94026208]]],[[[158.29223089,6.94456395],[158.29212219,6.94435759],[158.29212189,6.94456379],[158.29223089,6.94456395]]],[[[158.27771925,6.95105467],[158.28018997,6.93352576],[158.27908945,6.95910335],[158.27771925,6.95105467]]],[[[158.29450623,6.95379356],[158.2942798,6.95433594],[158.29490879,6.95433688],[158.29450623,6.95379356]]],[[[158.22176588,6.9580213],[158.22475754,6.95531265],[158.21993217,6.95828963],[158.22176588,6.9580213]]],[[[158.2396465,6.95696494],[158.23969039,6.95728365],[158.2396909,6.95696501],[158.2396465,6.95696494]]],[[[158.22502465,6.95802664],[158.22502463,6.9580385],[158.22503406,6.95802666],[158.22502465,6.95802664]]],[[[158.23996115,6.95777951],[158.23971799,6.95886454],[158.24023097,6.95886537],[158.23996115,6.95777951]]],[[[158.22475264,6.95829755],[158.22475251,6.95838005],[158.22481815,6.95829766],[158.22475264,6.95829755]]],[[[158.22460223,6.95856866],[158.22448063,6.95856846],[158.22448038,6.9587216],[158.22460223,6.95856866]]],[[[158.23941409,6.96022083],[158.23968775,6.95892535],[158.23877401,6.96076252],[158.23941409,6.96022083]]],[[[158.22230499,6.96046438],[158.22203342,6.96046393],[158.2220331,6.96065843],[158.22230499,6.96046438]]],[[[158.22309081,6.96046567],[158.22257655,6.96046482],[158.22257623,6.96065843],[158.22309081,6.96046567]]],[[[158.27142381,6.96189935],[158.26795435,6.96180403],[158.26439373,6.96319155],[158.27142381,6.96189935]]],[[[158.26325524,6.96363521],[158.26310326,6.96405733],[158.26384923,6.96405849],[158.26325524,6.96363521]]],[[[158.26303325,6.96487129],[158.26303422,6.96424907],[158.26330436,6.96516965],[158.26303325,6.96487129]]],[[[158.26354841,6.96541481],[158.2635755,6.96544203],[158.26357555,6.96541485],[158.26354841,6.96541481]]],[[[158.23723411,6.96483038],[158.23750814,6.9633077],[158.2312789,6.96889106],[158.23723411,6.96483038]]],[[[158.26764322,6.96922017],[158.26466098,6.96595925],[158.26606873,6.97084587],[158.26764322,6.96922017]]],[[[158.23098095,6.96916193],[158.23098097,6.96915202],[158.23096967,6.96916192],[158.23098095,6.96916193]]],[[[158.23016491,6.96997467],[158.23016509,6.96986664],[158.23004198,6.96997447],[158.23016491,6.96997467]]],[[[158.22989313,6.97010485],[158.22973275,6.97024532],[158.2298929,6.97024558],[158.22989313,6.97010485]]],[[[158.25528044,6.97028628],[158.25520492,6.97019815],[158.25514914,6.97028607],[158.25528044,6.97028628]]],[[[158.22581086,6.97539466],[158.22662603,6.97512464],[158.22717229,6.97322605],[158.22962116,6.97034306],[158.22581086,6.97539466]]],[[[158.22526737,6.97559855],[158.22521423,6.97566503],[158.22526726,6.97566512],[158.22526737,6.97559855]]],[[[158.24751519,6.98899756],[158.2475149,6.98917761],[158.24812973,6.98899854],[158.24751519,6.98899756]]],[[[158.24860152,6.9889993],[158.24976296,6.99415692],[158.24995685,6.99062959],[158.24860152,6.9889993]]],[[[158.23447389,6.99223282],[158.23355301,6.99223132],[158.2344727,6.99296704],[158.23447389,6.99223282]]],[[[158.23528732,6.99304821],[158.23457271,6.99304705],[158.23527765,6.99361098],[158.23528732,6.99304821]]],[[[158.23501429,6.99394021],[158.23486012,6.99413294],[158.23501397,6.99413319],[158.23501429,6.99394021]]],[[[158.23474215,6.99428041],[158.23464333,6.99440394],[158.23474194,6.9944041],[158.23474215,6.99428041]]],[[[158.23447,6.99462061],[158.23442655,6.99467494],[158.23446992,6.99467501],[158.23447,6.99462061]]],[[[158.25673961,6.99498205],[158.25646802,6.99498162],[158.25646759,6.99525298],[158.25673918,6.9952534],[158.25673961,6.99498205]]],[[[158.25062049,6.99551506],[158.25076364,6.99562329],[158.25076382,6.99551529],[158.25062049,6.99551506]]],[[[158.23419786,6.99496082],[158.23312583,6.99630096],[158.23419612,6.99603134],[158.23419786,6.99496082]]],[[[158.25098016,6.99578699],[158.25130617,6.99603347],[158.25130656,6.99578751],[158.25098016,6.99578699]]],[[[158.25148571,6.99616921],[158.25157772,6.9960593],[158.25133983,6.99605892],[158.25148571,6.99616921]]],[[[158.24551576,6.99686369],[158.24533141,6.99591667],[158.24532989,6.99686339],[158.24551576,6.99686369]]],[[[158.25193538,6.99633122],[158.25239179,6.99649566],[158.25239205,6.99633195],[158.25193538,6.99633122]]],[[[158.2331093,6.99632163],[158.23305547,6.99638891],[158.23310888,6.99657581],[158.2331093,6.99632163]]],[[[158.24560078,6.99730044],[158.24560017,6.99767789],[158.24567427,6.99767801],[158.24560078,6.99730044]]],[[[158.23365073,6.99738723],[158.23334061,6.99738673],[158.23349576,6.99792969],[158.23365073,6.99738723]]],[[[158.24587014,6.99868422],[158.24586915,6.99930646],[158.24599131,6.99930666],[158.24587014,6.99868422]]],[[[158.22903069,6.99924291],[158.22903063,6.99927917],[158.22923193,6.9992795],[158.22903069,6.99924291]]],[[[158.22984521,6.99939103],[158.2293022,6.99929228],[158.22930177,6.99955097],[158.22984521,6.99939103]]],[[[158.23073767,6.99955332],[158.23065974,6.99953915],[158.23065972,6.99955319],[158.23073767,6.99955332]]],[[[158.24636118,7.00120674],[158.24613951,7.000068],[158.24613769,7.00120638],[158.24636118,7.00120674]]],[[[158.24640888,7.00145179],[158.24640841,7.00174953],[158.24646686,7.00174962],[158.24640888,7.00145179]]],[[[158.22739396,7.00361817],[158.22621066,7.00334486],[158.22739339,7.00396518],[158.22739396,7.00361817]]],[[[158.25944693,7.00041345],[158.25510793,6.99633625],[158.25605357,7.01076496],[158.25944693,7.00041345]]],[[[158.22711924,7.0055172],[158.22739283,7.00430378],[158.22671002,7.00551652],[158.22711924,7.0055172]]],[[[158.22657561,7.00578766],[158.2265758,7.00567078],[158.22631739,7.00578723],[158.22657561,7.00578766]]],[[[158.22440018,7.0074122],[158.22630357,7.00605857],[158.22385785,7.00689564],[158.22440018,7.0074122]]],[[[158.24667129,7.00717707],[158.24965709,7.00826727],[158.24585894,7.00565961],[158.24667129,7.00717707]]],[[[158.30098843,7.00861778],[158.30234884,7.00699164],[158.29908683,7.0088863],[158.30098843,7.00861778]]],[[[158.25125308,7.00881253],[158.25101438,7.00869567],[158.2510142,7.00881215],[158.25125308,7.00881253]]],[[[158.25168179,7.00908457],[158.25155714,7.00896456],[158.25155695,7.00908437],[158.25168179,7.00908457]]],[[[158.2520995,7.00948673],[158.25209928,7.00962794],[158.25224642,7.00962818],[158.2520995,7.00948673]]],[[[158.25237068,7.00974781],[158.25237044,7.00989973],[158.25252874,7.00989998],[158.25237068,7.00974781]]],[[[158.25264187,7.0100089],[158.25264161,7.01017152],[158.25281105,7.01017179],[158.25264187,7.0100089]]],[[[158.25291305,7.01026999],[158.25291277,7.0104433],[158.25309336,7.01044359],[158.25291305,7.01026999]]],[[[158.29011424,7.01538544],[158.28549784,7.01483572],[158.28766818,7.01646717],[158.29011424,7.01538544]]],[[[158.27597294,7.02703222],[158.27869236,7.02486555],[158.27516274,7.02404603],[158.27597294,7.02703222]]],[[[158.26536492,7.03678456],[158.26427847,7.03678285],[158.26427676,7.03786828],[158.26536321,7.03786998],[158.26536492,7.03678456]]],[[[158.2640013,7.04031005],[158.26454452,7.04031091],[158.26454623,7.03922548],[158.2640013,7.04031005]]],[[[158.26372925,7.04058098],[158.26400087,7.04058141],[158.2640013,7.04031005],[158.26372968,7.04030962],[158.26372925,7.04058098]]],[[[158.26210385,7.03786485],[158.25747996,7.04192788],[158.25992106,7.0441026],[158.26210385,7.03786485]]],[[[158.26182624,7.04166341],[158.26264022,7.0422074],[158.26264151,7.04139334],[158.26182624,7.04166341]]],[[[158.25883373,7.04464359],[158.25829136,7.04410002],[158.25801845,7.04491366],[158.25883373,7.04464359]]],[[[158.24280574,7.04624605],[158.25013547,7.04870006],[158.23683817,7.04135195],[158.24280574,7.04624605]]],[[[158.24008869,7.04678435],[158.24171663,7.04787241],[158.24171839,7.04678699],[158.24008869,7.04678435]]],[[[159.75252233,6.66245884],[159.75160688,6.66246024],[159.75605158,6.66313843],[159.75252233,6.66245884]]],[[[159.75154417,6.66246033],[159.74980792,6.66219161],[159.74845284,6.66345784],[159.75154417,6.66246033]]],[[[159.74899528,6.66463508],[159.74872554,6.66430962],[159.74872603,6.66463549],[159.74899528,6.66463508]]],[[[159.75822506,6.664621],[159.75639965,6.663267],[159.75904151,6.66608062],[159.75822506,6.664621]]],[[[159.74899744,6.66463769],[159.74899784,6.66490644],[159.7492199,6.6649061],[159.74899744,6.66463769]]],[[[159.74954147,6.66544833],[159.74989374,6.66571916],[159.74926933,6.66496576],[159.74954147,6.66544833]]],[[[159.75090074,6.66693419],[159.75090095,6.66707443],[159.75101683,6.66707425],[159.75090074,6.66693419]]],[[[159.75117264,6.66726226],[159.75117277,6.66734537],[159.75124144,6.66734527],[159.75117264,6.66726226]]],[[[159.7538884,6.66839543],[159.75332494,6.66842753],[159.75388845,6.66842667],[159.7538884,6.66839543]]],[[[159.75823223,6.66928927],[159.75812022,6.66950563],[159.75823256,6.66950545],[159.75823223,6.66928927]]],[[[159.75203344,6.68878148],[159.7520197,6.6887815],[159.75201976,6.68882019],[159.75203344,6.68878148]]],[[[159.75147927,6.69035008],[159.75155384,6.69013901],[159.75147895,6.69013912],[159.75147927,6.69035008]]],[[[159.7550356,6.69420407],[159.75514012,6.69447526],[159.75528501,6.69420368],[159.7550356,6.69420407]]],[[[159.75474426,6.69556131],[159.75501465,6.69489062],[159.7544763,6.69556172],[159.75474426,6.69556131]]],[[[158.3015337,6.78990213],[158.30158052,6.78994395],[158.30158058,6.7899022],[158.3015337,6.78990213]]],[[[158.30456329,6.79234874],[158.30183799,6.79017393],[158.30585146,6.79375887],[158.30164913,6.7969577],[158.30456329,6.79234874]]],[[[158.30061674,6.79774356],[158.30102627,6.79777089],[158.30157001,6.79722895],[158.30061674,6.79774356]]],[[[158.30916985,6.7983253],[158.30971474,6.79696926],[158.30835735,6.79696733],[158.30916985,6.7983253]]],[[[158.30095476,6.80645435],[158.30128481,6.80672328],[158.3012852,6.80645483],[158.30095476,6.80645435]]],[[[158.30128839,6.80672619],[158.30155598,6.80694422],[158.30155629,6.80672658],[158.30128839,6.80672619]]],[[[158.30162202,6.80699803],[158.30182714,6.80716517],[158.30182738,6.80699833],[158.30162202,6.80699803]]],[[[158.3029118,6.80804896],[158.30236996,6.80727048],[158.30195565,6.80726988],[158.3029118,6.80804896]]],[[[158.30318324,6.80808573],[158.30295654,6.80808541],[158.30318297,6.8082699],[158.30318324,6.80808573]]],[[[158.3039969,6.80862963],[158.30329016,6.80835725],[158.30398715,6.80892515],[158.3039969,6.80862963]]],[[[158.30496247,6.8094451],[158.30535286,6.80965322],[158.30535316,6.80944566],[158.30496247,6.8094451]]],[[[158.30547287,6.8097172],[158.30589541,6.80994246],[158.30589574,6.8097178],[158.30547287,6.8097172]]],[[[158.30598327,6.80998929],[158.30616669,6.81008707],[158.30616683,6.80998955],[158.30598327,6.80998929]]],[[[158.30649366,6.81026138],[158.30670925,6.81037631],[158.30670941,6.81026169],[158.30649366,6.81026138]]],[[[158.30802485,6.81107766],[158.30833692,6.81124403],[158.30833716,6.81107811],[158.30802485,6.81107766]]],[[[158.30853524,6.81134976],[158.30887948,6.81153327],[158.30887974,6.81135025],[158.30853524,6.81134976]]],[[[158.31430446,6.81488568],[158.3139086,6.81488512],[158.31457252,6.81729725],[158.31430446,6.81488568]]],[[[158.31484358,6.81760007],[158.31465579,6.8175998],[158.31484262,6.81827856],[158.31484358,6.81760007]]],[[[158.31644906,6.82411503],[158.31646322,6.82416645],[158.31646329,6.82411505],[158.31644906,6.82411503]]],[[[158.31667322,6.82492944],[158.31673332,6.82514778],[158.31673363,6.82492952],[158.31667322,6.82492944]]],[[[158.31727585,6.82547301],[158.31674794,6.82520091],[158.31862406,6.83201716],[158.31727585,6.82547301]]],[[[158.32322323,6.82997072],[158.32219066,6.83036447],[158.32351298,6.83063769],[158.32297342,6.82819467],[158.32322323,6.82997072]]],[[[158.32079648,6.83171932],[158.32052728,6.83009076],[158.31943975,6.83117468],[158.32079648,6.83171932]]],[[[158.32703942,6.83281353],[158.32731244,6.83172846],[158.32595533,6.8314552],[158.32703942,6.83281353]]],[[[158.31862194,6.83351785],[158.31827645,6.8349721],[158.31862026,6.83470123],[158.31862194,6.83351785]]],[[[158.33001949,6.83743084],[158.32893386,6.83715797],[158.33028982,6.83827323],[158.33001949,6.83743084]]],[[[158.3275756,6.8376988],[158.32703142,6.83853363],[158.327967,6.83769935],[158.3275756,6.8376988]]],[[[158.33146265,6.83906103],[158.33164607,6.83918424],[158.33164624,6.83906128],[158.33146265,6.83906103]]],[[[158.33186747,6.83933295],[158.33218857,6.83954864],[158.33218887,6.8393334],[158.33186747,6.83933295]]],[[[158.33227229,6.83960488],[158.33245982,6.83973084],[158.33246,6.83960514],[158.33227229,6.83960488]]],[[[158.31997086,6.83958765],[158.31852322,6.83904288],[158.31996966,6.84043339],[158.31997086,6.83958765]]],[[[158.33267712,6.8398768],[158.33273107,6.83991304],[158.33273112,6.83987687],[158.33267712,6.8398768]]],[[[158.33308194,6.84014872],[158.33327358,6.84027745],[158.33327376,6.84014899],[158.33308194,6.84014872]]],[[[158.33435939,6.84042185],[158.33348676,6.84042065],[158.33408733,6.84082406],[158.33435939,6.84042185]]],[[[158.32024083,6.84067348],[158.32021938,6.84067345],[158.3202408,6.84069404],[158.32024083,6.84067348]]],[[[158.32241227,6.84109324],[158.32404173,6.84078168],[158.32241285,6.84067655],[158.32241227,6.84109324]]],[[[158.32050208,6.84094521],[158.32078307,6.84121534],[158.32078345,6.84094561],[158.32050208,6.84094521]]],[[[158.3454859,6.8442362],[158.34412984,6.8431489],[158.34439876,6.84504881],[158.3454859,6.8442362]]],[[[158.3370687,6.84458585],[158.33701703,6.84503869],[158.33706807,6.84503876],[158.3370687,6.84458585]]],[[[158.30991826,6.84445785],[158.30889642,6.84433985],[158.30751376,6.8458112],[158.30991826,6.84445785]]],[[[158.33652356,6.84612346],[158.33679594,6.84549124],[158.33623427,6.84612307],[158.33652356,6.84612346]]],[[[158.30855605,6.84771223],[158.30488014,6.84924257],[158.30801069,6.84933962],[158.30855605,6.84771223]]],[[[158.33651981,6.84883709],[158.33651869,6.84965117],[158.33733396,6.84910957],[158.33651981,6.84883709]]],[[[158.36204063,6.84968573],[158.36204073,6.84960515],[158.3619186,6.84968557],[158.36204063,6.84968573]]],[[[158.36176875,6.84995673],[158.36176893,6.84982677],[158.36163136,6.84995655],[158.36176875,6.84995673]]],[[[158.36149688,6.85022773],[158.36149707,6.85008323],[158.36134412,6.85022753],[158.36149688,6.85022773]]],[[[158.31561166,6.85022137],[158.31561136,6.85043595],[158.31581565,6.85043624],[158.31561166,6.85022137]]],[[[158.33162585,6.85371483],[158.33570822,6.84671482],[158.33322775,6.85232747],[158.33034238,6.85398441],[158.33162585,6.85371483]]],[[[158.36122522,6.8503397],[158.36105688,6.85049851],[158.36122501,6.85049874],[158.36122522,6.8503397]]],[[[158.31588276,6.85050693],[158.31588248,6.85070769],[158.31607362,6.85070796],[158.31588276,6.85050693]]],[[[158.36095337,6.85059617],[158.36076964,6.8507695],[158.36095314,6.85076974],[158.36095337,6.85059617]]],[[[158.36068152,6.85085263],[158.3604824,6.85104048],[158.36068127,6.85104074],[158.36068152,6.85085263]]],[[[158.36040966,6.8511091],[158.36019516,6.85131146],[158.36040939,6.85131174],[158.36040966,6.8511091]]],[[[158.36013781,6.85136557],[158.35633344,6.85375068],[158.35904894,6.85348084],[158.36013781,6.85136557]]],[[[158.32076272,6.85559913],[158.32293329,6.85668764],[158.32266362,6.85538055],[158.32076272,6.85559913]]],[[[158.35524265,6.85727484],[158.35633199,6.85483403],[158.35253117,6.85455756],[158.35524265,6.85727484]]],[[[158.35089861,6.85713217],[158.35252777,6.85707785],[158.35089916,6.85672626],[158.35089861,6.85713217]]],[[[158.35388435,6.85781574],[158.35347067,6.85781519],[158.35442608,6.85877906],[158.35388435,6.85781574]]],[[[158.35089769,6.85781172],[158.35279609,6.85944246],[158.35089844,6.85725395],[158.35089769,6.85781172]]],[[[158.35454804,6.85890209],[158.35469723,6.85905261],[158.35469743,6.85890229],[158.35454804,6.85890209]]],[[[158.35333896,6.85956642],[158.35333876,6.85971455],[158.35349552,6.85971477],[158.35333896,6.85956642]]],[[[158.35361013,6.85982336],[158.35360991,6.85998628],[158.35378232,6.85998652],[158.35361013,6.85982336]]],[[[158.35903878,6.86107902],[158.36066897,6.8602671],[158.35849756,6.85972148],[158.35903878,6.86107902]]],[[[158.324827,6.86157483],[158.32453568,6.86157442],[158.32482671,6.86177497],[158.324827,6.86157483]]],[[[158.32493028,6.86184634],[158.32509797,6.86196189],[158.32509813,6.86184657],[158.32493028,6.86184634]]],[[[158.35659185,6.86351802],[158.35768047,6.86161993],[158.35496432,6.86234466],[158.35659185,6.86351802]]],[[[158.32532488,6.86211825],[158.32536922,6.86214881],[158.32536926,6.86211832],[158.32532488,6.86211825]]],[[[158.32887622,6.86456549],[158.32889553,6.8645788],[158.32889555,6.86456552],[158.32887622,6.86456549]]],[[[158.31667303,6.86753324],[158.29466701,6.86135197],[158.30724168,6.87406266],[158.31667303,6.86753324]]],[[[158.33350719,6.86755694],[158.33269377,6.86674172],[158.33432069,6.86831729],[158.33350719,6.86755694]]],[[[158.33440048,6.86837227],[158.33459195,6.86850422],[158.33459214,6.86837253],[158.33440048,6.86837227]]],[[[158.33811964,6.87000559],[158.33893383,6.87027808],[158.33893608,6.86864991],[158.33811964,6.87000559]]],[[[158.3150377,6.87187269],[158.31455595,6.871872],[158.31503742,6.87207075],[158.3150377,6.87187269]]],[[[158.31720871,6.87268987],[158.31666644,6.87214638],[158.31585188,6.87214522],[158.31720871,6.87268987]]],[[[158.31785416,6.87323352],[158.31791115,6.87325704],[158.31798806,6.87323371],[158.31785416,6.87323352]]],[[[158.35277482,6.87518152],[158.35359123,6.8738258],[158.35114715,6.87409386],[158.35277482,6.87518152]]],[[[158.33838291,6.87597594],[158.33838607,6.87369034],[158.33644541,6.87814416],[158.33838291,6.87597594]]],[[[158.33271771,6.8786817],[158.3356639,6.8786858],[158.33308637,6.87818205],[158.33271771,6.8786817]]],[[[158.33753988,6.88248747],[158.33755914,6.88261273],[158.33755931,6.8824875],[158.33753988,6.88248747]]],[[[158.33620243,6.88194289],[158.33620021,6.88353895],[158.33728854,6.8819444],[158.33620243,6.88194289]]],[[[158.3497755,6.8844038],[158.35059157,6.88331946],[158.34950545,6.88331798],[158.3497755,6.8844038]]],[[[158.33807588,6.88416874],[158.33752072,6.88502395],[158.33810124,6.88330234],[158.33807588,6.88416874]]],[[[158.33662775,6.88465711],[158.33619922,6.88425187],[158.33619866,6.88465651],[158.33662775,6.88465711]]],[[[158.33213065,6.88112314],[158.33267704,6.87873682],[158.33232784,6.88970244],[158.33213065,6.88112314]]],[[[158.33674157,6.88476473],[158.33674134,6.88492863],[158.33691514,6.88492887],[158.33674157,6.88476473]]],[[[158.33701274,6.88502116],[158.33701249,6.88520037],[158.33720253,6.88520063],[158.33701274,6.88502116]]],[[[158.34868864,6.88494505],[158.34841563,6.88603013],[158.34895906,6.88575951],[158.34868864,6.88494505]]],[[[158.33537992,6.88764036],[158.33402264,6.88736711],[158.33402188,6.88790983],[158.33537992,6.88764036]]],[[[158.34841304,6.88792967],[158.34895536,6.88847313],[158.34895647,6.88765904],[158.34841304,6.88792967]]],[[[158.34759696,6.88901401],[158.34705575,6.88765645],[158.34678274,6.88874153],[158.34759696,6.88901401]]],[[[158.34976774,6.89010242],[158.34786812,6.88928574],[158.34840822,6.89145738],[158.34976774,6.89010242]]],[[[158.33184546,6.89089178],[158.33184564,6.8907628],[158.33178702,6.8908917],[158.33184546,6.89089178]]],[[[158.33157327,6.89136174],[158.33154037,6.89143408],[158.33157317,6.89143412],[158.33157327,6.89136174]]],[[[158.33130089,6.89196069],[158.33129372,6.89197646],[158.33130087,6.89197647],[158.33130089,6.89196069]]],[[[158.3481315,6.89525608],[158.33537689,6.88981126],[158.33482286,6.89767999],[158.3481315,6.89525608]]],[[[158.33102852,6.89255964],[158.33055378,6.89360359],[158.33102744,6.8933329],[158.33102852,6.89255964]]],[[[158.33048377,6.89375753],[158.33043045,6.89387478],[158.33048361,6.89387486],[158.33048377,6.89375753]]],[[[158.3302114,6.89435648],[158.3301838,6.89441716],[158.33021131,6.8944172],[158.3302114,6.89435648]]],[[[158.32993902,6.89495544],[158.32981383,6.89523073],[158.32993863,6.8952309],[158.32993902,6.89495544]]],[[[158.32966595,6.89604461],[158.32966664,6.89555439],[158.32944386,6.89604429],[158.32966595,6.89604461]]],[[[158.32830369,6.89929903],[158.32912174,6.89685793],[158.32776215,6.89821282],[158.32830369,6.89929903]]],[[[158.32694755,6.89820539],[158.32689663,6.8982116],[158.32694754,6.89821168],[158.32694755,6.89820539]]],[[[158.32667596,6.89823856],[158.32590795,6.89833236],[158.32640334,6.89901056],[158.32667596,6.89823856]]],[[[158.33780825,6.89876959],[158.33699364,6.89876846],[158.33699288,6.89931118],[158.3378075,6.89931232],[158.33780825,6.89876959]]],[[[158.33970939,6.89850086],[158.33943634,6.89958593],[158.33998017,6.89904396],[158.33970939,6.89850086]]],[[[158.33183519,6.89821854],[158.33183253,6.90011807],[158.33291982,6.89930551],[158.33183519,6.89821854]]],[[[158.34296709,6.89904808],[158.34269555,6.89904771],[158.34269517,6.89931907],[158.34296671,6.89931945],[158.34296709,6.89904808]]],[[[158.32681073,6.89956829],[158.32694536,6.89975261],[158.32694562,6.89956848],[158.32681073,6.89956829]]],[[[158.32884524,6.90038524],[158.32700915,6.89983993],[158.32857145,6.90197876],[158.32884524,6.90038524]]],[[[158.3356333,6.90066611],[158.33644414,6.90338086],[158.33780259,6.90284002],[158.3356333,6.90066611]]],[[[158.33155414,6.9050022],[158.33263954,6.90554644],[158.33345796,6.90283397],[158.33155414,6.9050022]]],[[[158.32584603,6.90906459],[158.32775104,6.9060823],[158.32857139,6.90202377],[158.32584603,6.90906459]]],[[[158.33155262,6.90608765],[158.33263764,6.90690325],[158.33263916,6.90581781],[158.33155262,6.90608765]]],[[[158.32530064,6.91069199],[158.32530181,6.90986398],[158.32529517,6.91454924],[158.32530064,6.91069199]]],[[[158.32664683,6.91883474],[158.32665144,6.91557841],[158.32388569,6.92100171],[158.32664683,6.91883474]]],[[[158.3051922,6.92043206],[158.30437856,6.91974835],[158.3046491,6.92043127],[158.3051922,6.92043206]]],[[[158.32365641,6.92121359],[158.32329928,6.9215436],[158.32365594,6.92154411],[158.32365641,6.92121359]]],[[[158.32311259,6.92171611],[158.32300607,6.92181455],[158.32311245,6.9218147],[158.32311259,6.92171611]]],[[[158.32284052,6.92208567],[158.32284069,6.92196738],[158.32271286,6.92208549],[158.32284052,6.92208567]]],[[[158.32256858,6.92235665],[158.32256878,6.92221864],[158.32241966,6.92235644],[158.32256858,6.92235665]]],[[[158.32229687,6.9224699],[158.32212645,6.92262738],[158.32229664,6.92262762],[158.32229687,6.9224699]]],[[[158.30763662,6.92396617],[158.30763059,6.92423466],[158.30765523,6.9242347],[158.30763662,6.92396617]]],[[[158.33532232,6.92888733],[158.33423725,6.92807172],[158.33423534,6.92942853],[158.33532232,6.92888733]]],[[[158.3100635,6.93183629],[158.3103357,6.93139329],[158.30979288,6.93119435],[158.3100635,6.93183629]]],[[[158.31142134,6.93179116],[158.31142127,6.93183826],[158.31155039,6.93183845],[158.31142134,6.93179116]]],[[[158.31169275,6.93189063],[158.31169243,6.93211002],[158.31229376,6.93211089],[158.31169275,6.93189063]]],[[[158.32200959,6.93348166],[158.32065686,6.92995203],[158.32071169,6.93429389],[158.32200959,6.93348166]]],[[[158.32254921,6.93592468],[158.3230931,6.93538273],[158.32227921,6.93483885],[158.32254921,6.93592468]]],[[[158.30216845,6.94539276],[158.30108901,6.94077805],[158.30168271,6.9477818],[158.30216845,6.94539276]]],[[[158.30506575,6.95098853],[158.30478776,6.96110177],[158.30306915,6.94892176],[158.30506575,6.95098853]]],[[[158.32738901,6.96985171],[158.32683966,6.9741927],[158.32983089,6.97148335],[158.32738901,6.96985171]]],[[[158.32084182,6.99019439],[158.32710581,6.97799214],[158.31567492,6.99480003],[158.32084182,6.99019439]]],[[[158.30560881,7.00645375],[158.30452323,7.00590943],[158.30370602,7.00753638],[158.30479161,7.0080807],[158.30560881,7.00645375]]],[[[163.0022432,5.25917364],[163.00226684,5.25918575],[163.00226688,5.25917372],[163.0022432,5.25917364]]],[[[163.00307772,5.25944755],[163.00277601,5.25944658],[163.00307723,5.25960089],[163.00307772,5.25944755]]],[[[163.00334743,5.25971965],[163.00330882,5.25971952],[163.00334736,5.25973927],[163.00334743,5.25971965]]],[[[162.98521066,5.26237358],[162.98521042,5.26244697],[162.98529893,5.26237387],[162.98521066,5.26237358]]],[[[162.97815678,5.26827265],[162.9790837,5.26750709],[162.9787004,5.26750585],[162.97815678,5.26827265]]],[[[162.97810236,5.26831759],[162.97788606,5.26831689],[162.97788565,5.26844363],[162.97810236,5.26831759]]],[[[163.01477913,5.26952063],[163.0149503,5.26973427],[163.01495097,5.26952118],[163.01477913,5.26952063]]],[[[162.92836466,5.27059497],[162.92836458,5.27061751],[162.92859006,5.27059572],[162.92836466,5.27059497]]],[[[162.92376242,5.27139329],[162.92376229,5.27143128],[162.92383935,5.27139354],[162.92376242,5.27139329]]],[[[163.01683726,5.27196832],[163.01673994,5.27196801],[163.016837,5.27205014],[163.01683726,5.27196832]]],[[[163.01737755,5.27224128],[163.0171491,5.27224055],[163.01737711,5.27237965],[163.01737755,5.27224128]]],[[[162.91969721,5.27342172],[162.92108856,5.27274045],[162.91969859,5.27300702],[162.91969721,5.27342172]]],[[[162.97272679,5.2739959],[162.97218565,5.27399413],[162.97218389,5.27453658],[162.97272503,5.27453835],[162.97272679,5.2739959]]],[[[162.96460528,5.27532549],[162.9651473,5.27505604],[162.96487898,5.27436577],[162.96460528,5.27532549]]],[[[162.91211565,5.27515134],[162.91211486,5.27538779],[162.91278604,5.2751536],[162.91211565,5.27515134]]],[[[162.9113007,5.27612391],[162.91202013,5.27542224],[162.91157362,5.27542074],[162.9113007,5.27612391]]],[[[162.91118874,5.2762331],[162.91102978,5.27623257],[162.91102925,5.27638865],[162.91118874,5.2762331]]],[[[163.02833126,5.28909282],[163.02841779,5.28919104],[163.0284181,5.2890931],[163.02833126,5.28909282]]],[[[163.02857087,5.28936482],[163.02895703,5.28980318],[163.02895841,5.28936605],[163.02857087,5.28936482]]],[[[163.02905009,5.28990882],[163.02922665,5.29010924],[163.02922728,5.28990938],[163.02905009,5.28990882]]],[[[163.03029675,5.29398135],[163.03026775,5.29398125],[163.03029553,5.29436774],[163.03029675,5.29398135]]],[[[163.03056391,5.29506715],[163.03034576,5.29506645],[163.0305547,5.29797291],[163.03056391,5.29506715]]],[[[162.90847164,5.31283829],[162.9103611,5.31420078],[162.90928611,5.3120274],[162.90847164,5.31283829]]],[[[163.03509439,5.31705183],[163.03564763,5.31325626],[163.03395305,5.31813315],[163.03509439,5.31705183]]],[[[162.92198869,5.31640981],[162.92253167,5.31586921],[162.92172084,5.31559525],[162.92198869,5.31640981]]],[[[163.03373718,5.31837554],[163.03371217,5.31840362],[163.03373709,5.3184037],[163.03373718,5.31837554]]],[[[163.03237932,5.31990021],[163.03226691,5.32002643],[163.03237892,5.32002679],[163.03237932,5.31990021]]],[[[163.03210775,5.32020514],[163.03202603,5.3202969],[163.03210746,5.32029716],[163.03210775,5.32020514]]],[[[163.02966784,5.32161314],[163.02966774,5.32164555],[163.03014337,5.32164707],[163.02966784,5.32161314]]],[[[163.03369916,5.33033804],[163.03100261,5.3273458],[163.03227184,5.33141843],[163.03369916,5.33033804]]],[[[163.03233749,5.33304606],[163.03341733,5.33386323],[163.03369312,5.33223669],[163.03233749,5.33304606]]],[[[163.03098421,5.33312192],[163.03067062,5.33331196],[163.0309836,5.33331296],[163.03098421,5.33312192]]],[[[163.03044152,5.33358247],[163.03044194,5.33345055],[163.02989909,5.33358073],[163.03044152,5.33358247]]],[[[163.02773382,5.33408947],[163.02762135,5.3341159],[163.02773373,5.33411626],[163.02773382,5.33408947]]],[[[163.03233404,5.334131],[163.03152308,5.33385717],[163.03152135,5.33439964],[163.03233404,5.334131]]],[[[163.02719166,5.33438575],[163.02719245,5.33413819],[163.02610997,5.33415251],[163.02719166,5.33438575]]],[[[163.02345574,5.33418763],[163.02208376,5.33487511],[163.02394439,5.33437532],[163.02345574,5.33418763]]],[[[163.01931465,5.33951389],[163.01932741,5.33956243],[163.01932757,5.33951393],[163.01931465,5.33951389]]],[[[163.02202581,5.34196375],[163.02337798,5.34223935],[163.02392963,5.33898629],[163.02202581,5.34196375]]],[[[162.94734238,5.34090486],[162.94896144,5.34226639],[162.94924286,5.33901264],[162.94734238,5.34090486]]],[[[163.01995722,5.34195708],[163.02012945,5.34261196],[163.02013155,5.34195765],[163.01995722,5.34195708]]],[[[162.95759156,5.35103673],[162.95759357,5.35043193],[162.95650936,5.35097077],[162.95759156,5.35103673]]],[[[162.95136524,5.35176726],[162.9510929,5.35228938],[162.95204369,5.35149831],[162.95136524,5.35176726]]],[[[162.95758366,5.35341538],[162.95759017,5.35145544],[162.95738065,5.35332024],[162.95758366,5.35341538]]],[[[162.95135892,5.35366581],[162.95432922,5.35557431],[162.95082068,5.35277203],[162.95135892,5.35366581]]],[[[162.9575778,5.35518046],[162.95731274,5.35351017],[162.95694184,5.3545475],[162.9575778,5.35518046]]],[[[162.96189983,5.35749814],[162.96676086,5.3604978],[162.96002538,5.35152493],[162.96189983,5.35749814]]],[[[162.95811857,5.35531574],[162.95771236,5.35531438],[162.9583876,5.35579078],[162.95811857,5.35531574]]],[[[162.95550328,5.35612068],[162.95541005,5.35605401],[162.95540983,5.35612037],[162.95550328,5.35612068]]],[[[162.95919828,5.35613301],[162.95848732,5.35585942],[162.95919757,5.35634829],[162.95919828,5.35613301]]],[[[162.95568002,5.35624707],[162.95567953,5.3563925],[162.95588433,5.35639318],[162.95568002,5.35624707]]],[[[162.95621995,5.35663319],[162.95621984,5.35666552],[162.95626537,5.35666568],[162.95621995,5.35663319]]],[[[162.95973859,5.35640604],[162.95927924,5.35640451],[162.96000754,5.35690581],[162.95973859,5.35640604]]],[[[162.96305094,5.35695952],[162.96271418,5.35673668],[162.96271344,5.3569584],[162.96305094,5.35695952]]],[[[162.95648991,5.35682625],[162.95648954,5.35693765],[162.95664642,5.35693817],[162.95648991,5.35682625]]],[[[162.95675988,5.35701931],[162.95675924,5.35720978],[162.95702747,5.35721067],[162.95675988,5.35701931]]],[[[162.96325421,5.35709403],[162.96325375,5.35723142],[162.9634629,5.35723212],[162.96325421,5.35709403]]],[[[162.96387485,5.35750472],[162.96352422,5.3572727],[162.96352346,5.35750355],[162.96387485,5.35750472]]],[[[162.95740852,5.35748317],[162.95729981,5.35740543],[162.95729955,5.3574828],[162.95740852,5.35748317]]],[[[162.95756977,5.35759849],[162.95756925,5.35775493],[162.95778956,5.35775566],[162.95756977,5.35759849]]],[[[162.96406426,5.35763005],[162.96406377,5.35777657],[162.9642868,5.35777731],[162.96406426,5.35763005]]],[[[162.95783974,5.35779155],[162.95783896,5.35802705],[162.95817061,5.35802816],[162.95783974,5.35779155]]],[[[162.95837967,5.35817767],[162.95837926,5.35830008],[162.95855166,5.35830066],[162.95837967,5.35817767]]],[[[162.95891957,5.35857311],[162.95931375,5.35884565],[162.95864964,5.35837073],[162.95891957,5.35857311]]],[[[162.95945954,5.35894991],[162.95945898,5.35911736],[162.95969479,5.35911815],[162.95945954,5.35894991]]],[[[162.95999929,5.35939039],[162.96045689,5.35966314],[162.95972951,5.35914297],[162.95999929,5.35939039]]],[[[162.96378778,5.35940301],[162.96363477,5.3594025],[162.96378743,5.35950758],[162.96378778,5.35940301]]],[[[162.96405748,5.35967513],[162.96403073,5.35967504],[162.96405742,5.35969342],[162.96405748,5.35967513]]],[[[162.96080938,5.35991521],[162.96080931,5.35993554],[162.96083793,5.35993563],[162.96080938,5.35991521]]],[[[162.96838455,5.36048886],[162.9683845,5.3605032],[162.96840632,5.36050327],[162.96838455,5.36048886]]],[[[162.9652186,5.36049267],[162.96540739,5.36062263],[162.96540782,5.3604933],[162.9652186,5.36049267]]],[[[162.96561455,5.36076522],[162.96567739,5.36080847],[162.96567753,5.36076543],[162.96561455,5.36076522]]],[[[163.0216933,5.36122042],[163.02170116,5.35877932],[163.02168581,5.36354715],[163.0216933,5.36122042]]],[[[162.9702753,5.36155581],[162.97027517,5.36159438],[162.97035133,5.36159464],[162.9702753,5.36155581]]],[[[162.97054545,5.36169378],[162.97054488,5.36186651],[162.97088589,5.36186764],[162.97054545,5.36169378]]],[[[162.96513093,5.36239097],[162.96621695,5.36130968],[162.96443221,5.36238864],[162.96513093,5.36239097]]],[[[162.97142046,5.36214064],[162.97135592,5.36210768],[162.97135581,5.36214043],[162.97142046,5.36214064]]],[[[162.97243654,5.36265955],[162.97243646,5.36268646],[162.9724896,5.36268664],[162.97243654,5.36265955]]],[[[162.97297588,5.36323071],[162.97571868,5.36405348],[162.9727067,5.36279751],[162.97297588,5.36323071]]],[[[162.97919293,5.36537366],[162.97919277,5.36542112],[162.97931893,5.36542154],[162.97919293,5.36537366]]],[[[162.98000371,5.36569503],[162.98075902,5.36596875],[162.9794632,5.36547636],[162.98000371,5.36569503]]],[[[163.02086579,5.36607949],[163.02063199,5.36637046],[163.02086485,5.36637121],[163.02086579,5.36607949]]],[[[163.02059407,5.36641764],[163.02041461,5.36664099],[163.02059335,5.36664157],[163.02059407,5.36641764]]],[[[163.02032236,5.36675579],[163.02019723,5.36691152],[163.02032186,5.36691192],[163.02032236,5.36675579]]],[[[163.02005036,5.36718228],[163.02005065,5.36709393],[163.01997985,5.36718205],[163.02005036,5.36718228]]],[[[163.01977887,5.36745263],[163.01977894,5.36743208],[163.01976247,5.36745258],[163.01977887,5.36745263]]],[[[163.01950722,5.36777023],[163.01932771,5.36799364],[163.0195065,5.36799422],[163.01950722,5.36777023]]],[[[162.98649043,5.36814663],[162.9864904,5.36815751],[162.9865193,5.3681576],[162.98649043,5.36814663]]],[[[163.01923551,5.36810838],[163.01911033,5.36826417],[163.01923501,5.36826457],[163.01923551,5.36810838]]],[[[163.00545688,5.36849096],[163.0042001,5.3683331],[163.00379135,5.36848553],[163.00545688,5.36849096]]],[[[163.01815165,5.36853229],[163.01815183,5.36847734],[163.01789879,5.36853147],[163.01815165,5.36853229]]],[[[163.00326723,5.3686173],[163.00268484,5.36875314],[163.00326678,5.36875505],[163.00326723,5.3686173]]],[[[162.98811234,5.36869323],[162.9881123,5.36870531],[162.98815733,5.36870546],[162.98811234,5.36869323]]],[[[163.01706859,5.36870908],[163.01664988,5.36879865],[163.0170683,5.36880001],[163.01706859,5.36870908]]],[[[162.98896468,5.36892486],[162.98865309,5.36884018],[162.99189247,5.36926021],[162.98896468,5.36892486]]],[[[163.01598407,5.36933896],[163.01652697,5.36882495],[163.01415211,5.36933301],[163.01598407,5.36933896]]],[[[163.00894798,5.36931606],[163.013277,5.36960139],[163.00867873,5.36889566],[163.00894798,5.36931606]]],[[[162.99244016,5.36932295],[162.99243948,5.36953324],[162.99433039,5.36953946],[162.99244016,5.36932295]]],[[[162.99676844,5.36981869],[162.99920311,5.37009791],[163.00245475,5.36880681],[162.99676844,5.36981869]]],[[[160.70470154,6.19755235],[160.70417578,6.19755404],[160.70417646,6.19776492],[160.70470154,6.19755235]]],[[[160.70402607,6.1978258],[160.7039056,6.19782618],[160.70390575,6.1978745],[160.70402607,6.1978258]]],[[[160.70770038,6.19781397],[160.70645375,6.19727545],[160.70743652,6.20005173],[160.70770038,6.19781397]]],[[[160.70962482,6.20620297],[160.70908012,6.20540506],[160.70872698,6.20540619],[160.70962482,6.20620297]]],[[[160.71071218,6.20716794],[160.71071173,6.2070274],[160.71055439,6.20702791],[160.71071218,6.20716794]]],[[[160.71098402,6.20740918],[160.71098366,6.20729779],[160.71085896,6.20729819],[160.71098402,6.20740918]]],[[[160.7112556,6.20756818],[160.71116352,6.20756848],[160.71125586,6.20765042],[160.7112556,6.20756818]]],[[[160.71152753,6.20783857],[160.71146809,6.20783876],[160.71152771,6.20789166],[160.71152753,6.20783857]]],[[[160.71179947,6.20810896],[160.71177266,6.20810904],[160.71179955,6.20813291],[160.71179947,6.20810896]]],[[[160.71261536,6.20894434],[160.71261528,6.20892012],[160.71260453,6.20892016],[160.71261536,6.20894434]]],[[[160.71288839,6.20955423],[160.7128881,6.20946178],[160.71284706,6.20946191],[160.71288839,6.20955423]]],[[[160.71316091,6.21000343],[160.7130896,6.21000366],[160.71316143,6.21016412],[160.71316091,6.21000343]]],[[[160.71321086,6.21027454],[160.71370848,6.2116854],[160.71370479,6.2105442],[160.71321086,6.21027454]]],[[[160.70665805,6.21083825],[160.7042183,6.21078674],[160.70557555,6.21138428],[160.70665805,6.21083825]]],[[[160.71398234,6.21255119],[160.71398199,6.21244218],[160.7139479,6.21244229],[160.71398234,6.21255119]]],[[[160.71562557,6.21774608],[160.71562506,6.21759095],[160.71557655,6.2175911],[160.71562557,6.21774608]]],[[[160.70452536,6.22196717],[160.71128845,6.21381783],[160.69539738,6.22480845],[160.70452536,6.22196717]]],[[[160.71589701,6.21786133],[160.71566226,6.21786209],[160.71589944,6.21861191],[160.71589701,6.21786133]]],[[[160.69246453,6.21902198],[160.69177556,6.21902419],[160.6917764,6.21928683],[160.69246453,6.21902198]]],[[[160.71590106,6.21911216],[160.71584958,6.21921782],[160.71590141,6.21921765],[160.71590106,6.21911216]]],[[[160.69421605,6.21928764],[160.6925879,6.21875031],[160.6954541,6.22118256],[160.69421605,6.21928764]]],[[[160.71509261,6.22057662],[160.71536191,6.22003321],[160.7145742,6.2205783],[160.71509261,6.22057662]]],[[[160.70695961,6.22029441],[160.70695973,6.2203317],[160.70703814,6.22033144],[160.70695961,6.22029441]]],[[[160.7076095,6.22060086],[160.70750257,6.22055044],[160.70750274,6.22060121],[160.7076095,6.22060086]]],[[[160.6963959,6.22280716],[160.69639329,6.22199336],[160.69503881,6.22226898],[160.6963959,6.22280716]]],[[[160.69747765,6.22551639],[160.69776027,6.22561257],[160.69775996,6.22551548],[160.69747765,6.22551639]]],[[[160.705078,6.22522062],[160.70371478,6.2227836],[160.70303261,6.22753513],[160.705078,6.22522062]]],[[[160.69343706,6.22997435],[160.6934376,6.23014097],[160.69355837,6.23014058],[160.69343706,6.22997435]]],[[[160.69570684,6.23063815],[160.69615008,6.23067479],[160.69614974,6.23056833],[160.69570684,6.23063815]]],[[[159.75904427,6.66787605],[159.75931442,6.66706156],[159.75904203,6.66642335],[159.75904427,6.66787605]]],[[[159.75877412,6.66869054],[159.7587737,6.66841918],[159.75854202,6.6686909],[159.75877412,6.66869054]]],[[[159.75850283,6.6687666],[159.75826082,6.66923405],[159.75850355,6.66923368],[159.75850283,6.6687666]]],[[[159.75770269,6.67791841],[159.75497392,6.66833359],[159.75473325,6.68839052],[159.75770269,6.67791841]]],[[[159.76449589,6.68306373],[159.75851524,6.67683172],[159.76812553,6.69233715],[159.76449589,6.68306373]]],[[[159.75994164,6.69256835],[159.75989653,6.69253662],[159.75989658,6.69256842],[159.75994164,6.69256835]]],[[[153.53711176,5.49119184],[153.53684312,5.49363452],[153.53914292,5.4898331],[153.53711176,5.49119184]]],[[[153.71271555,5.5084575],[153.71258435,5.50900041],[153.71285518,5.50900008],[153.71271555,5.5084575]]],[[[158.30454251,6.99288421],[158.30399933,6.9928834],[158.30399893,6.99315476],[158.30454211,6.99315556],[158.30454251,6.99288421]]],[[[151.90474227,7.14804382],[151.90610236,7.14727488],[151.90082097,7.14939113],[151.90474227,7.14804382]]],[[[151.94408001,7.17065618],[151.94519337,7.17093007],[151.9438889,7.17027783],[151.94408001,7.17065618]]],[[[151.54229144,7.42836782],[151.54092359,7.43107621],[151.54771458,7.43218364],[151.54229144,7.42836782]]],[[[146.32226154,7.4728469],[146.32335156,7.47122044],[146.32090006,7.47420158],[146.32226154,7.4728469]]]]}},{"type":"Feature","id":"marine-8317","properties":{"code1":"nr","name1":"Nauru","code2":"","name2":"","code3":"","name3":"","aidCode1":"nr","aidName1":"Nauru","aidCode2":"","aidName2":"","aidCode3":"","aidName3":"","selectionAid":true,"preserveOverviewDetail":false,"selectionAidRadiusNm":null},"geometry":{"type":"MultiPolygon","coordinates":[[[[168.29038611,-0.29536111],[167.86841111,-3.77067222],[167.52651259,-3.85399984],[166.20358241,-3.82650062],[165.00682048,-3.29619605],[164.11484044,-2.36512762],[163.63290453,-1.1369715],[163.62969161,0.05183241],[164.05457172,1.19950359],[164.85209391,2.11708351],[165.91330558,2.69026063],[168.55985822,1.77884046],[168.29038611,-0.29536111]]]]}},{"type":"Feature","id":"marine-8318","properties":{"code1":"mh","name1":"Marshall Islands","code2":"","name2":"","code3":"","name3":"","aidCode1":"mh","aidName1":"Marshall Islands","aidCode2":"","aidName2":"","aidCode3":"","aidName3":"","selectionAid":true,"preserveOverviewDetail":false,"selectionAidRadiusNm":null},"geometry":{"type":"MultiPolygon","coordinates":[[[[157.4638889,10.42361111],[158.04246276,11.81545061],[158.79314655,12.57007473],[159.45454552,13.74402843],[160.38239451,14.52826279],[161.84559045,15.02185536],[162.8113314,14.98994825],[163.71864583,14.70151245],[165.45900803,15.07427646],[165.71306123,16.04709344],[169.91119052,17.93863118],[170.93046344,17.47083301],[171.76498333,16.70105575],[172.27768705,15.76860307],[172.46471232,14.73727799],[173.25674838,13.64467985],[173.55398003,12.38623881],[174.12185557,11.28824699],[174.54072088,9.38767389],[175.17783238,8.03791307],[175.51225331,5.61249581],[172.37841111,4.56841667],[170.83274722,4.25986389],[170.07873889,2.00928611],[168.56024444,1.77731389],[165.92438815,2.69385081],[165.64314082,3.16833234],[165.5097222,6.28361111],[163.08547509,8.04912078],[162.60743078,7.85803332],[161.0002778,7.98611111],[159.4036111,8.55722222],[157.4638889,10.42361111]]]]}},{"type":"Feature","id":"marine-8319","properties":{"code1":"um","name1":"Wake Island / Enenkio","code2":"","name2":"","code3":"","name3":"","aidCode1":"um","aidName1":"Wake Island / Enenkio","aidCode2":"","aidName2":"","aidCode3":"","aidName3":"","selectionAid":true,"preserveOverviewDetail":false,"selectionAidRadiusNm":null},"geometry":{"type":"MultiPolygon","coordinates":[[[[169.88415282,17.9460615],[165.71321428,16.04744367],[165.30902064,16.18112165],[164.18204258,16.87778522],[163.39345475,17.93199845],[163.0729779,19.20036828],[163.2756134,20.46799349],[164.01483293,21.61078037],[165.19605096,22.39511528],[166.58878654,22.66986748],[167.99561278,22.41192648],[169.15897676,21.68223298],[169.92746766,20.57769381],[170.18483075,19.24161435],[169.88415282,17.9460615]]]]}},{"type":"Feature","id":"marine-8321","properties":{"code1":"tw","name1":"Taiwan","code2":"","name2":"","code3":"","name3":"","aidCode1":"","aidName1":"","aidCode2":"","aidName2":"","aidCode3":"","aidName3":"","selectionAid":false,"preserveOverviewDetail":false,"selectionAidRadiusNm":null},"geometry":{"type":"MultiPolygon","coordinates":[[[[122.87481186,25.21519515],[122.45387609,24.6569885],[122.40919877,24.06815865],[122.99479163,22.8783058],[123.54476075,22.25356295],[121.60955301,21.49814269],[120.40374611,20.62769613],[119.07641296,20.26424464],[117.77088085,18.27606402],[116.40265011,17.2638753],[115.26496942,17.55854074],[114.2915703,18.19110115],[114.23736254,18.86849925],[115.43573899,21.08944363],[116.67105894,21.83550646],[118.29364628,21.77204496],[118.45639688,23.10425522],[118.71126173,23.70726042],[121.70244951,26.48174149],[122.61068586,26.9313599],[122.87481186,25.21519515]]]]}},{"type":"Feature","id":"marine-8322","properties":{"code1":"ph","name1":"Philippines","code2":"","name2":"","code3":"","name3":"","aidCode1":"","aidName1":"","aidCode2":"","aidName2":"","aidCode3":"","aidName3":"","selectionAid":false,"preserveOverviewDetail":false,"selectionAidRadiusNm":null},"geometry":{"type":"MultiPolygon","coordinates":[[[[125.56744923,21.1222973],[126.00952367,17.01862703],[127.0142841,16.15758375],[128.47331717,13.89157734],[129.24717013,11.62393052],[129.94238628,7.83126098],[129.5289745,6.40556886],[127.195,6.4225],[125.47222222,5.04666667],[124.85472222,4.96166667],[122.93416667,3.81611111],[119.92611111,3.11138889],[119.00878341,4.57833236],[119.48805341,5.19215993],[119.4109824,5.58146914],[118.01868886,6.21938225],[118.04492634,6.78977527],[117.27126913,7.52138108],[115.77389518,7.8200448],[113.68736323,8.99901059],[114.42581722,10.44569854],[115.85612155,12.02297873],[116.5086675,13.28739487],[116.28637638,15.96290097],[116.45730316,17.2993101],[117.80654049,18.31617723],[119.07641296,20.26424464],[120.39248704,20.62215494],[121.60955301,21.49814269],[123.54476075,22.25356295],[125.56744923,21.1222973]]]]}},{"type":"Feature","id":"marine-8323","properties":{"code1":"au","name1":"Australia","code2":"","name2":"","code3":"","name3":"","aidCode1":"","aidName1":"","aidCode2":"","aidName2":"","aidCode3":"","aidName3":"","selectionAid":false,"preserveOverviewDetail":false,"selectionAidRadiusNm":null},"geometry":{"type":"MultiPolygon","coordinates":[[[[135.48333333,-9.13333333],[138.21666667,-10.15],[139.2,-10.83333333],[139.3833333,-11.15],[140,-10.98333333],[141.98566563,-9.77546352],[143.81606549,-9.37143847],[144.74296198,-9.86367291],[146.49020825,-12.31971923],[148.09930339,-13.18094008],[152.1166667,-14.63333333],[154.26648385,-14.74545303],[157,-14.066667],[158.76083333,-15.73527778],[156.94555556,-18.54027778],[156.25555556,-19.28666667],[157.0525,-20.54111111],[157.31194444,-22.52722222],[158.58769108,-25.09241137],[157.97324102,-25.76824405],[157.13662877,-26.27449756],[157.18336446,-26.5476151],[158.42720217,-26.13736761],[159.73526941,-26.12728999],[160.99731811,-26.52727939],[162.02348309,-27.27971504],[162.6001224,-28.07333677],[162.90658069,-28.94571628],[162.91045681,-30.57771606],[163.18965399,-31.72988152],[163.06545481,-32.68736409],[162.65955098,-33.51551462],[161.99883184,-34.21868279],[161.12362403,-34.74696149],[160.10206927,-35.05551519],[159.02293548,-35.12036343],[157.96042099,-34.93852846],[157.02872054,-34.53908774],[156.14822869,-33.88339206],[155.06327454,-35.09847654],[154.29503249,-36.88215226],[153.91713519,-38.7082122],[152.82108408,-40.01462999],[152.82458453,-42.7301633],[152.26816894,-44.51606398],[151.32939498,-45.57801249],[149.18728673,-46.81237618],[147.71898471,-47.15225244],[146.22926866,-47.15232596],[144.40788671,-46.77301388],[142.99060516,-46.10914666],[141.40765839,-44.53004036],[140.40335845,-42.17850693],[139.89747771,-41.53118713],[137.96944585,-40.68744696],[136.78895571,-39.71648105],[134.90292835,-39.17348025],[133.2300459,-37.93825418],[132.13757431,-37.41881427],[131.2378016,-36.57936995],[130.45812376,-35.17988464],[130.04063141,-34.99314316],[127.59250415,-35.6039261],[126.21591109,-36.90248983],[124.92807055,-37.51941226],[122.20098343,-37.80796486],[120.84720684,-37.68022416],[119.31540966,-38.32550388],[117.95002506,-38.52886253],[115.38519987,-38.28614046],[114.12622783,-37.89494153],[112.1001826,-36.63583458],[111.15392986,-35.29339236],[110.97058291,-33.61515877],[111.50180671,-31.95258275],[110.06648956,-29.73379642],[109.81374723,-28.65586739],[109.85405655,-27.70701088],[109.36578169,-26.56855878],[109.2469781,-25.34897944],[110.01185904,-22.89904166],[110.151192,-21.76358481],[110.66296187,-20.56408775],[112.73128627,-18.06999462],[113.98742636,-17.19920564],[115.47384671,-16.92093192],[115.81064414,-16.03517909],[116.41669475,-15.2067153],[118.28694662,-14.05669471],[118.41225,-13.24266666],[120.01302778,-13.94213889],[122.5185,-12.84116667],[122.54002778,-12.11238889],[122.89019444,-11.80891667],[123.36222222,-11.85891667],[123.5655,-12.24630556],[127.65911389,-11.077125],[128.23333333,-10.46666667],[129.5,-9.75],[131.46666667,-9.7],[133.38333333,-8.88333333],[134.83333333,-9.41666667],[135.48333333,-9.13333333]]],[[[141.44668747,-9.77241338],[141.4745933,-9.85544452],[141.38057519,-9.87126465],[141.44668747,-9.77241338]]],[[[141.57958007,-9.44780799],[141.61359345,-9.64494488],[141.47992545,-9.53622535],[141.57958007,-9.44780799]]],[[[142.23280539,-9.49623241],[142.2988889,-9.63137768],[142.13345988,-9.5739988],[142.23280539,-9.49623241]]],[[[142.84965175,-9.36164783],[142.52426299,-9.48799877],[142.50972229,-9.36555587],[142.84965175,-9.36164783]]],[[[144.13485479,-9.30725204],[144.27771991,-9.36339681],[144.08914951,-9.39796996],[144.13485479,-9.30725204]]],[[[142.26571843,-9.22316021],[142.29075338,-9.34712414],[142.11112845,-9.33211454],[142.26571843,-9.22316021]]],[[[143.93918497,-9.14622553],[143.84814254,-9.22242488],[143.85865813,-9.0931758],[143.93918497,-9.14622553]]]]}},{"type":"Feature","id":"marine-8324","properties":{"code1":"pg","name1":"Papua New Guinea","code2":"","name2":"","code3":"","name3":"","aidCode1":"","aidName1":"","aidCode2":"","aidName2":"","aidCode3":"","aidName3":"","selectionAid":false,"preserveOverviewDetail":false,"selectionAidRadiusNm":null},"geometry":{"type":"MultiPolygon","coordinates":[[[[151.39586367,1.6364603],[152.6644444,-0.24555556],[153.9102778,-0.98055556],[157.29031319,-1.17076403],[157.82646868,-1.45392887],[159.01300148,-1.10262905],[160.28640228,-1.21362541],[161.66710322,-1.98929043],[162.62048735,-3.39842195],[162.80340469,-4.13902052],[160.48027778,-4.75138889],[158.23527778,-4.87166667],[156.03585303,-6.54998497],[155.9230556,-6.84722222],[155.11222248,-7.24666648],[154.58555556,-8.135],[157.16111111,-11.37388889],[157.60083333,-12.43638889],[157.03834062,-14.06775663],[154.25,-14.75],[152.13372415,-14.63434437],[151.32528346,-14.35395509],[148.0833333,-13.175],[146.5,-12.33333333],[144.7333333,-9.85],[143.8,-9.36666667],[142.86666703,-9.67407731],[142.82103339,-9.32740297],[142.215,-9.18944444],[142.06805657,-9.25233387],[142.0583333,-9.75666667],[140.01444474,-10.97462606],[139.37499144,-11.13560861],[139.20832489,-10.8477298],[140.48333333,-9.86666667],[141.01944444,-9.12777778],[142.03125,-9.17047977],[141.92399144,-8.85879171],[142.07423651,-8.79608214],[142.62342477,-9.33004856],[143.41886294,-8.96526218],[143.10844743,-8.45386922],[142.09940171,-8.23367965],[141.21382904,-7.40384603],[141.31700671,-7.58370531],[141.52853656,-7.43968165],[141.41291535,-7.6210643],[142.01927757,-7.984375],[141.9983803,-8.15616214],[142.97608864,-8.33705318],[143.66688478,-8.23411024],[143.25545311,-7.81195176],[143.92115033,-7.99707043],[143.57904375,-7.27065444],[143.82571506,-7.65476847],[144.13588667,-7.78932285],[143.98457217,-7.46917653],[144.20271254,-7.74076295],[144.25115621,-7.3828125],[143.98250437,-7.08042681],[144.37152874,-7.45681155],[144.46684766,-7.3301357],[144.67452466,-7.49271595],[144.71455812,-7.31117642],[144.75746071,-7.65557766],[144.81677973,-7.50379694],[145.0172255,-7.55561554],[144.85966885,-7.59065294],[145.01464427,-7.80158043],[145.3210057,-7.09642756],[144.78712106,-6.88999295],[145.31977582,-7.08982456],[145.30621123,-7.35510755],[145.09657252,-7.39790773],[145.17474473,-7.79914701],[145.4227792,-7.93691242],[145.45131314,-7.69589913],[145.43048036,-7.94050086],[146.08291435,-8.09354615],[146.59158087,-8.99664044],[146.95517266,-9.01093471],[146.89824414,-9.26921463],[147.72376525,-10.09216702],[148.22189808,-10.01832426],[149.75626671,-10.34814966],[150.23439908,-10.69472575],[150.69608247,-10.56146264],[150.35712063,-10.39933717],[150.87356484,-10.23223305],[149.92240405,-10.05543566],[149.71357644,-9.8093667],[150.05508625,-9.72442806],[149.45645702,-9.61320817],[149.17662871,-9.36428583],[149.28371024,-9.01697206],[148.60716236,-9.08646631],[148.43274045,-8.67775965],[148.05507231,-8.47792733],[148.23150766,-8.46273565],[148.12363827,-8.05606401],[147.70276701,-7.93137205],[147.19445157,-7.46516216],[146.97765696,-6.73741734],[147.81192684,-6.68893564],[147.81237507,-6.32910144],[147.56240106,-6.05127442],[145.76510954,-5.48071826],[145.79708135,-4.84185243],[144.66478193,-4.02363133],[144.65030503,-4.49288034],[144.54636526,-3.91024506],[143.83270681,-4.14053035],[143.8368566,-4.63422346],[143.85459566,-4.18266821],[143.59445441,-4.18092084],[144.47508383,-3.82575226],[141.01477826,-2.6126585],[141.4,-1.07638889],[140.80972222,1.02638889],[141.90918407,1.69676365],[145.09214829,2.59336486],[146.44409258,2.39632754],[147.82676688,1.59132414],[149.49426748,2.03745982],[151.39586367,1.6364603]]]]}},{"type":"Feature","id":"marine-8325","properties":{"code1":"fj","name1":"Fiji","code2":"","name2":"","code3":"","name3":"","aidCode1":"fj","aidName1":"Fiji","aidCode2":"","aidName2":"","aidCode3":"","aidName3":"","selectionAid":true,"preserveOverviewDetail":false,"selectionAidRadiusNm":null},"geometry":{"type":"MultiPolygon","coordinates":[[[[-178.56580434,-15.24816664],[-177.38230382,-15.91745857],[-176.27316604,-17.69376511],[-176.99965653,-20.96017787],[-179.08824883,-24.38195872],[-179.98795142,-24.21726935],[-180,-16.96735477],[-179.82585275,-16.78600371],[-179.98471916,-16.77712476],[-180,-16.52790165],[-180,-12.93801413],[-179.81971677,-12.8205077],[-179.51079206,-13.30223932],[-179.24830305,-14.77607833],[-178.56580434,-15.24816664]]],[[[179.28011393,-12.91382918],[179.53505556,-13.24038611],[180,-12.93801413],[180,-24.21351148],[178.89785053,-23.65055762],[178.07999599,-22.77194799],[177.53490158,-23.76575751],[176.64707346,-24.54253317],[175.49646161,-25.00336083],[174.27569259,-25.07353379],[172.76472222,-20.0225],[173.60893257,-18.550005],[173.39481961,-17.3142701],[173.53371605,-16.28572068],[174.42037099,-14.78718917],[173.87082362,-13.98802292],[173.57965328,-13.12154742],[173.77324766,-11.25696204],[174.25227405,-10.43918394],[174.94181966,-9.78332062],[176.23529167,-9.83184167],[177.18518611,-10.11189722],[179.28011393,-12.91382918]]]]}},{"type":"Feature","id":"marine-8326","properties":{"code1":"tv","name1":"Tuvalu","code2":"","name2":"","code3":"","name3":"","aidCode1":"tv","aidName1":"Tuvalu","aidCode2":"","aidName2":"","aidCode3":"","aidName3":"","selectionAid":true,"preserveOverviewDetail":false,"selectionAidRadiusNm":null},"geometry":{"type":"MultiPolygon","coordinates":[[[[-179.30818889,-12.48558056],[-180,-12.93801413],[-180,-4.06164558],[-178.47781667,-5.68027222],[-177.10513611,-7.93298333],[-176.767775,-9.143175],[-176.7841,-9.86469722],[-177.71448889,-10.8325],[-178.27368333,-11.80311389],[-179.30818889,-12.48558056]]],[[[180,-4.06164558],[180,-12.93801413],[179.53505556,-13.24038611],[177.19755278,-10.12989722],[176.23529167,-9.83184167],[174.94388889,-9.784925],[174.61076944,-9.453925],[173.29090556,-7.74214722],[172.81796667,-6.49186111],[172.714575,-5.47954444],[172.98771667,-4.30999167],[173.57529722,-4.13131667],[176.14774722,-4.0752],[177.28280833,-4.36169722],[180,-4.06164558]]]]}},{"type":"Feature","id":"marine-8327","properties":{"code1":"kr","name1":"South Korea","code2":"","name2":"","code3":"","name3":"","aidCode1":"","aidName1":"","aidCode2":"","aidName2":"","aidCode3":"","aidName3":"","selectionAid":false,"preserveOverviewDetail":false,"selectionAidRadiusNm":null},"geometry":{"type":"MultiPolygon","coordinates":[[[[133.74579162,39.72668659],[133.80608782,39.08933244],[132.10247556,36.95183545],[130.27333333,35.11666667],[129.21666667,34.84333333],[126.85833333,32.175],[125.925,30.77],[123.65635368,33.00269646],[122.89633519,34.80514681],[123.90087916,35.85425801],[124.03725609,36.68764293],[123.45684359,38.1356028],[123.56225746,38.22068831],[124.84817405,37.97477837],[124.64929254,36.96682946],[125.41001419,37.27896915],[125.64704517,37.68920111],[126.59466503,37.76504664],[126.83676112,37.96875],[126.66930485,37.69524682],[126.79321218,37.61950397],[126.53871667,37.77070153],[126.60100925,37.55847955],[126.36830545,37.44782817],[126.58387077,37.49455762],[126.53776324,37.28741765],[126.8028537,37.29534376],[126.6624701,37.27086604],[126.74874806,37.02926195],[127.04648864,36.99099004],[126.35398126,37.01969624],[126.1236037,36.71971166],[126.55543053,36.50572038],[126.68963647,36.00621605],[126.98800683,36.14634132],[126.89096773,36.27849972],[127.10075951,36.46760023],[127.44563842,36.45044637],[127.39145446,36.32817638],[127.36140323,36.51742411],[127.06726217,36.44274211],[126.89306462,36.26917434],[127.00832558,36.15565515],[126.52135086,35.97257495],[126.88643086,35.91484892],[126.47051001,35.64238322],[126.67357552,35.58534181],[126.30127084,35.22936285],[126.41174245,34.84540164],[126.56654513,34.98697627],[126.37191153,34.75394535],[126.62282968,34.63217282],[126.36307991,34.67319477],[126.51613736,34.41477382],[126.78735065,34.63981581],[126.93898165,34.44780827],[127.32665706,34.73580861],[127.12126172,34.53394794],[127.43033707,34.53720677],[127.48238027,34.84140706],[127.62739944,34.62937295],[127.75553715,34.73806763],[127.64815772,35.15976536],[128.41544986,34.86714387],[128.57642841,35.19933701],[128.83244503,35.07732856],[128.91971385,35.21548414],[128.91235256,35.07855642],[129.00566423,35.25390112],[128.95887744,35.04957676],[129.19184327,35.15879905],[129.58218014,36.02803898],[129.29084635,35.99365425],[129.47739065,36.73266733],[129.34942305,37.24842787],[128.36367726,38.60438967],[133.1772045,39.83907779],[133.74579162,39.72668659]]]]}},{"type":"Feature","id":"marine-8328","properties":{"code1":"kp","name1":"North Korea","code2":"","name2":"","code3":"","name3":"","aidCode1":"","aidName1":"","aidCode2":"","aidName2":"","aidCode3":"","aidName3":"","selectionAid":false,"preserveOverviewDetail":false,"selectionAidRadiusNm":null},"geometry":{"type":"MultiPolygon","coordinates":[[[[124.59088731,40.2659868],[124.31713414,39.91901231],[124.61853004,39.59100008],[124.75943363,39.78952146],[125.29685104,39.52430093],[125.60016584,39.83855832],[125.48313057,39.62986052],[125.76042712,39.66363847],[125.42377424,39.57139826],[125.14694023,38.88072205],[125.61559546,38.65549696],[125.52336454,38.82793474],[125.62787902,38.72775078],[125.17586052,38.671875],[124.66185677,38.14003611],[125.27050042,38.06909323],[124.98113585,37.93823814],[125.43384492,37.84343255],[125.32238495,37.72649384],[125.64256394,37.89782083],[125.5767256,38.00954843],[126.08667183,37.75590491],[126.57161975,37.77553308],[125.75636245,37.73285596],[125.41001419,37.27896915],[124.65023427,36.9670861],[124.90224842,37.66663933],[124.7401761,38.04081551],[123.56225746,38.22068831],[124.03775718,38.88509966],[124.17037733,39.82297735],[124.59088731,40.2659868]]],[[[130.66685509,42.38053675],[131.14986915,41.33797535],[133.1800451,39.83969112],[128.44472752,38.62192608],[127.38660336,39.20322168],[127.56475544,39.62681305],[127.38443995,39.64592636],[127.58063924,39.81477106],[128.66503084,40.20404065],[129.2128731,40.69471014],[129.73045933,40.85800815],[129.70470381,41.67081571],[130.38182294,42.33140945],[130.66685509,42.38053675]]]]}},{"type":"Feature","id":"marine-8331","properties":{"code1":"kh","name1":"Cambodia","code2":"","name2":"","code3":"","name3":"","aidCode1":"","aidName1":"","aidCode2":"","aidName2":"","aidCode3":"","aidName3":"","selectionAid":false,"preserveOverviewDetail":false,"selectionAidRadiusNm":null},"geometry":{"type":"MultiPolygon","coordinates":[[[[104.51592004,10.41380368],[104.49908721,10.40336454],[104.51874661,10.42009854],[104.51592004,10.41380368]]],[[[102.92825794,11.77553225],[103.07738435,11.72289205],[102.96891165,11.52351081],[103.25264168,11.36261761],[103.1344583,11.45800746],[103.09512293,10.93505454],[103.42595983,10.89465284],[103.44299066,11.24174225],[103.78298795,11.14054334],[103.49054384,10.62246084],[103.62944841,10.48999965],[103.85417712,10.69794464],[104.06803918,10.54722846],[104.16180754,10.67561901],[104.43791032,10.42441916],[104.20212225,10.31780652],[103.98064349,10.51166316],[103.62259338,10.23115392],[103.5008426,9.8461535],[102.20323728,8.78188206],[101.68959665,9.38794459],[101.31067636,10.69549634],[102.54600237,11.29185458],[102.92825794,11.77553225]]]]}},{"type":"Feature","id":"marine-8332","properties":{"code1":"th","name1":"Thailand","code2":"","name2":"","code3":"","name3":"","aidCode1":"","aidName1":"","aidCode2":"","aidName2":"","aidCode3":"","aidName3":"","selectionAid":false,"preserveOverviewDetail":false,"selectionAidRadiusNm":null},"geometry":{"type":"MultiPolygon","coordinates":[[[[98.75390625,10.37109375],[98.22631621,8.73421097],[98.28228903,8.20463645],[98.66442752,8.45300007],[98.74731243,8.06013191],[99.16076255,7.80476797],[99.39214206,7.31512165],[99.61432171,7.43331015],[99.52234435,7.25969684],[100.11847007,6.44177437],[99.51166667,6.48166667],[99.45833333,6.30666667],[98.025,5.95],[97.9,6.36333333],[95.53,7.78333333],[95.69666667,7.95833333],[95.59522186,9.6245709],[96.49305556,9.75833333],[98.11589877,9.42939011],[98.75390625,10.37109375]]],[[[101.19410455,13.72340608],[100.91674936,13.31472945],[100.85682333,12.6489253],[101.79838014,12.721982],[102.57621753,12.05071235],[102.51910925,12.29439664],[102.90586495,11.71349084],[102.54600237,11.29185458],[101.30695028,10.71840251],[101.77764837,9.22635192],[103.04166667,7.8],[102.08231785,6.22908781],[101.52610862,6.86471057],[101.01000452,6.85546875],[100.58003378,7.23028195],[100.42002761,7.16185415],[100.14795125,7.72096062],[100.28411961,7.79683995],[100.56628525,7.18865085],[99.86980784,9.23759174],[99.26256621,9.22037637],[99.140625,9.79324782],[99.14706933,10.34485865],[100.01094973,12.17848015],[100.06707025,13.15691066],[99.92435515,13.4895401],[100.02255285,13.36135244],[100.26102734,13.48017097],[100.22935426,13.66437125],[100.94142985,13.46250927],[101.19410455,13.72340608]]]]}},{"type":"Feature","id":"marine-8333","properties":{"code1":"in-an","name1":"Andaman and Nicobar","code2":"","name2":"","code3":"","name3":"","aidCode1":"in-an","aidName1":"Andaman and Nicobar","aidCode2":"","aidName2":"","aidCode3":"","aidName3":"","selectionAid":true,"preserveOverviewDetail":false,"selectionAidRadiusNm":null},"geometry":{"type":"MultiPolygon","coordinates":[[[[90.22874354,15.71683539],[93.68305556,13.57166667],[93.83333333,13.8],[95.03333333,13.8],[95.68333333,12.90194444],[95.26611111,10.46666667],[95.60343096,9.58428691],[95.69666667,7.95833333],[93.68666667,5.42222222],[92.16011405,3.84065779],[91.31328108,4.52162274],[90.66400802,5.50407511],[89.55302244,8.00717989],[88.86330365,10.45292226],[88.90622824,12.44014433],[89.61848981,14.65791853],[90.22874354,15.71683539]]]]}},{"type":"Feature","id":"marine-8334","properties":{"code1":"km","name1":"Comores","code2":"","name2":"","code3":"","name3":"","aidCode1":"km","aidName1":"Comores","aidCode2":"","aidName2":"","aidCode3":"","aidName3":"","selectionAid":true,"preserveOverviewDetail":false,"selectionAidRadiusNm":null},"geometry":{"type":"MultiPolygon","coordinates":[[[[45.7675,-11.13972222],[43.49080415,-14.45340415],[43.01167026,-14.44393834],[42.33793701,-13.4982262],[41.8351774,-11.89262926],[42.74574714,-8.50742266],[43.16588474,-8.11458878],[44.66520142,-10.17121287],[45.7675,-11.13972222]]]]}},{"type":"Feature","id":"marine-8337","properties":{"code1":"sc","name1":"Seychelles","code2":"","name2":"","code3":"","name3":"","aidCode1":"sc","aidName1":"Seychelles","aidCode2":"","aidName2":"","aidCode3":"","aidName3":"","selectionAid":true,"preserveOverviewDetail":false,"selectionAidRadiusNm":null},"geometry":{"type":"MultiPolygon","coordinates":[[[[43.27404889,-7.73629775],[44.1730382,-6.7121063],[45.41245959,-6.11948651],[46.79777651,-6.03983536],[48.83023564,-6.54798503],[49.44896033,-6.22532861],[49.71755064,-4.86083252],[50.84909713,-2.70115542],[51.64189255,-2.02161311],[52.59891697,-1.62134792],[53.42143024,-0.88052644],[54.34946183,-0.47287779],[55.7251954,-0.40212604],[57.43480903,-0.9559547],[58.42392676,-1.90937747],[59.15209565,-3.48479364],[59.19111111,-5.41166667],[59.62937193,-6.740839],[59.38862319,-8.43048195],[54.48224822,-8.97627586],[53.91854864,-9.64277919],[53.80398099,-12.50730238],[53.36642435,-12.75650101],[50.8929301,-11.7177276],[49.36280001,-10.33732473],[48.48650137,-11.02116771],[46.91111111,-10.65027778],[45.7675,-11.13972222],[44.44820212,-9.90002527],[43.17606915,-8.10518206],[43.27404889,-7.73629775]]]]}},{"type":"Feature","id":"marine-8338","properties":{"code1":"re","name1":"Réunion","code2":"","name2":"","code3":"","name3":"","aidCode1":"re","aidName1":"Réunion","aidCode2":"","aidName2":"","aidCode3":"","aidName3":"","selectionAid":true,"preserveOverviewDetail":false,"selectionAidRadiusNm":null},"geometry":{"type":"MultiPolygon","coordinates":[[[[58.24358901,-23.80955755],[57.03382358,-24.50204739],[55.55947339,-24.73588083],[54.0780662,-24.43642614],[52.81592802,-23.67103719],[52.12783499,-22.80487456],[51.8,-21.9],[52,-20.4],[52.8,-18.8],[55.50555556,-18.28638889],[56.46222222,-20.59861111],[58.24358901,-23.80955755]]]]}},{"type":"Feature","id":"marine-8339","properties":{"code1":"tf","name1":"Juan de Nova Island","code2":"","name2":"","code3":"","name3":"","aidCode1":"tf","aidName1":"Juan de Nova Island","aidCode2":"","aidName2":"","aidCode3":"","aidName3":"","selectionAid":true,"preserveOverviewDetail":false,"selectionAidRadiusNm":null},"geometry":{"type":"MultiPolygon","coordinates":[[[[41.17400076,-19.25173787],[40.93756573,-19.10531747],[40.94851075,-18.83501204],[41.30415672,-16.90612376],[41.68548391,-16.17831723],[42.53473265,-15.32696311],[43.2205261,-16.52447146],[43.27418503,-17.25871287],[42.74931353,-18.05041533],[41.17400076,-19.25173787]]]]}},{"type":"Feature","id":"marine-8340","properties":{"code1":"tf","name1":"Bassas da India","code2":"","name2":"","code3":"","name3":"","aidCode1":"tf","aidName1":"Bassas da India","aidCode2":"","aidName2":"","aidCode3":"","aidName3":"","selectionAid":true,"preserveOverviewDetail":false,"selectionAidRadiusNm":null},"geometry":{"type":"MultiPolygon","coordinates":[[[[41.17400076,-19.25173787],[41.47415298,-19.62671831],[41.57126294,-20.8965182],[38.01246168,-23.18541313],[37.5719977,-21.74791559],[37.54455458,-20.6532525],[38.73577798,-19.4609452],[40.92220921,-19.10773878],[41.17400076,-19.25173787]]]]}},{"type":"Feature","id":"marine-8341","properties":{"code1":"tf","name1":"Europa Island","code2":"","name2":"","code3":"","name3":"","aidCode1":"tf","aidName1":"Europa Island","aidCode2":"","aidName2":"","aidCode3":"","aidName3":"","selectionAid":true,"preserveOverviewDetail":false,"selectionAidRadiusNm":null},"geometry":{"type":"MultiPolygon","coordinates":[[[[40.33437142,-25.75094443],[38.86896892,-25.45565923],[38.01246168,-23.18541313],[41.57002146,-20.91624337],[41.81776263,-22.48901107],[41.68277791,-23.70102364],[40.33437142,-25.75094443]]]]}},{"type":"Feature","id":"marine-8343","properties":{"code1":"mu","name1":"Republic of Mauritius","code2":"","name2":"","code3":"","name3":"","aidCode1":"mu","aidName1":"Republic of Mauritius","aidCode2":"","aidName2":"","aidCode3":"","aidName3":"","selectionAid":true,"preserveOverviewDetail":false,"selectionAidRadiusNm":null},"geometry":{"type":"MultiPolygon","coordinates":[[[[58.24358901,-23.80955755],[56.46222222,-20.59861111],[55.50555556,-18.28638889],[56.78590478,-17.3989414],[57.2141873,-13.82198557],[53.80398099,-12.50730238],[53.91480044,-9.68662281],[54.48224822,-8.97627586],[59.38658333,-8.43648564],[59.90944444,-9.41166667],[60.08888889,-10.48416667],[59.89222222,-11.61916667],[59.02111111,-12.93444444],[60.39583333,-12.98027778],[61.56083333,-13.4875],[62.46222222,-14.37388889],[62.91305556,-15.22305556],[63.1840624,-16.30834662],[64.64843616,-16.50447018],[65.88210422,-17.21949822],[66.78532004,-18.4553401],[67.03934935,-19.95973332],[66.84468685,-20.84966971],[66.40308462,-21.66445866],[65.75409074,-22.36255643],[64.92413368,-22.86555688],[63.840386,-23.15644982],[62.72162921,-23.13310886],[61.68340949,-22.80206576],[60.81264788,-22.20053009],[59.67117585,-23.26376202],[58.24358901,-23.80955755]]]]}},{"type":"Feature","id":"marine-8345","properties":{"code1":"mv","name1":"Maldives","code2":"","name2":"","code3":"","name3":"","aidCode1":"mv","aidName1":"Maldives","aidCode2":"","aidName2":"","aidCode3":"","aidName3":"","selectionAid":true,"preserveOverviewDetail":false,"selectionAidRadiusNm":null},"geometry":{"type":"MultiPolygon","coordinates":[[[[75.21741056,-3.34889988],[72.60056917,-2.98250417],[70.13380357,-2.16743145],[69.76448242,-0.94125812],[69.21351359,6.02922516],[69.55638799,7.9493992],[70.25222222,8.09388889],[73.32722222,7.65055556],[74.93583333,7.85833333],[75.42944444,6.85166667],[77.02333333,4.79],[77.0998248,3.26550052],[76.69734416,-1.00535888],[76.01276868,-2.48634239],[75.21741056,-3.34889988]]]]}},{"type":"Feature","id":"marine-8346","properties":{"code1":"lk","name1":"Sri Lanka","code2":"","name2":"","code3":"","name3":"","aidCode1":"","aidName1":"","aidCode2":"","aidName2":"","aidCode3":"","aidName3":"","selectionAid":false,"preserveOverviewDetail":false,"selectionAidRadiusNm":null},"geometry":{"type":"MultiPolygon","coordinates":[[[[77.05195347,4.73175928],[78.64666667,7.35],[78.92333333,8.37],[79.48833333,8.89666667],[79.37666667,9.66916667],[79.58333333,9.95],[82.40666667,11.26666667],[83.40247228,11.44882481],[84.38853056,9.95888103],[85.20537649,7.6770132],[85.02389857,5.76538141],[84.11902474,4.18010319],[82.62686549,3.11254955],[81.33741717,2.6511581],[80.33014396,2.576764],[78.40548784,3.20632821],[77.63443463,3.86441855],[77.05195347,4.73175928]]]]}},{"type":"Feature","id":"marine-8347","properties":{"code1":"mz","name1":"Mozambique","code2":"","name2":"","code3":"","name3":"","aidCode1":"","aidName1":"","aidCode2":"","aidName2":"","aidCode3":"","aidName3":"","selectionAid":false,"preserveOverviewDetail":false,"selectionAidRadiusNm":null},"geometry":{"type":"MultiPolygon","coordinates":[[[[32.73596388,-25.82699286],[33.33029187,-25.24569118],[35.10144818,-24.61407936],[35.50008392,-24.10393155],[35.53951347,-23.79725373],[35.34055471,-23.99450695],[35.60098302,-22.94493616],[35.54363751,-22.16078305],[35.52876091,-22.30488837],[35.48892796,-22.10759056],[35.39827275,-22.21468592],[35.05980182,-21.02749252],[34.3197968,-21.31693661],[35.06872427,-20.9186331],[34.60888886,-20.52699924],[34.77148604,-20.1042608],[34.75504386,-19.88878214],[34.58878374,-19.88610935],[34.7768234,-19.84584248],[34.61602378,-19.62036335],[34.82953382,-19.83785033],[36.02787924,-18.85566103],[36.29425764,-18.86033607],[36.05603766,-18.36114001],[35.54670715,-18.00750387],[36.27490163,-18.60651362],[36.42589486,-18.53460956],[36.92938316,-18.04546535],[36.88465095,-17.89086294],[36.75694025,-17.97610211],[36.97972202,-18.00579727],[37.19682682,-17.76412344],[37.05676568,-17.70245802],[37.35889292,-17.64108741],[37.05743694,-17.15402556],[37.36328697,-17.59616685],[38.04663622,-17.3283751],[38.05921447,-17.14761746],[38.13595414,-17.29023445],[39.07274628,-17.01322365],[39.03051567,-16.5031594],[39.14113176,-16.8934195],[39.86304545,-16.4353193],[39.88757884,-16.17432284],[40.67580855,-15.26465142],[40.4938997,-15.20022154],[40.75613022,-14.99975026],[40.63906646,-14.84339905],[40.76954675,-14.86271596],[40.82049024,-14.52955186],[40.62885535,-14.59734726],[40.70597517,-14.19004238],[40.50656724,-14.17185354],[40.53537404,-13.63821185],[40.2936089,-13.47200716],[40.5821501,-13.38004601],[40.58740103,-12.98760664],[40.4330101,-13.02842355],[40.56858802,-12.65760505],[40.47320604,-11.40638936],[40.33707476,-11.31718123],[40.63423622,-10.67929268],[40.22910035,-10.61724186],[39.78928447,-10.90964317],[41.03361111,-10.09138889],[42.21446041,-10.09139345],[41.86553383,-12.17729702],[42.3300671,-13.47895395],[42.99777949,-14.42688464],[42.53688031,-15.32214027],[41.4055583,-16.64920503],[40.93756573,-19.10531747],[38.73577798,-19.4609452],[37.54455458,-20.6532525],[37.70553462,-22.41988766],[38.85734843,-25.45088131],[38.6667985,-25.81270836],[37.70928763,-26.99155041],[36.53068584,-27.7160489],[35.91674209,-27.33614218],[32.91322315,-26.86914221],[32.96141505,-26.08433425],[32.70199275,-26.18799055],[32.67223108,-26.44228244],[32.65685654,-26.10914922],[32.52496552,-25.9716835],[32.45096231,-26.08410287],[32.6953125,-25.87974334],[32.72091568,-25.56473422],[32.73596388,-25.82699286]]]]}},{"type":"Feature","id":"marine-8348","properties":{"code1":"mg","name1":"Madagascar","code2":"","name2":"","code3":"","name3":"","aidCode1":"","aidName1":"","aidCode2":"","aidName2":"","aidCode3":"","aidName3":"","selectionAid":false,"preserveOverviewDetail":false,"selectionAidRadiusNm":null},"geometry":{"type":"MultiPolygon","coordinates":[[[[53.36642435,-12.75650101],[52.71144809,-14.30900012],[52.41816567,-16.23742174],[52.39061063,-16.9701905],[52.8,-18.8],[52,-20.4],[51.81583333,-22.10833333],[51.10904246,-24.67710571],[50.12834414,-26.92360641],[48.6933452,-28.03796852],[45.92195887,-28.90866286],[44.05159865,-28.80026284],[41.7955592,-27.77543611],[40.9444527,-26.91386145],[40.33437142,-25.75094443],[41.50127251,-24.1031317],[41.79581361,-23.03617631],[41.51154483,-19.8391224],[41.17400076,-19.25173787],[42.74931353,-18.05041533],[43.27418503,-17.25871287],[43.22189594,-16.52789195],[42.53473265,-15.32696311],[43.00910461,-14.44396743],[44.77194245,-14.52562166],[45.73268498,-14.32486879],[46.35678016,-13.8092034],[46.68597899,-12.80939178],[47.72009159,-12.40758791],[48.48021714,-11.02799395],[49.36280001,-10.33732473],[50.8929301,-11.7177276],[53.36642435,-12.75650101]]]]}},{"type":"Feature","id":"marine-8349","properties":{"code1":"ke","name1":"Kenya","code2":"","name2":"","code3":"","name3":"","aidCode1":"","aidName1":"","aidCode2":"","aidName2":"","aidCode3":"","aidName3":"","selectionAid":false,"preserveOverviewDetail":false,"selectionAidRadiusNm":null},"geometry":{"type":"MultiPolygon","coordinates":[[[[41.56621635,-1.65406811],[44.58609555,-3.07001461],[44.25196326,-3.65972103],[43.31940437,-4.67701204],[39.60587778,-4.68341417],[39.47865306,-4.89422833],[39.23536384,-4.65477121],[39.38438344,-4.64976025],[39.57357895,-4.02793396],[39.72983634,-4.0244894],[40.12644422,-3.27906382],[40.19250524,-2.73698831],[40.75755644,-2.45264912],[41.00349236,-1.90825915],[41.01262105,-2.05607474],[41.56621635,-1.65406811]]]]}},{"type":"Feature","id":"marine-8350","properties":{"code1":"so","name1":"Federal Republic of Somalia","code2":"","name2":"","code3":"","name3":"","aidCode1":"","aidName1":"","aidCode2":"","aidName2":"","aidCode3":"","aidName3":"","selectionAid":false,"preserveOverviewDetail":false,"selectionAidRadiusNm":null},"geometry":{"type":"MultiPolygon","coordinates":[[[[51.65158546,12.07626213],[52.05876927,11.29878336],[53.05560231,10.50540752],[54.44503639,8.95275346],[50.68870707,2.54595309],[48.3697485,0.05838606],[46.50701525,-1.16555023],[44.66455479,-3.09471387],[41.729667,-1.794194],[41.5693593,-1.65141118],[41.83017457,-1.26463985],[41.69447124,-1.21417975],[42.10205495,-0.86232281],[41.98831058,-0.78284395],[42.16834271,-0.81506264],[44.59709823,1.59640062],[46.02079046,2.43839693],[47.96387005,4.48029971],[50.82885802,9.41864574],[50.9133023,10.32676315],[51.37345505,10.36456394],[51.19459403,10.53424776],[51.02935636,10.4100579],[51.28817594,11.83375692],[50.79507875,11.98797274],[50.25248992,11.58219337],[49.43123555,11.33907807],[47.39812577,11.17240346],[46.43886483,10.68194914],[45.77922273,10.86046147],[44.59090185,10.3786869],[43.74605274,10.87930346],[43.25947487,11.46068788],[43.42796581,11.71876103],[44.14265365,11.86017192],[44.65635006,11.57125592],[46.65916748,12.25299007],[48.92526845,12.67055103],[50.13045625,13.34591859],[51.00455629,13.52463694],[51.65158546,12.07626213]]]]}},{"type":"Feature","id":"marine-8351","properties":{"code1":"er","name1":"Eritrea","code2":"","name2":"","code3":"","name3":"","aidCode1":"","aidName1":"","aidCode2":"","aidName2":"","aidCode3":"","aidName3":"","selectionAid":false,"preserveOverviewDetail":false,"selectionAidRadiusNm":null},"geometry":{"type":"MultiPolygon","coordinates":[[[[39.7251369,18.04533631],[39.95199514,17.50226661],[40.53146935,17.12206363],[41.40765893,16.00045365],[41.62527778,15.25277778],[42.52583333,14.14416667],[42.72361111,13.45777778],[43.2125,12.96944444],[43.13048147,12.72165129],[42.38990307,13.20877922],[42.28424824,13.56730072],[41.68319833,13.94828296],[41.19272172,14.61972582],[40.44021475,15.00022244],[40.29675245,14.90408421],[39.87157202,15.50662673],[39.71174753,15.09344065],[38.57033205,18.00746954],[39.7251369,18.04533631]]]]}},{"type":"Feature","id":"marine-8352","properties":{"code1":"dj","name1":"Djibouti","code2":"","name2":"","code3":"","name3":"","aidCode1":"dj","aidName1":"Djibouti","aidCode2":"","aidName2":"","aidCode3":"","aidName3":"","selectionAid":true,"preserveOverviewDetail":false,"selectionAidRadiusNm":null},"geometry":{"type":"MultiPolygon","coordinates":[[[[43.27297551,12.68638935],[43.64866861,12.51718445],[44.13536392,11.86860807],[43.46248495,11.75669863],[43.2631596,11.47914193],[42.51401603,11.57997715],[43.37868535,12.00011873],[43.13471603,12.69880915],[43.27297551,12.68638935]]]]}},{"type":"Feature","id":"marine-8353","properties":{"code1":"ye","name1":"Yemen","code2":"","name2":"","code3":"","name3":"","aidCode1":"","aidName1":"","aidCode2":"","aidName2":"","aidCode3":"","aidName3":"","selectionAid":false,"preserveOverviewDetail":false,"selectionAidRadiusNm":null},"geometry":{"type":"MultiPolygon","coordinates":[[[[57.45156838,14.31329815],[57.94461875,12.66011715],[57.53131295,10.95666982],[56.40481676,9.74464482],[54.46266098,8.959005],[53.05560231,10.50540752],[52.05876927,11.29878336],[51.00455629,13.52463694],[50.13045625,13.34591859],[48.92526845,12.67055103],[46.65916748,12.25299007],[44.65635006,11.57125592],[44.14265365,11.86017192],[43.65594384,12.51062132],[43.2881061,12.63788705],[42.19305556,14.58722222],[41.62527778,15.25277778],[41.4166783,15.99311912],[41.08194444,16.29],[42.76410993,16.40411111],[42.80092585,15.29296875],[42.67193246,15.23816621],[42.94488251,14.91589904],[43.24502134,13.26560187],[43.45404828,12.69697356],[43.91253102,12.63974941],[44.91365981,12.74593771],[45.67581904,13.35460222],[46.68087983,13.4256649],[47.99563456,14.05405045],[48.69617677,14.05015206],[49.08120835,14.51169455],[49.56007648,14.73376143],[51.65524745,15.33513355],[52.22227931,15.63352644],[52.15021324,15.98543358],[52.35956872,16.34472644],[53.08550096,16.64397323],[53.63861111,15.34555556],[54.1425,14.77],[55.90888889,13.76416667],[57.45156838,14.31329815]]]]}},{"type":"Feature","id":"marine-8354","properties":{"code1":"om","name1":"Oman","code2":"","name2":"","code3":"","name3":"","aidCode1":"","aidName1":"","aidCode2":"","aidName2":"","aidCode3":"","aidName3":"","selectionAid":false,"preserveOverviewDetail":false,"selectionAidRadiusNm":null},"geometry":{"type":"MultiPolygon","coordinates":[[[[57.25850763,25.0008029],[57.69811811,24.72301527],[59.45879611,24.41835187],[62.42138889,22.67694444],[63.36953733,21.79092399],[62.09476964,18.9232427],[60.47745279,16.7932664],[59.53652831,16.05834979],[58.36808642,14.74744067],[55.90888889,13.76416667],[54.1425,14.77],[53.63861111,15.34555556],[53.10934065,16.6495938],[54.04661262,16.99051344],[55.01996982,16.99935794],[55.44260287,17.82253635],[56.35631657,17.92543721],[56.81012833,18.75405335],[57.8043946,18.96897185],[57.67762411,19.72021568],[57.82260084,20.19790483],[58.19238281,20.61244404],[58.21246815,20.39539838],[58.44436955,20.34801137],[59.81129837,22.24216461],[59.83828914,22.42201436],[59.29603291,22.7627871],[58.63095975,23.56182051],[56.953125,24.10212052],[56.37382865,24.98042703],[57.25850763,25.0008029]]],[[[56.79583333,26.5875],[56.83916667,25.65722222],[56.26971221,25.62946033],[56.45874774,25.94537926],[56.32691157,26.15381265],[56.51976836,26.31426012],[56.37980092,26.38466024],[56.06529052,26.0533128],[55.7043145,26.15460633],[56.24166667,26.59027778],[56.68333333,26.7375],[56.79583333,26.5875]]]]}},{"type":"Feature","id":"marine-8355","properties":{"code1":"sd","name1":"Sudan","code2":"","name2":"","code3":"","name3":"","aidCode1":"","aidName1":"","aidCode2":"","aidName2":"","aidCode3":"","aidName3":"","selectionAid":false,"preserveOverviewDetail":false,"selectionAidRadiusNm":null},"geometry":{"type":"MultiPolygon","coordinates":[[[[36.88160269,21.99605474],[37.81549517,21.88967349],[38.30483474,20.24945837],[39.30677868,19.30093281],[39.7251369,18.04533631],[38.59487904,18.02593015],[37.43921363,18.83515096],[37.20089316,19.63520885],[37.09846115,21.03464103],[37.27602208,21.05466473],[36.89142466,21.64207411],[36.88160269,21.99605474]]]]}},{"type":"Feature","id":"marine-8356","properties":{"code1":"sa","name1":"Saudi Arabia","code2":"","name2":"","code3":"","name3":"","aidCode1":"","aidName1":"","aidCode2":"","aidName2":"","aidCode3":"","aidName3":"","selectionAid":false,"preserveOverviewDetail":false,"selectionAidRadiusNm":null},"geometry":{"type":"MultiPolygon","coordinates":[[[[34.94591653,29.29937828],[34.57674551,28.10304356],[35.22286487,28.04540133],[37.24662077,25.17265534],[37.24215138,24.69649124],[37.52214205,24.26904762],[38.45945227,23.78216732],[39.08683181,22.55559826],[39.19150114,21.10317767],[39.71361101,20.41078317],[40.52949441,19.97322476],[40.95820367,19.49956346],[41.26362467,18.60884225],[41.63688183,17.9996978],[42.32084048,17.43010831],[42.37118447,17.01605296],[42.37072694,17.16337955],[42.77057123,16.47616625],[41.08194444,16.29],[40.56676479,17.08459279],[39.95230722,17.50213711],[39.33589483,19.2542081],[38.30176226,20.27868685],[37.63933121,22.74673721],[35.81417907,25.24821072],[35.42652837,26.46402704],[34.79328721,27.08330523],[34.49028811,27.77377085],[34.94591653,29.29937828]]],[[[51.63808253,24.61257773],[51.58231056,24.25309873],[51.29205263,24.30004024],[51.50519454,24.57122087],[51.32094073,24.51642835],[51.39011338,24.62186965],[51.63808253,24.61257773]]],[[[49.79,28.40666667],[50.07666667,28.16972222],[49.98555556,27.87972222],[50.36916667,27.88638889],[50.9,27.16666667],[50.3875,26.53],[50.27920017,26.1000177],[50.81417145,24.79758259],[49.99666512,26.00737691],[50.23028147,26.31792057],[50.00156236,26.74511707],[50.16832602,26.65328217],[49.68214631,26.97810674],[49.62727356,27.28339577],[49.37338448,27.13528538],[49.24841654,27.52791631],[48.84113956,27.61865664],[48.50102401,28.49437737],[49.52611343,28.935],[49.79,28.40666667]]]]}},{"type":"Feature","id":"marine-8357","properties":{"code1":"kw","name1":"Kuwait","code2":"","name2":"","code3":"","name3":"","aidCode1":"kw","aidName1":"Kuwait","aidCode2":"","aidName2":"","aidCode3":"","aidName3":"","selectionAid":true,"preserveOverviewDetail":false,"selectionAidRadiusNm":null},"geometry":{"type":"MultiPolygon","coordinates":[[[[47.95741633,30.00559272],[47.95758743,30.00515514],[47.95440282,30.00886045],[47.95741633,30.00559272]]],[[[48.15483317,30.02458336],[49.52147376,28.94436481],[48.43306083,28.53402444],[48.08921945,29.27318728],[47.70453775,29.3656553],[48.16710711,29.51137114],[48.02598274,29.94549692],[48.15483317,30.02458336]]],[[[47.97083367,29.99680764],[47.97161416,29.99658031],[47.96847175,29.99765721],[47.97083367,29.99680764]]],[[[47.96197144,30.00111731],[47.96036446,30.00192404],[47.95866596,30.00390026],[47.96197144,30.00111731]]]]}},{"type":"Feature","id":"marine-8358","properties":{"code1":"bh","name1":"Bahrain","code2":"","name2":"","code3":"","name3":"","aidCode1":"bh","aidName1":"Bahrain","aidCode2":"","aidName2":"","aidCode3":"","aidName3":"","selectionAid":true,"preserveOverviewDetail":false,"selectionAidRadiusNm":null},"geometry":{"type":"MultiPolygon","coordinates":[[[[51.12189325,27.04310297],[50.86611111,25.73527778],[50.56452637,25.57764749],[50.30183944,25.8837575],[50.3875,26.53],[50.9,27.16666667],[51.12189325,27.04310297]]]]}},{"type":"Feature","id":"marine-8359","properties":{"code1":"pk","name1":"Pakistan","code2":"","name2":"","code3":"","name3":"","aidCode1":"","aidName1":"","aidCode2":"","aidName2":"","aidCode3":"","aidName3":"","selectionAid":false,"preserveOverviewDetail":false,"selectionAidRadiusNm":null},"geometry":{"type":"MultiPolygon","coordinates":[[[[66.35433531,25.59310305],[66.74179602,25.19433081],[66.68204975,24.94387031],[67.51547647,24.74783528],[67.31669807,24.57203531],[67.57544041,24.33668911],[67.44627237,24.15077925],[67.63596284,24.06760228],[68.02550852,24.57482028],[67.65417171,24.08947825],[68.07326496,24.01282167],[68.12878537,23.85039735],[68.20967782,24.17415512],[68.31976676,23.93144941],[68.57999122,24.11877024],[67.71381102,23.23003541],[67.16814325,22.25108157],[65.6391495,20.98033993],[64.61918825,21.79798885],[63.37792292,21.75275454],[61.41666667,23.34666667],[61.72631216,25.23442852],[61.85379004,25.03685534],[62.16786587,25.22070312],[63.48330796,25.20622373],[63.58482575,25.37103236],[64.18215811,25.45971012],[64.09129977,25.32920456],[64.6875,25.18108261],[64.76697958,25.31975436],[66.52154005,25.40501988],[66.35433531,25.59310305]]],[[[68.55540204,23.97262382],[68.54415524,23.97003674],[68.54545951,23.98170376],[68.55540204,23.97262382]]],[[[68.75678575,24.05287635],[68.59158932,23.97057913],[68.63997555,24.06302774],[68.75678575,24.05287635]]]]}},{"type":"Feature","id":"marine-8360","properties":{"code1":"ae","name1":"United Arab Emirates","code2":"","name2":"","code3":"","name3":"","aidCode1":"","aidName1":"","aidCode2":"","aidName2":"","aidCode3":"","aidName3":"","selectionAid":false,"preserveOverviewDetail":false,"selectionAidRadiusNm":null},"geometry":{"type":"MultiPolygon","coordinates":[[[[56.84117206,25.63989231],[57.12739197,25.11714384],[56.37382865,24.98042703],[56.29512486,25.63526742],[56.84117206,25.63989231]]],[[[55.15604269,25.10548785],[54.45978355,24.54787564],[54.59669185,24.45538926],[54.4512434,24.31874216],[54.29071796,24.24708521],[54.24652064,24.39998972],[54.29294312,24.26691031],[53.58263087,24.04585254],[52.6145581,24.19471586],[51.85054564,23.98217225],[51.51672998,24.4150147],[51.76825304,24.7545044],[52.27222222,24.81111111],[53.03472222,25.53055556],[54.77512614,25.80042524],[54.75273198,25.49588913],[55.23360709,25.63866738],[55.66047251,26.05965179],[56.08457034,26.04981585],[55.15604269,25.10548785]]]]}},{"type":"Feature","id":"marine-8361","properties":{"code1":"pt-20","name1":"Azores","code2":"","name2":"","code3":"","name3":"","aidCode1":"pt-20","aidName1":"Azores","aidCode2":"","aidName2":"","aidCode3":"","aidName3":"","selectionAid":true,"preserveOverviewDetail":false,"selectionAidRadiusNm":null},"geometry":{"type":"MultiPolygon","coordinates":[[[[-28.49344599,42.41897068],[-26.94131946,42.33146575],[-25.11610553,41.75767225],[-22.57830922,40.52383855],[-21.57696196,39.67576358],[-20.76494089,38.27340988],[-20.61218043,37.08090916],[-21.01876287,35.87188523],[-22.08338382,34.5921557],[-22.98870603,34.02684471],[-24.07628848,33.67664328],[-25.20747553,33.58945745],[-26.36758859,33.74533701],[-27.59960481,34.24981177],[-28.58293344,35.05305932],[-29.8960338,35.28993144],[-31.56047836,36.04111819],[-33.42506757,36.5129583],[-34.33292151,37.08412824],[-35.00773522,37.80394328],[-35.50021658,38.89397174],[-35.52910395,40.11219681],[-34.95533279,41.33611683],[-34.10898696,42.17933654],[-32.83922782,42.8028125],[-31.35763702,43.06002509],[-29.83315955,42.92308027],[-28.49344599,42.41897068]]]]}},{"type":"Feature","id":"marine-8362","properties":{"code1":"cv","name1":"Cape Verde","code2":"","name2":"","code3":"","name3":"","aidCode1":"cv","aidName1":"Cape Verde","aidCode2":"","aidName2":"","aidCode3":"","aidName3":"","selectionAid":true,"preserveOverviewDetail":false,"selectionAidRadiusNm":null},"geometry":{"type":"MultiPolygon","coordinates":[[[[-20.07059607,18.81626882],[-19.63333333,17.88833333],[-19.5582265,16.06805552],[-20,14.91666667],[-20.07305556,13.59333333],[-20.89537576,12.58704337],[-22.49379201,11.69793735],[-24.78904494,11.45242004],[-26.24047216,11.80579304],[-27.4249951,12.72699182],[-28.03078258,13.80984808],[-28.19665791,15.06149016],[-28.66946641,16.01460641],[-28.84571545,16.99201217],[-28.55731989,18.41907876],[-27.63586554,19.62549273],[-26.1956027,20.38855751],[-24.70452282,20.53441634],[-23.43213447,20.17024282],[-21.66182881,19.98150079],[-20.76356642,19.49661389],[-20.07059607,18.81626882]]]]}},{"type":"Feature","id":"marine-8363","properties":{"code1":"pt-30","name1":"Madeira","code2":"","name2":"","code3":"","name3":"","aidCode1":"pt-30","aidName1":"Madeira","aidCode2":"","aidName2":"","aidCode3":"","aidName3":"","selectionAid":true,"preserveOverviewDetail":false,"selectionAidRadiusNm":null},"geometry":{"type":"MultiPolygon","coordinates":[[[[-12.59045422,34.41549019],[-13.03246077,32.30942066],[-13.87249237,31.73584713],[-14.62868698,29.92691792],[-15.11235299,29.25466238],[-16.890017,29.40854769],[-18.19290473,30.89511233],[-20.69136559,31.18353626],[-21.12191093,32.11827522],[-21.14999719,33.52085565],[-20.49972773,34.78452708],[-19.31896205,35.71141457],[-17.53481443,36.3067618],[-16.05154156,36.46416165],[-14.59414719,36.16355374],[-13.39002534,35.45143943],[-12.59045422,34.41549019]]]]}},{"type":"Feature","id":"marine-8364","properties":{"code1":"es","name1":"Canary Islands","code2":"","name2":"","code3":"","name3":"","aidCode1":"","aidName1":"","aidCode2":"","aidName2":"","aidCode3":"","aidName3":"","selectionAid":false,"preserveOverviewDetail":false,"selectionAidRadiusNm":null},"geometry":{"type":"MultiPolygon","coordinates":[[[[-13.66475139,27.83361676],[-14.34046456,27.24029741],[-16.72060015,26.1299411],[-17.16646584,25.6647024],[-19.50668088,24.58473839],[-20.49418954,25.10970067],[-21.24765697,25.8400589],[-21.74815873,26.76264793],[-21.92027543,27.7434352],[-21.63670361,29.81396497],[-20.70484438,31.17148826],[-18.19290473,30.89511233],[-16.890017,29.40854769],[-15.15218631,29.24784723],[-14.66400143,29.85680919],[-13.87249237,31.73584713],[-13.03974168,32.28908375],[-11.8133493,30.30716196],[-12.21286583,29.13659809],[-13.23065161,28.42032334],[-13.66475139,27.83361676]]]]}},{"type":"Feature","id":"marine-8365","properties":{"code1":"gi","name1":"Gibraltar","code2":"","name2":"","code3":"","name3":"","aidCode1":"gi","aidName1":"Gibraltar","aidCode2":"","aidName2":"","aidCode3":"","aidName3":"","selectionAid":true,"preserveOverviewDetail":false,"selectionAidRadiusNm":null},"geometry":{"type":"MultiPolygon","coordinates":[[[[-5.35198575,36.15493178],[-4.96716553,36.07563199],[-5.31301017,36.01042198],[-5.35198575,36.15493178]]]]}},{"type":"Feature","id":"marine-8366","properties":{"code1":"tn","name1":"Tunisia","code2":"","name2":"","code3":"","name3":"","aidCode1":"","aidName1":"","aidCode2":"","aidName2":"","aidCode3":"","aidName3":"","selectionAid":false,"preserveOverviewDetail":false,"selectionAidRadiusNm":null},"geometry":{"type":"MultiPolygon","coordinates":[[[[13.61,35.25],[13.68388889,35.15361111],[12.14702028,34.17701083],[11.56138889,33.17500833],[11.18584991,33.20209122],[11.12942135,33.31501114],[11.30951381,33.27097034],[11.09232438,33.36153984],[11.11586964,33.5346235],[10.74956048,33.4740833],[10.7362473,33.69728804],[10.33432984,33.70749843],[10.01906085,34.16421175],[11.154706,35.22402883],[10.46696615,36.12821496],[11.12920392,36.85618567],[11.07756531,37.04278076],[10.48110497,36.74075592],[10.28537774,36.78729045],[10.28130162,37.17691088],[9.81552327,37.14078665],[9.73203444,37.34126318],[8.64343405,36.94143307],[8.42411018,37.78892873],[7.83333333,38],[10.695,38.41],[12.015,37.06333333],[11.68222222,36.89944444],[11.75055556,36.62],[12.04361111,36.51333333],[12.29583333,36.66277778],[12.695,36.05916667],[12.62305556,35.74166667],[12.11416667,35.66611111],[12.12111111,35.42666667],[12.70666667,35.28472222],[13.09583333,35.72583333],[13.61,35.25]]]]}},{"type":"Feature","id":"marine-8367","properties":{"code1":"ma","name1":"Morocco","code2":"","name2":"","code3":"","name3":"","aidCode1":"","aidName1":"","aidCode2":"","aidName2":"","aidCode3":"","aidName3":"","selectionAid":false,"preserveOverviewDetail":false,"selectionAidRadiusNm":null},"geometry":{"type":"MultiPolygon","coordinates":[[[[-13.17155445,27.67074954],[-13.66475139,27.83361676],[-13.23065161,28.42032334],[-12.2269096,29.12070071],[-11.8133493,30.30716196],[-13.03974168,32.28908375],[-12.59045422,34.41549019],[-12.40546249,34.63047026],[-12.12857578,34.87773032],[-8.92018456,35.16592665],[-7.54198951,35.75649316],[-5.39013164,36.00150572],[-5.93393052,35.77563703],[-6.67209685,34.27071726],[-6.48713875,34.34065557],[-6.81424034,34.02698875],[-8.30432296,33.36286557],[-9.28525126,32.5399152],[-9.25969982,32.1893028],[-9.84108126,31.39166582],[-9.88696897,30.6270858],[-9.60080421,30.402794],[-9.65863228,30.05859375],[-10.22901344,29.30194175],[-11.52620018,28.29421937],[-12.91968501,27.94921875],[-13.17155445,27.67074954]]],[[[-3.62709358,35.78879676],[-3.01143895,35.68840229],[-2.12170936,35.88889045],[-2.2026894,35.09378289],[-2.86883581,35.12641525],[-2.97368312,35.43995273],[-3.33816135,35.18562663],[-4.69484663,35.20891964],[-5.23311114,35.54696405],[-5.35222483,35.83714974],[-3.92542139,35.99287028],[-3.62709358,35.78879676]]]]}},{"type":"Feature","id":"marine-8368","properties":{"code1":"eh","name1":"Western Sahara","code2":"","name2":"","code3":"","name3":"","aidCode1":"","aidName1":"","aidCode2":"","aidName2":"","aidCode3":"","aidName3":"","selectionAid":false,"preserveOverviewDetail":false,"selectionAidRadiusNm":null},"geometry":{"type":"MultiPolygon","coordinates":[[[[-13.18999994,27.63542676],[-13.57626665,26.72884941],[-14.47944081,26.16803503],[-14.88865745,24.69523394],[-16.00687206,23.64243042],[-15.71387827,23.97288466],[-16.46930563,22.37619233],[-16.94935966,21.84212887],[-17.05252612,20.77263594],[-20.26901236,19.33011541],[-20.65476217,20.60300486],[-20.5303426,22.21683511],[-20.17011951,23.44240821],[-19.50694223,24.58387806],[-17.1791761,25.65737417],[-16.73925502,26.11880192],[-14.35919373,27.23199068],[-13.68165897,27.81702569],[-13.18999994,27.63542676]]]]}},{"type":"Feature","id":"marine-8369","properties":{"code1":"mr","name1":"Mauritania","code2":"","name2":"","code3":"","name3":"","aidCode1":"","aidName1":"","aidCode2":"","aidName2":"","aidCode3":"","aidName3":"","selectionAid":false,"preserveOverviewDetail":false,"selectionAidRadiusNm":null},"geometry":{"type":"MultiPolygon","coordinates":[[[[-16.18282279,16.51612277],[-16.48869419,16.07181543],[-16.47512615,16.28495336],[-16.18282279,16.51612277]]],[[[-16.91470921,21.1662544],[-16.20310521,20.21484375],[-16.40190852,19.39681244],[-16.54415508,19.38517279],[-16.19430244,18.94717181],[-16.02873898,18.17067194],[-16.50928307,16.06717443],[-19.5582265,16.06805552],[-19.63333333,17.88833333],[-20.26613218,19.32254871],[-17.05313954,20.76358911],[-16.91470921,21.1662544]]]]}},{"type":"Feature","id":"marine-8370","properties":{"code1":"gm","name1":"Gambia","code2":"","name2":"","code3":"","name3":"","aidCode1":"gm","aidName1":"Gambia","aidCode2":"","aidName2":"","aidCode3":"","aidName3":"","selectionAid":true,"preserveOverviewDetail":false,"selectionAidRadiusNm":null},"geometry":{"type":"MultiPolygon","coordinates":[[[[-16.50805521,13.55328214],[-16.51523793,13.59086835],[-16.50369394,13.58061302],[-16.50805521,13.55328214]]],[[[-15.36909556,13.61341858],[-15.29988074,13.49301195],[-16.14146745,13.43032753],[-16.07464945,13.25296235],[-16.56659496,13.31142497],[-16.57923663,13.44559467],[-16.80459416,13.34571016],[-16.75371134,13.07219195],[-20.22051218,13.0575],[-20.07305556,13.59333333],[-16.54506637,13.59333333],[-16.38933682,13.33086121],[-16.09057701,13.51411641],[-15.36837256,13.44258702],[-15.36909556,13.61341858]]]]}},{"type":"Feature","id":"marine-8371","properties":{"code1":"sn","name1":"Senegal","code2":"","name2":"","code3":"","name3":"","aidCode1":"","aidName1":"","aidCode2":"","aidName2":"","aidCode3":"","aidName3":"","selectionAid":false,"preserveOverviewDetail":false,"selectionAidRadiusNm":null},"geometry":{"type":"MultiPolygon","coordinates":[[[[-16.74309242,13.06138265],[-16.78596088,12.69817799],[-16.59840596,13.04060483],[-16.35772586,12.56267667],[-15.55689621,13.05143535],[-15.91429091,12.94305074],[-16.01508534,12.69877923],[-15.54709661,12.62879562],[-15.52025914,12.81862354],[-15.21150756,12.81964445],[-15.52171648,12.79180741],[-15.54813504,12.53316176],[-16.50825834,12.59815013],[-16.44753265,12.48506582],[-16.58572125,12.63301015],[-16.67413366,12.41384447],[-16.76924527,12.53306365],[-16.71864152,12.3434211],[-19.66474504,10.6478214],[-20.12166667,11.76888889],[-20.20761038,13.03814423],[-16.74309242,13.06138265]]],[[[-16.08420932,13.59350121],[-16.08705306,13.60706747],[-16.08236504,13.60058594],[-16.08420932,13.59350121]]],[[[-16.17998254,16.51560545],[-16.91320145,15.17814505],[-17.52668393,14.75179994],[-17.18535137,14.64969313],[-16.76453066,13.93953371],[-16.54964232,14.24568903],[-16.56944084,14.07073021],[-16.46268415,14.24595416],[-16.04324865,14.10455751],[-16.57643175,14.03668725],[-16.50132108,13.88671875],[-16.41852677,13.99013758],[-16.51208305,13.66913104],[-20.07305556,13.59333333],[-20.07361111,14.85],[-19.55833333,16.06805556],[-16.50928307,16.06717443],[-16.17998254,16.51560545]]]]}},{"type":"Feature","id":"marine-8372","properties":{"code1":"ly","name1":"Libya","code2":"","name2":"","code3":"","name3":"","aidCode1":"","aidName1":"","aidCode2":"","aidName2":"","aidCode3":"","aidName3":"","selectionAid":false,"preserveOverviewDetail":false,"selectionAidRadiusNm":null},"geometry":{"type":"MultiPolygon","coordinates":[[[[25.37881389,31.70679722],[25.16237778,31.65816111],[24.97391987,31.96855426],[23.42108595,32.17411733],[23.08451092,32.33940506],[23.10955465,32.63207674],[22.39006102,32.86888945],[21.64449966,32.92895472],[20.57782042,32.54774833],[20.02942145,32.1160202],[19.92114496,31.75891233],[20.12630165,30.97950184],[19.68372154,30.46150374],[19.05558991,30.26791203],[17.38534617,31.07619512],[15.73757696,31.39988744],[15.20039415,32.38156545],[13.37445796,32.89751697],[12.35140288,32.82192814],[11.61137176,33.1153208],[12.14702028,34.17701083],[13.64632828,35.12974329],[13.75309962,34.69647464],[15.16666667,34.49805556],[15.17097992,34.21413621],[16.49747206,34.56194415],[18.30451706,35.42514524],[19.74527678,34.94908841],[21.33931108,34.79640658],[24.46252957,33.44798358],[25.74173672,33.35964933],[25.37881389,33.28006111],[25.37881389,31.70679722]]]]}},{"type":"Feature","id":"marine-8373","properties":{"code1":"sy","name1":"Syria","code2":"","name2":"","code3":"","name3":"","aidCode1":"","aidName1":"","aidCode2":"","aidName2":"","aidCode3":"","aidName3":"","selectionAid":false,"preserveOverviewDetail":false,"selectionAidRadiusNm":null},"geometry":{"type":"MultiPolygon","coordinates":[[[[35.9181025,35.92988884],[35.73111761,35.58788943],[35.91290045,35.41322982],[35.96755743,34.65267861],[34.96334167,34.81244572],[35.16211569,36.01638804],[35.9181025,35.92988884]]]]}},{"type":"Feature","id":"marine-8374","properties":{"code1":"lb","name1":"Lebanon","code2":"","name2":"","code3":"","name3":"","aidCode1":"","aidName1":"","aidCode2":"","aidName2":"","aidCode3":"","aidName3":"","selectionAid":false,"preserveOverviewDetail":false,"selectionAidRadiusNm":null},"geometry":{"type":"MultiPolygon","coordinates":[[[[35.10328889,33.09415],[33.76240313,33.53658164],[34.96334167,34.81244572],[35.98626924,34.52971542],[35.65410018,34.27734375],[35.10328889,33.09415]]]]}},{"type":"Feature","id":"marine-8375","properties":{"code1":"il","name1":"Israel","code2":"","name2":"","code3":"","name3":"","aidCode1":"","aidName1":"","aidCode2":"","aidName2":"","aidCode3":"","aidName3":"","selectionAid":false,"preserveOverviewDetail":false,"selectionAidRadiusNm":null},"geometry":{"type":"MultiPolygon","coordinates":[[[[34.91941674,29.44995944],[34.90227675,29.48981535],[34.969962,29.54570055],[34.91941674,29.44995944]]],[[[35.09138624,33.09510196],[34.55826986,31.68417168],[34.4727041,31.57265645],[34.19173049,31.78946397],[34.00896885,31.60899423],[34.2314975,31.33597594],[32.97222222,32.88888889],[33.76240313,33.53658164],[35.09138624,33.09510196]]]]}},{"type":"Feature","id":"marine-8376","properties":{"code1":"cy","name1":"Cyprus","code2":"","name2":"","code3":"","name3":"","aidCode1":"","aidName1":"","aidCode2":"","aidName2":"","aidCode3":"","aidName3":"","selectionAid":false,"preserveOverviewDetail":false,"selectionAidRadiusNm":null},"geometry":{"type":"MultiPolygon","coordinates":[[[[35.16211569,36.01638804],[35.09123503,35.15139478],[34.71238763,34.37138325],[32.97222222,32.88888889],[29.84648,33.82085349],[31.3895501,35.68381612],[33.51728682,35.74110407],[34.76049923,36.21911],[35.16211569,36.01638804]]]]}},{"type":"Feature","id":"marine-8378","properties":{"code1":"dz","name1":"Algeria","code2":"","name2":"","code3":"","name3":"","aidCode1":"","aidName1":"","aidCode2":"","aidName2":"","aidCode3":"","aidName3":"","selectionAid":false,"preserveOverviewDetail":false,"selectionAidRadiusNm":null},"geometry":{"type":"MultiPolygon","coordinates":[[[[7.81204532,38.0099803],[8.42095,37.80114444],[8.64110117,36.94473479],[7.8438915,36.84294236],[7.23245192,37.08774054],[6.94211495,36.88418794],[6.40181291,37.08484626],[5.31408453,36.63944185],[4.78996992,36.89058018],[3.89833462,36.92055535],[2.58046305,36.59700036],[1.33831108,36.54919255],[0.34548163,36.19479346],[-0.1086055,35.78864813],[-0.9375149,35.72846246],[-1.29732728,35.35019863],[-2.21214783,35.08424902],[-2.12170936,35.88889045],[-0.87482821,36.69141871],[0.04414945,37.02431002],[0.8014005,37.61561413],[2.03898034,37.67582774],[2.77002452,37.97938826],[5.30566918,38.44218051],[6.06655111,38.80087459],[7.81204532,38.0099803]]]]}},{"type":"Feature","id":"marine-8379","properties":{"code1":"sh","name1":"Ascension","code2":"","name2":"","code3":"","name3":"","aidCode1":"sh","aidName1":"Ascension","aidCode2":"","aidName2":"","aidCode3":"","aidName3":"","selectionAid":true,"preserveOverviewDetail":false,"selectionAidRadiusNm":null},"geometry":{"type":"MultiPolygon","coordinates":[[[[-10.93327585,-7.88745128],[-11.16355383,-9.18276458],[-11.88414086,-10.29596451],[-12.98583927,-11.05255697],[-14.29458068,-11.34322841],[-15.59794657,-11.1247499],[-16.74548727,-10.40116369],[-17.50628262,-9.30672739],[-17.78194207,-8.03038319],[-17.55504366,-6.73204726],[-16.83915453,-5.59960549],[-15.76562712,-4.83547236],[-14.44387105,-4.53816224],[-13.14226878,-4.772942],[-11.99112207,-5.51089654],[-11.22373908,-6.59285976],[-10.93327585,-7.88745128]]]]}},{"type":"Feature","id":"marine-8380","properties":{"code1":"sh","name1":"Saint Helena","code2":"","name2":"","code3":"","name3":"","aidCode1":"sh","aidName1":"Saint Helena","aidCode2":"","aidName2":"","aidCode3":"","aidName3":"","selectionAid":true,"preserveOverviewDetail":false,"selectionAidRadiusNm":null},"geometry":{"type":"MultiPolygon","coordinates":[[[[-2.16888741,-15.89574434],[-2.39247541,-17.17379505],[-3.10924234,-18.28006661],[-4.22759577,-19.05282256],[-5.60478886,-19.37665931],[-6.95602093,-19.17509086],[-8.10175055,-18.50628409],[-8.92924126,-17.43443992],[-9.251185,-16.14341734],[-9.03064911,-14.83803419],[-8.28058934,-13.66746991],[-7.15088681,-12.86215181],[-5.8265018,-12.55147853],[-4.45084144,-12.76821971],[-3.28362719,-13.47619422],[-2.47218092,-14.59740363],[-2.16888741,-15.89574434]]]]}},{"type":"Feature","id":"marine-8382","properties":{"code1":"sh","name1":"Tristan da Cunha","code2":"","name2":"","code3":"","name3":"","aidCode1":"sh","aidName1":"Tristan da Cunha","aidCode2":"","aidName2":"","aidCode3":"","aidName3":"","selectionAid":true,"preserveOverviewDetail":false,"selectionAidRadiusNm":null},"geometry":{"type":"MultiPolygon","coordinates":[[[[-12.2905327,-33.72222963],[-10.66542742,-33.98788386],[-9.28752709,-34.75547351],[-8.35201748,-35.91582389],[-8.04508884,-37.28013059],[-6.68681668,-38.0823502],[-5.84267608,-39.13541205],[-5.51469961,-40.27206708],[-5.68768683,-41.35884158],[-6.30465291,-42.32876747],[-7.33851686,-43.10569596],[-8.55177612,-43.55422259],[-9.84484692,-43.70720762],[-11.13959827,-43.58092257],[-12.29783199,-43.1928882],[-13.83127437,-41.99853407],[-14.24111811,-41.2299476],[-14.38143537,-40.43201608],[-15.71392762,-39.668831],[-16.56562275,-38.65429074],[-16.84823769,-37.83745408],[-16.85788048,-36.97086943],[-16.5999688,-36.14169678],[-16.10850343,-35.40273518],[-14.30653314,-34.14555865],[-12.2905327,-33.72222963]]]]}},{"type":"Feature","id":"marine-8383","properties":{"code1":"gs","name1":"South Georgia and the South Sandwich Islands","code2":"","name2":"","code3":"","name3":"","aidCode1":"gs","aidName1":"South Georgia and the South Sandwich Islands","aidCode2":"","aidName2":"","aidCode3":"","aidName3":"","selectionAid":true,"preserveOverviewDetail":false,"selectionAidRadiusNm":null},"geometry":{"type":"MultiPolygon","coordinates":[[[[-37.13952516,-50.64608371],[-34.83784425,-50.97641876],[-33.04676583,-51.57066319],[-31.41717242,-52.54999844],[-30.57290447,-53.42532804],[-28.77806262,-53.02220256],[-26.84788894,-52.97297782],[-25.00151939,-53.29472296],[-23.40369866,-53.95355037],[-21.36226167,-55.56583285],[-20.36063981,-57.08283298],[-19.90365056,-58.556466],[-20.23723669,-60.10390073],[-20.82482883,-60.79233163],[-21.98981777,-61.61277184],[-24.11053847,-62.44347215],[-27.16755354,-62.78834217],[-29.99998163,-62.50052383],[-32.00278898,-61.82554426],[-33.30480151,-60.8550221],[-33.77479939,-59.87060081],[-33.72872646,-59.14302425],[-33.38732606,-58.44094597],[-33.76731025,-57.97623463],[-36.39644687,-58.23665008],[-38.76398834,-57.90143107],[-42.17074061,-56.48432893],[-43.49920554,-55.42135864],[-43.90570221,-54.58467938],[-43.91751047,-53.71589501],[-43.55736486,-52.87417207],[-42.72555919,-51.99811264],[-41.53838826,-51.30467259],[-40.29547927,-50.89210512],[-37.13952516,-50.64608371]]]]}},{"type":"Feature","id":"marine-8384","properties":{"code1":"za","name1":"Prince Edward Islands","code2":"","name2":"","code3":"","name3":"","aidCode1":"","aidName1":"","aidCode2":"","aidName2":"","aidCode3":"","aidName3":"","selectionAid":false,"preserveOverviewDetail":false,"selectionAidRadiusNm":null},"geometry":{"type":"MultiPolygon","coordinates":[[[[42.8429662,-46.59819936],[42.5367637,-48.02658199],[41.63281501,-49.13891004],[40.12984421,-49.94536864],[38.25040182,-50.3036814],[36.16195738,-50.15916154],[34.40603012,-49.5197608],[33.19578973,-48.47475855],[32.71546661,-47.16736804],[33.0566613,-45.79057873],[34.23610691,-44.47353213],[35.71386486,-43.64772861],[37.48862654,-43.27786608],[39.36724055,-43.4287942],[41.13137481,-44.12530365],[42.35335519,-45.25564748],[42.8429662,-46.59819936]]]]}},{"type":"Feature","id":"marine-8385","properties":{"code1":"tf","name1":"Crozet Islands","code2":"","name2":"","code3":"","name3":"","aidCode1":"tf","aidName1":"Crozet Islands","aidCode2":"","aidName2":"","aidCode3":"","aidName3":"","selectionAid":true,"preserveOverviewDetail":false,"selectionAidRadiusNm":null},"geometry":{"type":"MultiPolygon","coordinates":[[[[57.07417774,-45.93675318],[57.01943852,-47.31810319],[56.08737158,-48.59909395],[54.38098281,-49.49211657],[52.38054561,-49.81541039],[49.39855236,-49.69545983],[47.4587355,-49.10600475],[46.06929,-47.98637785],[45.5511445,-47.10801151],[45.36806572,-46.26511975],[45.70652408,-44.94642042],[46.69911501,-43.8294591],[48.41005676,-42.93370972],[50.24044872,-42.60491593],[51.828299,-42.75556043],[54.94804037,-43.65143298],[56.35237269,-44.6628619],[57.07417774,-45.93675318]]]]}},{"type":"Feature","id":"marine-8386","properties":{"code1":"tf","name1":"Amsterdam and Saint Paul Islands","code2":"","name2":"","code3":"","name3":"","aidCode1":"tf","aidName1":"Amsterdam and Saint Paul Islands","aidCode2":"","aidName2":"","aidCode3":"","aidName3":"","selectionAid":true,"preserveOverviewDetail":false,"selectionAidRadiusNm":null},"geometry":{"type":"MultiPolygon","coordinates":[[[[81.80804243,-37.7885219],[81.75159918,-39.37632847],[81.20632786,-40.50933814],[80.04442138,-41.46898557],[78.48735673,-41.99794274],[76.72063882,-42.01932737],[75.05398528,-41.49064958],[73.85357115,-40.51040334],[73.27718697,-39.22572002],[73.3510484,-37.3885042],[73.90039753,-36.16201363],[75.09786149,-35.09747061],[76.69835107,-34.52551982],[78.50085799,-34.53966269],[80.16439343,-35.18948931],[81.33671848,-36.34856366],[81.80804243,-37.7885219]]]]}},{"type":"Feature","id":"marine-8387","properties":{"code1":"tf","name1":"Kerguélen","code2":"","name2":"","code3":"","name3":"","aidCode1":"tf","aidName1":"Kerguélen","aidCode2":"","aidName2":"","aidCode3":"","aidName3":"","selectionAid":true,"preserveOverviewDetail":false,"selectionAidRadiusNm":null},"geometry":{"type":"MultiPolygon","coordinates":[[[[75.60201776,-49.82619057],[69.73388889,-51.97166667],[67.16685311,-53.17862968],[65.67929844,-52.68987701],[64.55325603,-51.94593968],[63.56758209,-50.68360472],[63.29839275,-49.57552439],[63.86836924,-47.60034393],[65.03979573,-46.30856906],[66.81721974,-45.40724683],[68.94222233,-45.11937566],[71.62101044,-45.66234055],[74.14157175,-46.81689773],[75.35635278,-48.17518506],[75.62469482,-49.00752025],[75.60201776,-49.82619057]]]]}},{"type":"Feature","id":"marine-8388","properties":{"code1":"hm","name1":"Heard and McDonald Islands","code2":"","name2":"","code3":"","name3":"","aidCode1":"hm","aidName1":"Heard and McDonald Islands","aidCode2":"","aidName2":"","aidCode3":"","aidName3":"","selectionAid":true,"preserveOverviewDetail":false,"selectionAidRadiusNm":null},"geometry":{"type":"MultiPolygon","coordinates":[[[[67.16685311,-53.17862968],[69.73388889,-51.97166667],[75.59530595,-49.82879897],[77.03658322,-50.3669834],[78.41768608,-51.29360022],[79.15625802,-52.23055776],[79.40886961,-53.26196332],[78.96668098,-54.5196396],[77.69855629,-55.57460131],[75.64659844,-56.3001666],[73.41710304,-56.52422411],[70.61848792,-56.17333291],[68.81513543,-55.53861108],[67.46047375,-54.40425468],[67.10958084,-53.63286926],[67.16685311,-53.17862968]]]]}},{"type":"Feature","id":"marine-8389","properties":{"code1":"fk","name1":"Falkland / Malvinas Islands","code2":"","name2":"","code3":"","name3":"","aidCode1":"fk","aidName1":"Falkland / Malvinas Islands","aidCode2":"","aidName2":"","aidCode3":"","aidName3":"","selectionAid":true,"preserveOverviewDetail":false,"selectionAidRadiusNm":null},"geometry":{"type":"MultiPolygon","coordinates":[[[[-58.54196278,-56.22781611],[-61.62049497,-53.78198859],[-64.78234803,-52.43408733],[-65.01514935,-51.41486411],[-64.57333845,-50.36154789],[-60.7718061,-47.6697663],[-56.6897774,-48.12915711],[-55.03053501,-48.60641903],[-53.22331099,-49.80133171],[-52.39390725,-51.24484303],[-52.34394898,-52.11090283],[-52.66151456,-52.95256405],[-54.68409565,-54.92533603],[-56.35889113,-55.81044278],[-58.54196278,-56.22781611]]]]}},{"type":"Feature","id":"marine-8390","properties":{"code1":"sl","name1":"Sierra Leone","code2":"","name2":"","code3":"","name3":"","aidCode1":"","aidName1":"","aidCode2":"","aidName2":"","aidCode3":"","aidName3":"","selectionAid":false,"preserveOverviewDetail":false,"selectionAidRadiusNm":null},"geometry":{"type":"MultiPolygon","coordinates":[[[[-11.44519412,6.93907064],[-12.5851012,5.80716807],[-13.56692542,4.18725931],[-14.72100319,4.70250281],[-15.55351525,5.38464337],[-16.09339442,6.18995064],[-16.55211736,7.46974635],[-13.85117428,8.87618403],[-13.30213046,9.03765523],[-13.19882214,8.91512036],[-12.92583501,9.12278128],[-13.15968895,8.88495541],[-12.95091915,8.84025335],[-13.20139265,8.85902655],[-13.24264431,8.66627455],[-13.14762604,8.51604724],[-13.14434445,8.67396677],[-12.87390494,8.71744132],[-12.95593274,8.57962418],[-12.77506936,8.57505858],[-13.28672504,8.4994688],[-13.16255057,8.18442261],[-12.95350087,8.24976826],[-12.78699172,7.9312762],[-12.93802488,7.89154685],[-12.71052456,7.70146585],[-12.45665383,7.76683855],[-12.32212496,7.3828125],[-12.52367413,7.38511944],[-11.60989726,7.02596557],[-11.51984632,7.20632374],[-11.44519412,6.93907064]]]]}},{"type":"Feature","id":"marine-8391","properties":{"code1":"lr","name1":"Liberia","code2":"","name2":"","code3":"","name3":"","aidCode1":"","aidName1":"","aidCode2":"","aidName2":"","aidCode3":"","aidName3":"","selectionAid":false,"preserveOverviewDetail":false,"selectionAidRadiusNm":null},"geometry":{"type":"MultiPolygon","coordinates":[[[[-7.58539665,4.8634243],[-7.33042609,1.01343446],[-8.63299936,1.1385749],[-10.2277388,1.82015696],[-13.56679053,4.1871402],[-12.5851012,5.80716807],[-11.50670422,6.92445113],[-10.81156421,6.40014708],[-10.66239333,6.48595834],[-10.79629695,6.37904191],[-10.34068048,6.19825935],[-8.71604812,4.80808222],[-7.60028672,4.35470951],[-7.58539665,4.8634243]]]]}},{"type":"Feature","id":"marine-8392","properties":{"code1":"tg","name1":"Togo","code2":"","name2":"","code3":"","name3":"","aidCode1":"","aidName1":"","aidCode2":"","aidName2":"","aidCode3":"","aidName3":"","selectionAid":false,"preserveOverviewDetail":false,"selectionAidRadiusNm":null},"geometry":{"type":"MultiPolygon","coordinates":[[[[2.41622806,2.96991667],[2.1101625,2.88400611],[1.19950753,6.11199214],[1.62716198,6.23453724],[2.41622806,2.96991667]]]]}},{"type":"Feature","id":"marine-8393","properties":{"code1":"bj","name1":"Benin","code2":"","name2":"","code3":"","name3":"","aidCode1":"","aidName1":"","aidCode2":"","aidName2":"","aidCode3":"","aidName3":"","selectionAid":false,"preserveOverviewDetail":false,"selectionAidRadiusNm":null},"geometry":{"type":"MultiPolygon","coordinates":[[[[2.71640635,6.45966601],[2.43845093,6.37091756],[2.70309186,6.37425387],[2.98419444,3.57677778],[2.93091667,3.02775],[2.41622806,2.96991667],[1.63199889,6.23570083],[2.71640635,6.45966601]]]]}},{"type":"Feature","id":"marine-8394","properties":{"code1":"cg","name1":"Republic of the Congo","code2":"","name2":"","code3":"","name3":"","aidCode1":"","aidName1":"","aidCode2":"","aidName2":"","aidCode3":"","aidName3":"","selectionAid":false,"preserveOverviewDetail":false,"selectionAidRadiusNm":null},"geometry":{"type":"MultiPolygon","coordinates":[[[[12.00958014,-5.03014708],[9.1211099,-6.73440898],[8.91135333,-6.43164417],[10.74730667,-4.58326306],[11.15592265,-3.95091701],[11.32930744,-3.9334017],[11.23956275,-4.01750565],[11.70755124,-4.46991742],[11.95298505,-4.19280136],[11.72287214,-4.47149777],[12.00958014,-5.03014708]]]]}},{"type":"Feature","id":"marine-8395","properties":{"code1":"na","name1":"Namibia","code2":"","name2":"","code3":"","name3":"","aidCode1":"","aidName1":"","aidCode2":"","aidName2":"","aidCode3":"","aidName3":"","selectionAid":false,"preserveOverviewDetail":false,"selectionAidRadiusNm":null},"geometry":{"type":"MultiPolygon","coordinates":[[[[11.78964901,-17.27214456],[11.80269206,-17.97412503],[12.02389502,-18.48088503],[12.61048913,-19.15920174],[13.41433311,-20.87597883],[14.50591922,-22.55018377],[14.45889103,-24.06935525],[14.87483692,-25.07743955],[14.82699561,-25.74768186],[15.28744102,-27.30446064],[15.68987501,-27.96689296],[16.45041871,-28.63190532],[16.82589364,-28.24393582],[16.28175731,-28.84600059],[13.34802499,-30.65813848],[12.50376954,-29.78928607],[11.76320708,-28.48294747],[10.92010668,-25.242356],[10.80662402,-23.41921406],[8.6478484,-19.52019885],[8.26450285,-17.98565736],[8.25558854,-17.27231639],[11.78964901,-17.27214456]]]]}},{"type":"Feature","id":"marine-8396","properties":{"code1":"za","name1":"South Africa","code2":"","name2":"","code3":"","name3":"","aidCode1":"","aidName1":"","aidCode2":"","aidName2":"","aidCode3":"","aidName3":"","selectionAid":false,"preserveOverviewDetail":false,"selectionAidRadiusNm":null},"geometry":{"type":"MultiPolygon","coordinates":[[[[36.53068584,-27.7160489],[36.1468679,-29.22129373],[35.52774811,-30.45217484],[34.46439985,-31.46674676],[33.01423847,-33.45791164],[30.40155857,-35.6646943],[28.94801141,-36.5062138],[26.90565436,-37.22887463],[25.18203088,-37.54568768],[23.39346177,-37.46640773],[20.65509014,-38.13284655],[19.54182347,-38.15550466],[18.14664336,-37.9059693],[16.29484383,-37.1879822],[15.23423547,-36.41488254],[14.65278179,-35.59041736],[14.03636305,-33.93997969],[13.97682557,-32.16369542],[13.35215549,-30.67267813],[16.28175731,-28.84600059],[16.81547393,-28.23696908],[16.74118495,-28.49065053],[16.50130916,-28.56649733],[16.59975481,-28.8659693],[17.27789247,-30.34193635],[18.28055882,-31.89748156],[18.3010329,-32.59447634],[17.84843385,-32.83748364],[18.43991995,-33.69885576],[18.32871902,-34.16183567],[18.41786253,-34.32236326],[18.76445925,-34.07978547],[18.82747471,-34.38885856],[19.37104201,-34.40934873],[19.63980103,-34.77812374],[20.01440907,-34.83229613],[20.47980392,-34.48924792],[20.869699,-34.46411276],[20.66799867,-34.35094094],[21.81288397,-34.38167107],[22.55284584,-33.99472821],[24.8259598,-34.21137893],[25.02918863,-33.97160471],[25.70626831,-34.03277266],[25.60795522,-33.86806071],[25.78131711,-33.74622953],[26.55968773,-33.74623716],[27.90524244,-33.04172635],[30.38901174,-30.85039341],[31.48274767,-29.24671984],[31.03565896,-28.87517846],[31.50231552,-29.22626817],[32.38127303,-28.55265355],[32.89055002,-26.86235452],[35.91674209,-27.33614218],[36.53068584,-27.7160489]]]]}},{"type":"Feature","id":"marine-8397","properties":{"code1":"st","name1":"Sao Tome and Principe","code2":"","name2":"","code3":"","name3":"","aidCode1":"st","aidName1":"Sao Tome and Principe","aidCode2":"","aidName2":"","aidCode3":"","aidName3":"","selectionAid":true,"preserveOverviewDetail":false,"selectionAidRadiusNm":null},"geometry":{"type":"MultiPolygon","coordinates":[[[[8.50416667,1.81944444],[8.1875,0.56666667],[7.27111111,-1.47972222],[3.20607775,0.93649286],[3.56512203,1.90192963],[4.86055556,1.15472222],[7.60679375,2.71048084],[8.55013889,2.06711111],[8.50416667,1.81944444]]]]}},{"type":"Feature","id":"marine-8398","properties":{"code1":"gq","name1":"Equatorial Guinea","code2":"","name2":"","code3":"","name3":"","aidCode1":"","aidName1":"","aidCode2":"","aidName2":"","aidCode3":"","aidName3":"","selectionAid":false,"preserveOverviewDetail":false,"selectionAidRadiusNm":null},"geometry":{"type":"MultiPolygon","coordinates":[[[[6.19186111,-0.78772222],[7.2704551,-1.48152096],[7.35493705,-2.05407362],[6.922446,-4.56298633],[5.18612329,-4.78954326],[3.56268459,-4.09780332],[2.70945369,-3.08970175],[2.30790228,-1.83291599],[2.4124629,-0.49872476],[3.01582127,0.68248755],[3.21620184,0.91272001],[6.19186111,-0.78772222]]],[[[9.04356811,3.8575515],[9.27032931,3.561676],[9.30386116,3.03956401],[9.07549281,2.57603658],[9.86784325,2.23670956],[9.77754056,2.32551563],[9.81171918,1.92675781],[9.60503185,1.62256956],[9.79909062,1.57625127],[9.59922481,1.57611346],[9.35719895,1.15933847],[9.66949236,1.07694173],[9.75099134,1.22829127],[9.91848576,0.94482195],[9.67962617,1.06640111],[9.19258778,0.76690021],[8.20127931,0.61702377],[8.55013889,2.06711111],[7.37716636,2.86968847],[7.37661111,3.25333333],[8.326077,4.069326],[8.61261364,4.11589377],[9.04356811,3.8575515]]]]}},{"type":"Feature","id":"marine-8400","properties":{"code1":"gh","name1":"Ghana","code2":"","name2":"","code3":"","name3":"","aidCode1":"","aidName1":"","aidCode2":"","aidName2":"","aidCode3":"","aidName3":"","selectionAid":false,"preserveOverviewDetail":false,"selectionAidRadiusNm":null},"geometry":{"type":"MultiPolygon","coordinates":[[[[-3.05404853,5.12951393],[-2.93140495,5.09849525],[-3.11633674,5.13126719],[-3.05404853,5.12951393]]],[[[0.17645645,6.10066688],[0.93502355,5.79155505],[0.85953665,5.96285605],[1.18279874,6.10599732],[2.16693796,2.67556483],[-1.55535553,1.42555012],[-2.666407,1.43708502],[-3.76504316,1.80498477],[-3.10611312,5.09099045],[-2.09062123,4.74609375],[0.32406187,5.78261554],[0.64229345,5.77396595],[0.51438773,6.04937172],[0.17645645,6.10066688]]]]}},{"type":"Feature","id":"marine-8401","properties":{"code1":"fr","name1":"Clipperton Island","code2":"","name2":"","code3":"","name3":"","aidCode1":"","aidName1":"","aidCode2":"","aidName2":"","aidCode3":"","aidName3":"","selectionAid":false,"preserveOverviewDetail":false,"selectionAidRadiusNm":null},"geometry":{"type":"MultiPolygon","coordinates":[[[[-105.81588044,10.33114868],[-106.07802774,9.02385442],[-106.8198494,7.92309602],[-107.93128574,7.18789391],[-109.22639848,6.93650366],[-110.5419954,7.20703917],[-111.63477653,7.95022901],[-112.36522427,9.04896888],[-112.61852012,10.33250949],[-112.35601574,11.62095671],[-111.63394619,12.68530096],[-110.52819486,13.4157014],[-109.22977571,13.67081015],[-107.91799253,13.41416267],[-106.80986796,12.68964669],[-106.07278443,11.60277025],[-105.81588044,10.33114868]]]]}},{"type":"Feature","id":"marine-8402","properties":{"code1":"bm","name1":"Bermuda","code2":"","name2":"","code3":"","name3":"","aidCode1":"bm","aidName1":"Bermuda","aidCode2":"","aidName2":"","aidCode3":"","aidName3":"","selectionAid":true,"preserveOverviewDetail":false,"selectionAidRadiusNm":null},"geometry":{"type":"MultiPolygon","coordinates":[[[[-60.7049881,32.391144],[-61.0199637,31.0995407],[-61.8945385,29.9897665],[-63.2681028,29.1877385],[-64.7880782,28.9060388],[-66.3192398,29.1338768],[-67.6739885,29.8680461],[-68.5799807,30.9823475],[-68.9168805,32.3206003],[-68.6052941,33.6657186],[-67.6710675,34.7946746],[-66.3738635,35.5353153],[-64.8028282,35.8082843],[-63.2009792,35.5658815],[-61.8692518,34.8404708],[-60.995431,33.730672],[-60.7049881,32.391144]]]]}},{"type":"Feature","id":"marine-8403","properties":{"code1":"ec-w","name1":"Galapagos","code2":"","name2":"","code3":"","name3":"","aidCode1":"ec-w","aidName1":"Galapagos","aidCode2":"","aidName2":"","aidCode3":"","aidName3":"","selectionAid":true,"preserveOverviewDetail":false,"selectionAidRadiusNm":null},"geometry":{"type":"MultiPolygon","coordinates":[[[[-86.63987215,1.39951211],[-85.98022755,-0.03666306],[-86.02512091,-1.59313282],[-86.98141611,-3.44621473],[-88.19682459,-4.43686969],[-89.53099372,-4.76175451],[-91.50728686,-4.54152466],[-93.3923048,-3.7181103],[-94.52009277,-2.3496254],[-95.28877102,1.09824013],[-95.29986691,2.18880404],[-94.6718636,3.68944259],[-93.43647101,4.70428344],[-91.99159912,5.03163911],[-90.54817648,4.69794182],[-89.43649528,3.44386722],[-87.14512306,2.15062167],[-86.63987215,1.39951211]]]]}},{"type":"Feature","id":"marine-8404","properties":{"code1":"bs","name1":"Bahamas","code2":"","name2":"","code3":"","name3":"","aidCode1":"bs","aidName1":"Bahamas","aidCode2":"","aidName2":"","aidCode3":"","aidName3":"","selectionAid":true,"preserveOverviewDetail":false,"selectionAidRadiusNm":null},"geometry":{"type":"MultiPolygon","coordinates":[[[[-79.71937352,25.72145709],[-79.56939495,27.28958221],[-79.17176418,28.28657133],[-76.61207591,28.2864189],[-77.23091111,30.19473315],[-76.94587492,30.36892864],[-75.60861104,29.82749323],[-74.48491725,29.08638759],[-73.8254132,28.39426281],[-73.20383089,27.32704432],[-71.99972254,26.63788242],[-70.51279069,25.03290468],[-72.62698586,21.78881586],[-72.42314527,20.72251939],[-73.58235556,20.37354444],[-74.58452778,21.05908333],[-77.05297222,21.93005556],[-78.11544444,22.59611111],[-80.55883333,23.49733333],[-81.21527778,23.925],[-79.94137861,24.81795707],[-79.72496683,25.11047759],[-79.71937352,25.72145709]]]]}},{"type":"Feature","id":"marine-8405","properties":{"code1":"tc","name1":"Turks and Caicos Islands","code2":"","name2":"","code3":"","name3":"","aidCode1":"tc","aidName1":"Turks and Caicos Islands","aidCode2":"","aidName2":"","aidCode3":"","aidName3":"","selectionAid":true,"preserveOverviewDetail":false,"selectionAidRadiusNm":null},"geometry":{"type":"MultiPolygon","coordinates":[[[[-68.82691987,24.08931021],[-70.85585613,21.21309048],[-71.94972391,20.64781502],[-72.42314527,20.72251939],[-72.62698586,21.78881586],[-70.51072541,25.0311955],[-68.82691987,24.08931021]]]]}},{"type":"Feature","id":"marine-8406","properties":{"code1":"cu","name1":"Cuba","code2":"","name2":"","code3":"","name3":"","aidCode1":"","aidName1":"","aidCode2":"","aidName2":"","aidCode3":"","aidName3":"","selectionAid":false,"preserveOverviewDetail":false,"selectionAidRadiusNm":null},"geometry":{"type":"MultiPolygon","coordinates":[[[[-81.22416667,23.94],[-80.55883333,23.49733333],[-78.11544444,22.59611111],[-77.05297222,21.93005556],[-74.58452778,21.05908333],[-73.59263889,20.37594444],[-74.07793056,19.46558889],[-75.50641325,18.83223752],[-76.62611111,19.15638889],[-78.17924526,19.21960899],[-78.70735114,19.35419278],[-78.88207353,19.87328989],[-79.3728378,20.29889354],[-80.40020708,20.63343774],[-82.28993914,20.26706896],[-83.59444988,19.47467017],[-84,19],[-84.48333333,19],[-84.64185,19.5405],[-85.53975,20.82677778],[-86.93796944,24.94134167],[-86.54941726,25.22456578],[-83.6625,23.90333333],[-81.22416667,23.94]]]]}},{"type":"Feature","id":"marine-8407","properties":{"code1":"ky","name1":"Cayman Islands","code2":"","name2":"","code3":"","name3":"","aidCode1":"ky","aidName1":"Cayman Islands","aidCode2":"","aidName2":"","aidCode3":"","aidName3":"","selectionAid":true,"preserveOverviewDetail":false,"selectionAidRadiusNm":null},"geometry":{"type":"MultiPolygon","coordinates":[[[[-78.726943,19.35780663],[-80.03718837,18.05615512],[-80.83305556,17.58416667],[-82.35,17.58416667],[-83.59722222,19.46583333],[-82.23415059,20.288787],[-80.40020708,20.63343774],[-79.17448853,20.16458677],[-78.726943,19.35780663]]]]}},{"type":"Feature","id":"marine-8408","properties":{"code1":"ht","name1":"Haiti","code2":"","name2":"","code3":"","name3":"","aidCode1":"","aidName1":"","aidCode2":"","aidName2":"","aidCode3":"","aidName3":"","selectionAid":false,"preserveOverviewDetail":false,"selectionAidRadiusNm":null},"geometry":{"type":"MultiPolygon","coordinates":[[[[-72.20365917,20.59366157],[-72.05952077,19.9313879],[-71.76653323,19.70974201],[-72.81901514,19.95332718],[-73.41733062,19.83193302],[-73.39831066,19.63832724],[-72.76209044,19.45181966],[-72.82217383,19.05033636],[-72.35030484,18.54948163],[-72.89214432,18.42515504],[-74.41731667,18.62055707],[-74.36363733,18.29708171],[-73.87687075,18.02179265],[-73.39385211,18.26693153],[-72.0703125,18.23577011],[-71.76816285,18.04320943],[-72.3065132,17.64179639],[-73.01634147,16.53522924],[-73.47474847,15.02871118],[-74.00943069,14.87815592],[-74.85110198,17.33367976],[-74.74703752,18.5426608],[-74.9639719,19.16103444],[-74.11331667,19.41338611],[-73.58235556,20.37354444],[-72.43450153,20.71871884],[-72.20365917,20.59366157]]]]}},{"type":"Feature","id":"marine-8409","properties":{"code1":"do","name1":"Dominican Republic","code2":"","name2":"","code3":"","name3":"","aidCode1":"","aidName1":"","aidCode2":"","aidName2":"","aidCode3":"","aidName3":"","selectionAid":false,"preserveOverviewDetail":false,"selectionAidRadiusNm":null},"geometry":{"type":"MultiPolygon","coordinates":[[[[-65.85185629,21.85896319],[-66.83213119,21.83809177],[-67.29005034,20.81836998],[-67.87636979,18.59407878],[-68.23638944,18.1462743],[-68.4944791,15.23538119],[-69.57722222,15.41333333],[-71.67073829,15.011675],[-73.45833333,15.03333333],[-73.01634147,16.53522924],[-72.14104346,17.83352392],[-71.74863541,18.02795303],[-71.4227246,17.60370505],[-71.10574842,18.24875641],[-70.68810773,18.42932141],[-70.50304961,18.19622016],[-69.88040471,18.47248244],[-68.89553177,18.39976394],[-68.75110221,18.20806003],[-68.33132446,18.57210195],[-68.77549243,18.97424662],[-69.62693775,19.08276165],[-69.62732697,19.21889174],[-69.15315342,19.30241871],[-69.76348674,19.29221225],[-69.94569302,19.67464316],[-70.99922836,19.93188763],[-71.77740955,19.78021586],[-72.05382389,19.91996387],[-72.18906518,20.28794997],[-72.20365917,20.59366157],[-70.81039255,21.25953348],[-68.82691987,24.08931021],[-67.25225677,23.27272137],[-65.85185629,21.85896319]]]]}},{"type":"Feature","id":"marine-8411","properties":{"code1":"vg","name1":"British Virgin Islands","code2":"","name2":"","code3":"","name3":"","aidCode1":"vg","aidName1":"British Virgin Islands","aidCode2":"","aidName2":"","aidCode3":"","aidName3":"","selectionAid":true,"preserveOverviewDetail":false,"selectionAidRadiusNm":null},"geometry":{"type":"MultiPolygon","coordinates":[[[[-63.25764053,21.93984173],[-63.89893322,17.96503653],[-64.63416667,18.05083333],[-65.45583333,19.95805556],[-65.84126623,21.80540172],[-64.60666285,22.08881468],[-63.25764053,21.93984173]]]]}},{"type":"Feature","id":"marine-8412","properties":{"code1":"ai","name1":"Anguilla","code2":"","name2":"","code3":"","name3":"","aidCode1":"ai","aidName1":"Anguilla","aidCode2":"","aidName2":"","aidCode3":"","aidName3":"","selectionAid":true,"preserveOverviewDetail":false,"selectionAidRadiusNm":null},"geometry":{"type":"MultiPolygon","coordinates":[[[[-60.73666931,20.92202538],[-62.22634441,18.31209142],[-63.88734034,17.93882471],[-63.25764053,21.93984173],[-62.04425268,21.68060084],[-60.73666931,20.92202538]]]]}},{"type":"Feature","id":"marine-8413","properties":{"code1":"kn","name1":"Saint Kitts and Nevis","code2":"","name2":"","code3":"","name3":"","aidCode1":"kn","aidName1":"Saint Kitts and Nevis","aidCode2":"","aidName2":"","aidCode3":"","aidName3":"","selectionAid":true,"preserveOverviewDetail":false,"selectionAidRadiusNm":null},"geometry":{"type":"MultiPolygon","coordinates":[[[[-62.75095983,16.61163044],[-63.04671252,16.34156359],[-63.62492442,16.67871605],[-62.76955066,17.64393501],[-62.42165108,17.66173425],[-62.40188956,17.11248912],[-62.75095983,16.61163044]]]]}},{"type":"Feature","id":"marine-8414","properties":{"code1":"ag","name1":"Antigua and Barbuda","code2":"","name2":"","code3":"","name3":"","aidCode1":"ag","aidName1":"Antigua and Barbuda","aidCode2":"","aidName2":"","aidCode3":"","aidName3":"","selectionAid":true,"preserveOverviewDetail":false,"selectionAidRadiusNm":null},"geometry":{"type":"MultiPolygon","coordinates":[[[[-58.3682821,18.54153255],[-61.02604695,16.96634121],[-62.75095983,16.61163044],[-62.40188956,17.11248912],[-62.22634757,18.31207614],[-60.73666931,20.92202538],[-59.26993187,20.03834],[-58.3682821,18.54153255]]]]}},{"type":"Feature","id":"marine-8415","properties":{"code1":"ms","name1":"Montserrat","code2":"","name2":"","code3":"","name3":"","aidCode1":"ms","aidName1":"Montserrat","aidCode2":"","aidName2":"","aidCode3":"","aidName3":"","selectionAid":true,"preserveOverviewDetail":false,"selectionAidRadiusNm":null},"geometry":{"type":"MultiPolygon","coordinates":[[[[-61.83155233,16.68487275],[-62.81388889,15.84194444],[-63.04671252,16.34156359],[-62.75095983,16.61163044],[-62.20333626,16.88839139],[-61.83155233,16.68487275]]]]}},{"type":"Feature","id":"marine-8416","properties":{"code1":"lc","name1":"Saint Lucia","code2":"","name2":"","code3":"","name3":"","aidCode1":"lc","aidName1":"Saint Lucia","aidCode2":"","aidName2":"","aidCode3":"","aidName3":"","selectionAid":true,"preserveOverviewDetail":false,"selectionAidRadiusNm":null},"geometry":{"type":"MultiPolygon","coordinates":[[[[-59.99972222,14.11416667],[-60.3815781,13.24323763],[-62.86401493,14.08032454],[-61.00388889,14.2725],[-59.99972222,14.11416667]]]]}},{"type":"Feature","id":"marine-8417","properties":{"code1":"dm","name1":"Dominica","code2":"","name2":"","code3":"","name3":"","aidCode1":"dm","aidName1":"Dominica","aidCode2":"","aidName2":"","aidCode3":"","aidName3":"","selectionAid":true,"preserveOverviewDetail":false,"selectionAidRadiusNm":null},"geometry":{"type":"MultiPolygon","coordinates":[[[[-57.91018275,16.36690433],[-57.875,16.23083333],[-62.81388889,14.48861111],[-62.81388889,15.065],[-61.4425,15.78722222],[-60.89944444,15.665],[-57.94833333,16.50083333],[-57.91018275,16.36690433]]]]}},{"type":"Feature","id":"marine-8418","properties":{"code1":"bb","name1":"Barbados","code2":"","name2":"","code3":"","name3":"","aidCode1":"bb","aidName1":"Barbados","aidCode2":"","aidName2":"","aidCode3":"","aidName3":"","selectionAid":true,"preserveOverviewDetail":false,"selectionAidRadiusNm":null},"geometry":{"type":"MultiPolygon","coordinates":[[[[-56.00569974,13.33470849],[-56.24053636,11.93299228],[-57.06256031,10.70767845],[-57.11665694,10.95510244],[-57.97866667,11.06166667],[-60.2950625,12.35464111],[-60.38156061,13.24207517],[-60.00307556,14.11029016],[-58.16194444,15.75916667],[-57.5522905,16.0192335],[-56.43645285,14.80470446],[-56.00569974,13.33470849]]]]}},{"type":"Feature","id":"marine-8419","properties":{"code1":"gd","name1":"Grenada","code2":"","name2":"","code3":"","name3":"","aidCode1":"gd","aidName1":"Grenada","aidCode2":"","aidName2":"","aidCode3":"","aidName3":"","selectionAid":true,"preserveOverviewDetail":false,"selectionAidRadiusNm":null},"geometry":{"type":"MultiPolygon","coordinates":[[[[-60.78119119,12.06203301],[-61.73222222,11.39194444],[-62.31237339,11.4546232],[-63.26411438,13.33244046],[-61.38281105,12.52847677],[-60.78119119,12.06203301]]]]}},{"type":"Feature","id":"marine-8420","properties":{"code1":"tt","name1":"Trinidad and Tobago","code2":"","name2":"","code3":"","name3":"","aidCode1":"tt","aidName1":"Trinidad and Tobago","aidCode2":"","aidName2":"","aidCode3":"","aidName3":"","selectionAid":true,"preserveOverviewDetail":false,"selectionAidRadiusNm":null},"geometry":{"type":"MultiPolygon","coordinates":[[[[-57.1175,10.9765],[-60.26722222,9.89055556],[-62.08305556,10.04611111],[-61.73111111,10.90416667],[-61.73213523,11.39163958],[-60.2950625,12.35464111],[-57.97866667,11.06166667],[-57.1175,10.9765]]]]}},{"type":"Feature","id":"marine-8421","properties":{"code1":"vc","name1":"Saint Vincent and the Grenadines","code2":"","name2":"","code3":"","name3":"","aidCode1":"vc","aidName1":"Saint Vincent and the Grenadines","aidCode2":"","aidName2":"","aidCode3":"","aidName3":"","selectionAid":true,"preserveOverviewDetail":false,"selectionAidRadiusNm":null},"geometry":{"type":"MultiPolygon","coordinates":[[[[-60.3815781,13.24323763],[-60.29558388,12.37704583],[-60.78119119,12.06203301],[-61.3851794,12.52917554],[-63.26708735,13.35158612],[-63.36907934,13.61845392],[-62.86401493,14.08032454],[-60.3815781,13.24323763]]]]}},{"type":"Feature","id":"marine-8423","properties":{"code1":"pa","name1":"Panama","code2":"","name2":"","code3":"","name3":"","aidCode1":"","aidName1":"","aidCode2":"","aidName2":"","aidCode3":"","aidName3":"","selectionAid":false,"preserveOverviewDetail":false,"selectionAidRadiusNm":null},"geometry":{"type":"MultiPolygon","coordinates":[[[[-77.37385213,8.66142523],[-78.04730582,9.24460757],[-79.04936635,9.43896055],[-78.97029996,9.55526221],[-79.56427431,9.62037468],[-79.91476357,9.26068926],[-79.54421115,8.92999792],[-79.05904365,9.12642121],[-78.42703736,8.36462963],[-78.40547657,8.56207013],[-78.10058033,8.41101515],[-78.14484835,8.57800043],[-77.79268265,8.09633374],[-78.16013563,8.41312647],[-78.43382227,8.09253204],[-77.89326274,7.22187674],[-79.05,6.26666667],[-79.85716343,5.0150051],[-84.31666667,5],[-82.87622511,8.20836651],[-82.21804047,8.36627793],[-81.29748666,7.65967464],[-81.23490012,7.92815626],[-80.8682636,7.20485556],[-80.00602663,7.46423793],[-80.49709368,8.23960412],[-79.69837224,8.64798164],[-79.85272086,8.65306973],[-79.56271994,8.90692651],[-79.69744921,9.10961223],[-80.07926357,9.02403045],[-79.94177973,9.25897086],[-81.51690602,8.80715156],[-81.84640265,9.11329532],[-81.7740705,8.99510491],[-82.26248515,9.01196861],[-82.34410155,9.41975784],[-82.52078891,9.39463866],[-82.56025612,9.56888974],[-81.25,11],[-80,11],[-80,11.83333333],[-79,11.83333333],[-79,12.5],[-78,12.5],[-77.81666667,12.31666667],[-77.05393315,9.46999353],[-77.37385213,8.66142523]]]]}},{"type":"Feature","id":"marine-8424","properties":{"code1":"cr","name1":"Costa Rica","code2":"","name2":"","code3":"","name3":"","aidCode1":"","aidName1":"","aidCode2":"","aidName2":"","aidCode3":"","aidName3":"","selectionAid":false,"preserveOverviewDetail":false,"selectionAidRadiusNm":null},"geometry":{"type":"MultiPolygon","coordinates":[[[[-85.85967235,11.04670797],[-85.66990936,11.05979872],[-85.86373544,10.95044184],[-85.66266274,10.77552724],[-85.87378585,10.35906696],[-85.6687214,9.90360893],[-85.10954893,9.55434406],[-84.87748992,9.81543314],[-85.35214305,10.31567335],[-84.74667895,9.97203565],[-84.67664433,9.62768614],[-83.79408455,9.20251095],[-83.52709675,8.87379074],[-83.73382914,8.59864712],[-83.30676401,8.38083947],[-83.4674865,8.7228415],[-83.17253625,8.64257395],[-82.8994714,8.09148824],[-84.31666667,5],[-84.31666667,3.53333333],[-85.60697337,2.48800278],[-87.14512306,2.15062167],[-89.43649528,3.44386722],[-90.30680139,4.56548361],[-90.40134179,6.04040901],[-89.84643767,7.44369036],[-88.74692316,8.45354761],[-89.19680111,9.71719848],[-86.95766667,10.77436111],[-85.85967235,11.04670797]]],[[[-80,11.60170789],[-80,11],[-81.25,11],[-82.56560001,9.57228575],[-83.52066982,10.58356047],[-83.4302181,10.39372742],[-83.58361697,10.77935874],[-83.76719391,10.76945686],[-83.62711883,10.73113501],[-83.69438889,10.97302778],[-83.49625,11.23436111],[-81.96694444,11.19541667],[-80,11.60170789]]]]}},{"type":"Feature","id":"marine-8425","properties":{"code1":"ni","name1":"Nicaragua","code2":"","name2":"","code3":"","name3":"","aidCode1":"","aidName1":"","aidCode2":"","aidName2":"","aidCode3":"","aidName3":"","selectionAid":false,"preserveOverviewDetail":false,"selectionAidRadiusNm":null},"geometry":{"type":"MultiPolygon","coordinates":[[[[-87.49438947,13.08763539],[-87.18449605,12.89027703],[-87.57845807,13.07972908],[-87.67942262,12.94953978],[-85.77908123,11.11223066],[-86.71819444,10.86872222],[-89.19806829,9.72309784],[-89.41938309,9.94071118],[-88.14384387,12.64696221],[-87.80775355,13.06439059],[-87.49438947,13.08763539]]],[[[-79.239928,14.881136],[-79.35777778,13.7775],[-81.49277778,13.77638889],[-81.76638889,13.51888889],[-82.12416667,12.12444444],[-81.81444444,11.96305556],[-81.24555556,12.37944444],[-79.559373,12.404169],[-79.588629,11.853137],[-80,11.83333333],[-80,11.60170789],[-81.96694444,11.19541667],[-83.49625,11.23436111],[-83.69809341,10.93931007],[-83.87431192,11.31716347],[-83.64507782,11.61421072],[-83.75949693,12.01971245],[-84.21105933,12.16149783],[-83.68422031,12.00228632],[-83.6993134,12.87982762],[-83.48884153,12.40688193],[-83.50514805,12.90244675],[-83.89196956,13.15132356],[-83.60560882,12.89652515],[-83.50892746,13.98933434],[-83.19918811,14.32796943],[-83.41491306,14.83638334],[-83.14875591,14.99055934],[-83.31884754,15.00147486],[-82.88166667,15.09027778],[-82.46222222,14.88138889],[-82.25638889,14.97527778],[-82.275,15.20722222],[-80.22872739,16.00711483],[-79.239928,14.881136]]]]}},{"type":"Feature","id":"marine-8426","properties":{"code1":"co","name1":"Colombia","code2":"","name2":"","code3":"","name3":"","aidCode1":"","aidName1":"","aidCode2":"","aidName2":"","aidCode3":"","aidName3":"","selectionAid":false,"preserveOverviewDetail":false,"selectionAidRadiusNm":null},"geometry":{"type":"MultiPolygon","coordinates":[[[[-71.37835664,14.28397605],[-71.2498408,12.81366162],[-71.03358814,12.26429432],[-70.69814852,11.99653176],[-70.75440386,11.7052186],[-70.93097258,11.61683051],[-71.32361335,11.84201359],[-71.13606882,12.00243223],[-71.22584593,12.28775525],[-71.66132045,12.45781827],[-71.96839428,12.15130651],[-72.17873454,12.21634555],[-72.24416816,11.87743831],[-73.27490485,11.28647006],[-74.15108311,11.33107972],[-74.45658576,10.72603905],[-74.51585555,10.9141165],[-74.31113732,10.97814095],[-74.83143282,11.09822893],[-74.71798515,10.59122467],[-74.87145293,10.32774365],[-74.72597277,10.67995977],[-74.85247064,11.10041058],[-75.50270545,10.57606328],[-75.69161713,10.14246655],[-75.53781891,10.24280262],[-75.6386528,9.42475176],[-75.95778,9.43189478],[-76.33913767,8.91930115],[-76.88599861,8.62289095],[-76.71811974,8.04534113],[-77.03394353,7.72903085],[-76.92596495,8.20101035],[-77.36727595,8.67445147],[-77.05,9.45],[-77.25,10.46666667],[-78,12.5],[-79,12.5],[-79,11.83333333],[-79.59140895,11.83333333],[-79.559373,12.404169],[-81.24527778,12.4025],[-81.8325,11.96138889],[-82.12416667,12.12444444],[-81.76638889,13.51888889],[-81.49277778,13.77638889],[-79.357778,13.7775],[-79.241342,14.948684],[-78.325,14.25],[-77.66666667,14.08333333],[-73.47474847,15.02871118],[-71.40527778,14.96444444],[-71.37835664,14.28397605]]],[[[-77.88092065,7.21113741],[-77.32640755,6.55203855],[-77.24242175,5.78000176],[-77.49455047,5.60284245],[-77.22924757,4.66738141],[-77.42153156,4.32573092],[-77.22115958,4.15689063],[-76.99232745,4.48297977],[-77.01796973,4.17866552],[-77.43819952,4.11809194],[-77.36328506,3.92985666],[-77.2507025,4.0900526],[-77.18116617,3.8317672],[-77.03003204,3.91193902],[-77.38350916,3.20523405],[-77.45293391,3.30660653],[-77.22972965,2.85142302],[-77.53517103,3.20382762],[-77.74939406,2.50254154],[-77.97020245,2.63996637],[-78.1098901,2.41156101],[-78.20851696,2.66877615],[-78.27075672,2.39905345],[-78.48926091,2.54378986],[-78.61969745,2.37708378],[-78.63693356,1.67733085],[-78.71755981,1.79327452],[-79.00751746,1.65678966],[-78.83628952,1.68832994],[-78.66902292,1.42019045],[-78.82341194,1.67749095],[-79.00929713,1.6356647],[-78.76936746,1.39071298],[-83.79666667,1.45666667],[-84.12525059,1.78484276],[-84.80701754,3.01388173],[-84.31666667,3.53333333],[-84.31666667,5],[-79.86666667,5],[-79.05,6.26666667],[-77.88092065,7.21113741]]]]}},{"type":"Feature","id":"marine-8427","properties":{"code1":"hn","name1":"Honduras","code2":"","name2":"","code3":"","name3":"","aidCode1":"","aidName1":"","aidCode2":"","aidName2":"","aidCode3":"","aidName3":"","selectionAid":false,"preserveOverviewDetail":false,"selectionAidRadiusNm":null},"geometry":{"type":"MultiPolygon","coordinates":[[[[-87.63815916,13.47131348],[-87.39195323,13.40408063],[-87.41137172,13.01158531],[-87.73371524,13.32474399],[-87.63815916,13.47131348]]],[[[-84.64185,19.5405],[-84.48333333,19],[-84,19],[-83.59722222,19.46583333],[-82.35,17.58416667],[-80.83305556,17.58416667],[-80.2240957,16.00919536],[-82.36555556,15.26888889],[-82.23166667,15.04],[-82.42194444,14.87861111],[-82.88138889,15.07527778],[-83.27804932,14.98911273],[-83.15050554,14.99697292],[-83.70379043,15.38340163],[-83.55846977,15.29699957],[-83.97030473,15.28734434],[-84.14405632,15.50986016],[-83.73289251,15.38569105],[-84.28502822,15.79857552],[-84.36793256,15.67835391],[-84.28199601,15.76576436],[-84.91558361,15.95403385],[-85.78110111,15.87660241],[-85.99580204,16.02810955],[-85.85890722,15.99804676],[-86.90652812,15.75522447],[-87.71321535,15.91828406],[-88.14321077,15.68136156],[-88.19793223,15.94055419],[-87.22301685,16.59296327],[-86.1725123,17.78409852],[-85.51873917,18.19294333],[-85.12022556,19.14163694],[-84.64185,19.5405]]]]}},{"type":"Feature","id":"marine-8428","properties":{"code1":"sv","name1":"El Salvador","code2":"","name2":"","code3":"","name3":"","aidCode1":"sv","aidName1":"El Salvador","aidCode2":"","aidName2":"","aidCode3":"","aidName3":"","selectionAid":true,"preserveOverviewDetail":false,"selectionAidRadiusNm":null},"geometry":{"type":"MultiPolygon","coordinates":[[[[-87.82179034,13.41156054],[-87.61542946,13.14765205],[-88.14384387,12.64696221],[-89.42419988,9.94487775],[-91.43498715,10.58141449],[-90.85472237,12.36588211],[-90.13798598,13.7366],[-88.47831762,13.17220354],[-88.60399675,13.22116506],[-87.89535534,13.15600944],[-87.82179034,13.41156054]]]]}},{"type":"Feature","id":"marine-8429","properties":{"code1":"mx","name1":"Mexico","code2":"","name2":"","code3":"","name3":"","aidCode1":"","aidName1":"","aidCode2":"","aidName2":"","aidCode3":"","aidName3":"","selectionAid":false,"preserveOverviewDetail":false,"selectionAidRadiusNm":null},"geometry":{"type":"MultiPolygon","coordinates":[[[[-88.04561222,18.85538161],[-87.89802766,18.22020662],[-88.29605218,18.48113446],[-88.04561222,18.85538161]]],[[[-93.44335162,25.99619711],[-93.64904297,24.74361987],[-92.61113441,25.27102207],[-90.49472222,25.78111111],[-88.6283979,25.70850701],[-87.25114286,24.94701736],[-86.9610478,24.94676975],[-85.53975,20.82677778],[-84.64185,19.5405],[-85.12022556,19.14163694],[-85.51873917,18.19294333],[-86.15510556,17.78504861],[-87.82441502,18.18515659],[-87.44554603,19.31210494],[-87.68383062,19.31533504],[-87.44788528,19.63151383],[-87.74791574,19.60057473],[-86.75338995,21.12186158],[-86.99082041,21.56278706],[-87.22050858,21.42060697],[-87.95910025,21.60844696],[-87.61252415,21.50131142],[-88.62056017,21.51976395],[-90.32306564,21.01975405],[-90.45782042,19.94176531],[-90.76076567,19.30482686],[-91.49834263,18.79062116],[-91.11350834,19.02815771],[-91.35370994,18.88348985],[-91.30879641,18.56560063],[-91.58674765,18.44173324],[-92.67646933,18.61081135],[-92.64870656,18.40300035],[-92.18097866,18.10546875],[-92.56868052,18.38721144],[-92.65208948,18.28707588],[-92.65747106,18.51655447],[-93.07133877,18.43585527],[-92.83778322,18.35993373],[-93.51158595,18.41174352],[-94.40539718,18.15986931],[-94.41338301,17.82785344],[-94.20900822,17.85940313],[-94.6569736,17.86138308],[-94.83238316,17.44870603],[-94.75997674,17.82888865],[-94.41833258,18.06125605],[-94.79703045,18.52222955],[-95.7427026,18.7889868],[-95.29143655,18.12720263],[-95.68507874,18.61269367],[-95.82754183,18.33071756],[-95.63739622,18.69994712],[-96.01195896,18.48340964],[-95.86730266,18.75231242],[-95.96980453,19.04974794],[-97.29705584,20.94656801],[-97.46881962,20.90896523],[-97.34714305,20.95243764],[-97.79361534,22.25355864],[-98.01156664,22.17059422],[-97.84611976,22.20819092],[-97.76801884,22.87916374],[-97.73739183,23.75665951],[-98.03301311,23.73805368],[-97.73676395,23.89215875],[-97.85902214,24.51741684],[-97.67065287,24.91995251],[-97.82369947,25.25473416],[-97.53089476,25.29067576],[-97.56771684,25.43226016],[-97.39874387,25.41226685],[-97.44669676,25.24981642],[-97.14378715,25.93150115],[-96.80805556,26.00861111],[-93.44335162,25.99619711]]],[[[-95.18915701,16.16848457],[-94.74762905,16.20912683],[-95.10477304,16.23560131],[-94.82539415,16.27130115],[-94.95891964,16.24358261],[-94.9135431,16.42216933],[-93.99113047,16.00108135],[-94.38196075,16.17608798],[-94.1255784,16.22315371],[-92.22809577,14.53345287],[-94.3088081,11.87328683],[-95.04238734,12.54092187],[-96.20839359,12.31841789],[-97.19992659,12.36578257],[-98.95591952,12.83143351],[-102.13564567,14.08118],[-103.24162698,14.01571052],[-104.25599773,14.25617837],[-105.2501646,14.8597169],[-106.17476668,16.13540272],[-107.75921258,17.27853093],[-108.78100612,16.08604472],[-110.21045646,15.44602826],[-111.3719135,15.39392193],[-112.52264677,15.7287006],[-113.56736827,15.17702521],[-114.74358072,14.98863897],[-116.45192203,15.41584703],[-117.42813224,16.18996233],[-118.05160988,17.21826394],[-118.26762543,18.39113308],[-118.03526068,19.59526014],[-117.37428841,20.61997654],[-116.40053983,21.33685237],[-115.19931121,21.69407121],[-113.90897026,21.63651874],[-115.24407883,22.82177977],[-115.87393986,24.07048616],[-117.84866844,25.51578498],[-119.74138141,25.76665378],[-121.24752943,26.78604304],[-121.80046638,27.61402867],[-122.1338996,28.65404767],[-122.15051251,29.61165684],[-121.86574243,30.52320597],[-118.605,31.13277778],[-117.82527778,32.62694444],[-117.13314558,32.53103045],[-116.60953462,31.82115102],[-116.68954051,31.5567286],[-116.33991027,31.20694375],[-116.33270085,30.96113193],[-116.05428886,30.78691971],[-115.69521093,29.75073886],[-114.95146453,29.36121643],[-114.04795265,28.47028446],[-114.10781384,27.92663097],[-114.12044275,28.0805608],[-114.27537096,27.90471756],[-113.86671245,27.6746906],[-115.0746212,27.85358143],[-115.02586222,27.74350512],[-113.61906254,26.71875],[-113.28064013,26.75036263],[-113.14873457,26.96972644],[-113.04285836,26.58362591],[-112.1903609,25.98308051],[-112.16975713,24.81147265],[-112.10430634,24.99320221],[-112.11663651,24.79200292],[-110.33819556,23.56862235],[-109.96745086,22.87225378],[-109.46929657,23.18729854],[-109.46793127,23.55167603],[-110.17277634,24.25146186],[-110.53818667,24.20404351],[-111.57554805,26.70811892],[-111.82136381,26.89613104],[-111.68244362,26.59846127],[-111.84510434,26.64378536],[-111.95205975,27.09303212],[-112.76019585,27.84765196],[-112.84488034,28.42130113],[-114.53279197,29.96766233],[-114.88596392,31.12462914],[-114.80796206,31.79198468],[-115.03473365,31.94227052],[-113.11489165,31.20927191],[-113.08328176,30.67482555],[-112.16285515,28.97850692],[-111.10568905,27.93608201],[-110.51769412,27.85597634],[-110.44919682,27.30338705],[-109.91496944,27.05594575],[-109.82150412,26.75211346],[-109.08940625,26.26975262],[-109.21189296,26.34215856],[-109.37067306,26.10833395],[-109.40003133,25.69974363],[-108.94746566,25.67000878],[-109.11879921,25.54682505],[-108.7808634,25.54353142],[-108.06627464,25.08213055],[-107.98826313,24.64335096],[-107.06627393,24.05266666],[-106.42784405,23.19835162],[-105.70987475,22.48461366],[-105.68724895,22.60928762],[-105.47226346,22.13062644],[-105.63547385,22.18225145],[-105.63719845,21.97554731],[-105.2115972,21.50986552],[-105.23500991,21.06305206],[-105.53850746,20.76910627],[-105.23718536,20.64018846],[-105.60455942,20.47543585],[-105.5431745,20.08893454],[-104.96352124,19.33079958],[-103.73900485,18.68712628],[-103.64007294,18.78410315],[-103.73692012,18.68484044],[-103.36003304,18.26261294],[-101.96354783,17.96784413],[-101.06776273,17.31720555],[-99.67983341,16.70374012],[-98.72994804,16.50351191],[-98.32906497,16.68156552],[-98.65736365,16.53540528],[-98.53559005,16.31051743],[-97.79099262,15.98696661],[-96.50539637,15.6584022],[-95.18915701,16.16848457]]]]}},{"type":"Feature","id":"marine-8430","properties":{"code1":"gt","name1":"Guatemala","code2":"","name2":"","code3":"","name3":"","aidCode1":"","aidName1":"","aidCode2":"","aidName2":"","aidCode3":"","aidName3":"","selectionAid":false,"preserveOverviewDetail":false,"selectionAidRadiusNm":null},"geometry":{"type":"MultiPolygon","coordinates":[[[[-92.19203985,14.50487685],[-91.31412935,13.95386577],[-90.13770127,13.74739897],[-90.85472237,12.36588211],[-91.4401024,10.58414919],[-92.9621227,11.00036652],[-94.30431032,11.86978996],[-92.19203985,14.50487685]]],[[[-88.34620019,15.97495971],[-88.22629435,15.72696026],[-88.43496275,15.61630881],[-88.30866671,15.68635225],[-88.60581744,15.96587825],[-88.47175574,15.83368194],[-88.62020946,15.69477951],[-88.7657094,15.80281568],[-89.09027207,15.41928244],[-89.38134611,15.50295961],[-88.74755561,15.82540858],[-88.93807924,15.88943624],[-88.74581869,15.97741172],[-88.34620019,15.97495971]]]]}},{"type":"Feature","id":"marine-8431","properties":{"code1":"ec","name1":"Ecuador","code2":"","name2":"","code3":"","name3":"","aidCode1":"","aidName1":"","aidCode2":"","aidName2":"","aidCode3":"","aidName3":"","selectionAid":false,"preserveOverviewDetail":false,"selectionAidRadiusNm":null},"geometry":{"type":"MultiPolygon","coordinates":[[[[-78.95333333,1.45666667],[-78.77665686,1.39020618],[-78.86629653,1.05670691],[-79.06088734,1.21426463],[-80.07259321,0.79811156],[-79.94497704,0.20786476],[-80.01852953,0.35647762],[-80.07182896,0.04682767],[-80.49323344,-0.38551736],[-80.39690578,-0.62283301],[-80.58304036,-0.92685795],[-80.912395,-1.05866885],[-80.73691571,-1.35672426],[-80.73570144,-2.05637598],[-81.01269555,-2.18695486],[-80.44996154,-2.63081408],[-80.28204966,-2.73400176],[-79.99784017,-2.28931224],[-79.91372943,-2.58702397],[-79.66364205,-1.86119556],[-79.99644637,-3.41035736],[-84.489,-3.392125],[-84.3418411,-0.57400963],[-83.4659065,1.43633141],[-78.95333333,1.45666667]]]]}},{"type":"Feature","id":"marine-8432","properties":{"code1":"pe","name1":"Peru","code2":"","name2":"","code3":"","name3":"","aidCode1":"","aidName1":"","aidCode2":"","aidName2":"","aidCode3":"","aidName3":"","selectionAid":false,"preserveOverviewDetail":false,"selectionAidRadiusNm":null},"geometry":{"type":"MultiPolygon","coordinates":[[[[-80.31391015,-3.392125],[-81.24527784,-4.26075055],[-81.31778145,-4.69717646],[-81.06156504,-5.04767382],[-81.1911633,-5.22010016],[-80.71450198,-5.85341823],[-81.08570695,-5.79225004],[-81.09852934,-6.08004332],[-79.97445643,-6.76074195],[-78.98825777,-8.20824194],[-77.63830948,-11.30772722],[-77.20841086,-11.65233076],[-76.21167612,-13.37768114],[-76.26112068,-13.86543703],[-76.37122333,-13.80618393],[-76.27895176,-14.18173444],[-75.18862641,-15.35752213],[-71.50993896,-17.26800168],[-71.34218431,-17.63701141],[-70.38157785,-18.34863281],[-71.78228611,-18.35011667],[-73.73071667,-19.97343889],[-73.73071667,-20.19844722],[-74.25709572,-19.66725518],[-77.19984511,-18.11172112],[-78.61249462,-16.76875652],[-79.292225,-15.82282021],[-79.80979938,-14.6198424],[-80.78643695,-13.45453948],[-81.24043998,-11.56111102],[-81.73205453,-10.49638504],[-82.01030195,-10.0518552],[-83.37668727,-9.01595479],[-84.25307328,-7.26134097],[-84.66449879,-4.88415622],[-84.47416903,-3.39222221],[-80.31391015,-3.392125]]]]}},{"type":"Feature","id":"marine-8433","properties":{"code1":"ve","name1":"Venezuela","code2":"","name2":"","code3":"","name3":"","aidCode1":"","aidName1":"","aidCode2":"","aidName2":"","aidCode3":"","aidName3":"","selectionAid":false,"preserveOverviewDetail":false,"selectionAidRadiusNm":null},"geometry":{"type":"MultiPolygon","coordinates":[[[[-64.01501727,16.74628256],[-63.04671252,16.34156359],[-62.81388889,15.84194444],[-62.81388889,14.08055556],[-63.36907934,13.61845392],[-62.31237339,11.4546232],[-61.73213523,11.39163958],[-61.80277778,10.58888889],[-62.08305556,10.04611111],[-60.66416667,9.83194444],[-58.82,10.16638889],[-59.8391072,8.36865038],[-60.38884902,8.63081956],[-59.80895376,8.3070358],[-60.71142375,8.6027112],[-61.08974147,8.38841701],[-61.01872265,8.49825871],[-61.68637037,8.58612514],[-62.57248831,8.45295715],[-61.86540115,8.87861037],[-61.52258015,9.69658971],[-61.80571652,9.83138621],[-61.74419296,9.59467006],[-62.24117005,9.98288405],[-62.04444897,9.87601566],[-62.20471024,9.91193855],[-62.2208389,9.59722114],[-62.18693066,9.8829509],[-62.44257402,9.49733746],[-62.0531342,8.87961435],[-62.58560753,9.56624925],[-62.37026668,9.74188364],[-62.49885607,10.17377937],[-62.84793925,9.92674494],[-62.99958992,10.08786225],[-62.67656934,10.06880081],[-62.68423974,10.32016075],[-63.03691375,10.44656777],[-61.85408044,10.73099697],[-64.28567207,10.61129105],[-63.65559125,10.49590945],[-64.18828785,10.47655284],[-65.13586366,10.04333353],[-65.93438566,10.30287862],[-66.23998463,10.64839625],[-68.11047018,10.48122084],[-68.40446281,11.19051814],[-68.85066342,11.44293177],[-69.62484121,11.46905375],[-69.92997074,12.17066658],[-70.20713115,12.09926593],[-70.23542047,11.63528657],[-69.80257964,11.69453776],[-69.82937574,11.85138762],[-69.67447793,11.46500576],[-70.15835333,11.46651781],[-71.56928146,10.79299867],[-71.03097558,9.72775865],[-71.06244361,9.31360185],[-71.54558611,9.03630185],[-71.84106934,9.32842076],[-72.06112552,9.11877632],[-72.75010017,9.08089422],[-72.27854061,9.05608404],[-71.72280395,9.34093034],[-72.01173592,9.46810091],[-72.12488353,9.80434632],[-71.58155727,10.70075321],[-71.86479557,11.04600751],[-71.62170434,10.99272537],[-71.95753205,11.58384144],[-71.3368777,11.83787584],[-70.95170832,11.60646972],[-70.75440386,11.7052186],[-70.69814852,11.99653176],[-71.04887896,12.2869749],[-71.24942044,12.81060128],[-71.40527778,14.96444444],[-69.61932072,15.28310939],[-70.41666667,12.81666667],[-70.41666667,12.35],[-69.73916667,12.26277778],[-68.95416667,11.75833333],[-67.98972222,11.66666667],[-67.98972222,12.45],[-68.86222222,15.24111111],[-66.575,14.93],[-65.98140326,15.65491414],[-64.01501727,16.74628256]]]]}},{"type":"Feature","id":"marine-8435","properties":{"code1":"fo","name1":"Faeroe","code2":"","name2":"","code3":"","name3":"","aidCode1":"fo","aidName1":"Faeroe","aidCode2":"","aidName2":"","aidCode3":"","aidName3":"","selectionAid":true,"preserveOverviewDetail":false,"selectionAidRadiusNm":null},"geometry":{"type":"MultiPolygon","coordinates":[[[[-9.011,59.94083333],[-13.26998333,60.15051667],[-13.99285092,60.69895098],[-12.9643,61.92611111],[-12.14539444,62.53932222],[-5.57839444,65.68961944],[-2.63540628,65.25980352],[-0.48685587,64.43443003],[-0.48876389,63.88748056],[-3.05541667,61.98721667],[-4.73786667,60.40128333],[-9.011,59.94083333]]]]}},{"type":"Feature","id":"marine-8437","properties":{"code1":"sj","name1":"Jan Mayen","code2":"","name2":"","code3":"","name3":"","aidCode1":"","aidName1":"","aidCode2":"","aidName2":"","aidCode3":"","aidName3":"","selectionAid":false,"preserveOverviewDetail":false,"selectionAidRadiusNm":null},"geometry":{"type":"MultiPolygon","coordinates":[[[[2.3562245,71.17424422],[1.43316908,69.95526347],[-0.41222597,68.94321764],[-2.91292831,68.20572583],[-6.62231619,67.61275656],[-7.57240952,68.34890639],[-8.94763992,68.93805233],[-11.30032158,69.47308739],[-13.26666667,69.58333333],[-13.62955556,69.90955556],[-12.76702778,71.88077778],[-11.47463889,72.82283333],[-5.02375204,74.35920343],[-1.82155669,73.92633464],[0.61366264,73.20210058],[2.05709142,72.24086897],[2.34857731,71.71138614],[2.3562245,71.17424422]]]]}},{"type":"Feature","id":"marine-8438","properties":{"code1":"gl","name1":"Greenland","code2":"","name2":"","code3":"","name3":"","aidCode1":"","aidName1":"","aidCode2":"","aidName2":"","aidCode3":"","aidName3":"","selectionAid":false,"preserveOverviewDetail":false,"selectionAidRadiusNm":null},"geometry":{"type":"MultiPolygon","coordinates":[[[[-12.44914681,86.65868633],[-4.65647431,86.23927759],[1.016856,85.6262618],[3.35610873,85.16799919],[6.23105997,84.04236931],[7.96833244,83.70925768],[5.85594167,82.348625],[2.20598611,81.28370556],[-1.63739722,79.88221667],[-3.343875,78.33333333],[-3.21465556,77.61024444],[-2.82373418,76.98677545],[-4.45870844,76.06478381],[-4.28885227,75.31570935],[-4.83315947,74.51876553],[-11.47463889,72.82283333],[-12.76702778,71.88077778],[-13.62955556,69.90955556],[-13.26666667,69.58333333],[-13.56,69.35666667],[-24.44166667,67.63],[-28.97833333,66.21166667],[-29.85666667,65.21666667],[-30.86017039,63.32018326],[-33.64669675,62.50328684],[-35.04320017,61.41104528],[-36.90801541,58.87383533],[-37.64720226,58.18317283],[-39.47722848,57.21064262],[-42.19135343,56.53055673],[-44.45159957,56.39495092],[-47.13029401,56.71265401],[-51.8059484,57.87465783],[-53.67781916,58.69705069],[-57.26821678,61.40749583],[-57.35222222,62.03416667],[-58.03333333,63.58333333],[-57.81694444,64.0675],[-57.65055556,66.60027778],[-57.9025,67.45083333],[-58.70111111,68.4175],[-60.03444444,68.93555556],[-60.85166667,69.48444444],[-61.28444444,70.55027778],[-63.5025,72.10111111],[-66.4175,73.41916667],[-68.20083333,73.61916667],[-72.88333333,74.73388889],[-75,76.68444444],[-74.76666667,77.5],[-73.76666667,78.41666667],[-73,78.80138889],[-69.33333333,79.65],[-68.33333333,80.41666667],[-67.11861111,80.75],[-58.99537228,82.41384288],[-57.71992985,82.9276997],[-56.85797251,83.59660047],[-56.48138217,84.36315331],[-57.95097694,85.82699098],[-60.14974661,86.32415183],[-50.35153247,86.74549406],[-37.75685736,86.96367569],[-23.88405858,86.95338708],[-12.44914681,86.65868633]]]]}},{"type":"Feature","id":"marine-8439","properties":{"code1":"pn","name1":"Pitcairn","code2":"","name2":"","code3":"","name3":"","aidCode1":"pn","aidName1":"Pitcairn","aidCode2":"","aidName2":"","aidCode3":"","aidName3":"","selectionAid":true,"preserveOverviewDetail":false,"selectionAidRadiusNm":null},"geometry":{"type":"MultiPolygon","coordinates":[[[[-133.43269348,-26.58425407],[-132.99222222,-25.67777778],[-132.14361111,-21.05138889],[-131.97861111,-20.765],[-131.51325808,-20.6388685],[-130.33558816,-20.5812583],[-128.90615793,-21.02203129],[-127.59771628,-21.04776764],[-126.21595484,-21.59638638],[-124.84570639,-21.32688607],[-123.53317046,-21.52936231],[-121.99912229,-22.51491173],[-121.48231306,-23.24217106],[-121.1731718,-24.09771607],[-121.17660871,-25.3618597],[-121.7074964,-26.54594179],[-122.67859896,-27.44256926],[-123.97892959,-27.95492768],[-125.43280315,-27.98369937],[-126.80885741,-27.49374363],[-129.1684116,-28.31851536],[-130.68935468,-28.38345478],[-132.28719732,-27.78868962],[-133.43269348,-26.58425407]]]]}},{"type":"Feature","id":"marine-8440","properties":{"code1":"pf","name1":"French Polynesia","code2":"","name2":"","code3":"","name3":"","aidCode1":"pf","aidName1":"French Polynesia","aidCode2":"","aidName2":"","aidCode3":"","aidName3":"","selectionAid":true,"preserveOverviewDetail":false,"selectionAidRadiusNm":null},"geometry":{"type":"MultiPolygon","coordinates":[[[[-135.9282033,-7.89809886],[-135.32625503,-9.65882022],[-135.22469967,-10.59736291],[-135.46036397,-11.74563305],[-136.08848957,-12.76292374],[-135.47038968,-13.9594896],[-135.37291411,-15.2771607],[-134.16591491,-15.90122927],[-133.28390605,-16.85626119],[-132.8293992,-18.02431703],[-132.84043608,-19.23756513],[-131.97959905,-20.75821266],[-132.99222222,-25.67777778],[-133.44863731,-26.58852941],[-134.61085286,-26.72097133],[-136.26490398,-26.43749483],[-137.94962708,-26.44780329],[-138.860015,-26.13826202],[-140.7533568,-25.08249034],[-141.82092454,-24.88625144],[-140.76544338,-25.59210068],[-140.04464863,-26.56281305],[-139.72989994,-27.68923187],[-139.85672788,-28.82870597],[-140.40083573,-29.84746795],[-141.32874473,-30.65548405],[-142.50257507,-31.13075542],[-143.82195646,-31.23198682],[-145.89607194,-30.70041841],[-147.12166107,-29.93393376],[-147.95657526,-28.685571],[-148.12413288,-27.22999336],[-150.80470679,-26.55954083],[-151.95288343,-25.92267248],[-152.93483634,-26.01244534],[-153.92637206,-25.85317478],[-155.27494149,-25.13191618],[-156.12866773,-24.9038474],[-156.32305556,-21.40555556],[-154.80555556,-19.25722222],[-157.24583333,-17.31833333],[-158.12805556,-15.86888889],[-157.6393801,-14.33848626],[-156.80411168,-13.286963],[-155.99397941,-12.76810165],[-155.06740213,-12.48848715],[-152.80916667,-13.83083333],[-151.0575,-13.83833333],[-149.43611111,-12.42472222],[-147.99222222,-11.97388889],[-147.03366667,-11.15911111],[-145.66842237,-10.98218621],[-143.39234588,-11.3450045],[-143.04304052,-11.10747266],[-143.90864562,-9.41560154],[-144.08373728,-8.08257276],[-143.93642005,-7.03626685],[-143.01027539,-5.53858915],[-141.39753697,-4.64959437],[-140.08118057,-4.57766085],[-138.84406504,-5.01610055],[-136.5551311,-7.05305144],[-135.9282033,-7.89809886]]],[[[-140.8685538,-17.88506897],[-140.65429061,-17.7210256],[-140.77611434,-17.87473595],[-140.8685538,-17.88506897]]]]}},{"type":"Feature","id":"marine-8441","properties":{"code1":"ki","name1":"Line Group","code2":"","name2":"","code3":"","name3":"","aidCode1":"ki","aidName1":"Line Group","aidCode2":"","aidName2":"","aidCode3":"","aidName3":"","selectionAid":true,"preserveOverviewDetail":false,"selectionAidRadiusNm":null},"geometry":{"type":"MultiPolygon","coordinates":[[[[-155.35734444,4.70019444],[-154.29864444,3.45421111],[-153.85490278,2.10315556],[-154.01919167,0.609475],[-154.78415556,-0.637875],[-153.730075,-0.84654167],[-152.77300556,-1.40090833],[-152.06421944,-2.21305],[-151.64316111,-3.229925],[-151.70475278,-5.00547778],[-152.6644,-6.70787222],[-151.49756944,-6.80748611],[-150.10334167,-6.55415],[-148.868975,-6.82987222],[-147.60089167,-7.77974444],[-146.90626667,-9.179],[-146.82033056,-10.17010833],[-147.02968056,-11.14872222],[-147.99222222,-11.97388889],[-149.43611111,-12.42472222],[-151.0575,-13.83833333],[-152.80916667,-13.83083333],[-155.05258333,-12.48813889],[-155.43969722,-11.35969167],[-154.90491389,-8.50836667],[-159.27578889,-5.80050556],[-158.88719722,-4.064825],[-156.99744444,-1.51538889],[-159.65616667,1.72119444],[-161.64611111,2.04211111],[-162.37876723,1.98327862],[-163.05692222,2.64941667],[-159.33273283,7.87748888],[-157.23606944,6.54963611],[-156.14192778,5.13289722],[-155.35734444,4.70019444]]]]}},{"type":"Feature","id":"marine-8442","properties":{"code1":"um","name1":"Jarvis Island","code2":"","name2":"","code3":"","name3":"","aidCode1":"um","aidName1":"Jarvis Island","aidCode2":"","aidName2":"","aidCode3":"","aidName3":"","selectionAid":true,"preserveOverviewDetail":false,"selectionAidRadiusNm":null},"geometry":{"type":"MultiPolygon","coordinates":[[[[-161.64611111,2.04211111],[-159.65616667,1.72119444],[-157.00659706,-1.50299732],[-158.32229855,-3.2889573],[-159.51854337,-3.70214839],[-160.81245914,-3.63578004],[-161.96080125,-3.10111711],[-162.82914028,-2.17270337],[-163.30782549,-0.88080329],[-163.22012816,0.53206856],[-162.38179786,1.98272774],[-161.64611111,2.04211111]]]]}},{"type":"Feature","id":"marine-8443","properties":{"code1":"um","name1":"Palmyra Atoll","code2":"","name2":"","code3":"","name3":"","aidCode1":"um","aidName1":"Palmyra Atoll","aidCode2":"","aidName2":"","aidCode3":"","aidName3":"","selectionAid":true,"preserveOverviewDetail":false,"selectionAidRadiusNm":null},"geometry":{"type":"MultiPolygon","coordinates":[[[[-159.33273283,7.87748888],[-163.06369489,2.66115993],[-164.02612783,3.12864136],[-164.80351405,3.89121163],[-165.56521461,5.32393098],[-165.72921582,6.67365464],[-165.32907644,8.04247192],[-164.37138707,9.13688369],[-163.0355344,9.72219894],[-161.57464531,9.68712792],[-160.25328805,9.02678114],[-159.33273283,7.87748888]]]]}},{"type":"Feature","id":"marine-8444","properties":{"code1":"as","name1":"American Samoa","code2":"","name2":"","code3":"","name3":"","aidCode1":"as","aidName1":"American Samoa","aidCode2":"","aidName2":"","aidCode3":"","aidName3":"","selectionAid":true,"preserveOverviewDetail":false,"selectionAidRadiusNm":null},"geometry":{"type":"MultiPolygon","coordinates":[[[[-166.64112366,-17.55526875],[-169.32972222,-16.63666667],[-171.30527778,-16.84027778],[-171.84753246,-15.87838359],[-170.54265693,-12.61110281],[-171.27057084,-12.47428182],[-173.7557491,-11.0522117],[-171.84944444,-10.29722222],[-168.52359118,-10.02447633],[-168.46611111,-11.73138889],[-165.62222222,-14.05833333],[-165.20083333,-15.64638889],[-166.64112366,-17.55526875]]]]}},{"type":"Feature","id":"marine-8445","properties":{"code1":"ws","name1":"Samoa","code2":"","name2":"","code3":"","name3":"","aidCode1":"ws","aidName1":"Samoa","aidCode2":"","aidName2":"","aidCode3":"","aidName3":"","selectionAid":true,"preserveOverviewDetail":false,"selectionAidRadiusNm":null},"geometry":{"type":"MultiPolygon","coordinates":[[[[-173.77469065,-11.04813166],[-171.23719395,-12.49081089],[-170.55751594,-12.60931744],[-171.84753246,-15.87838359],[-172.63836198,-15.1055567],[-174.45927704,-14.222025],[-174.26737647,-10.9608253],[-173.77469065,-11.04813166]]]]}},{"type":"Feature","id":"marine-8446","properties":{"code1":"ck","name1":"Cook Islands","code2":"","name2":"","code3":"","name3":"","aidCode1":"ck","aidName1":"Cook Islands","aidCode2":"","aidName2":"","aidCode3":"","aidName3":"","selectionAid":true,"preserveOverviewDetail":false,"selectionAidRadiusNm":null},"geometry":{"type":"MultiPolygon","coordinates":[[[[-159.27578889,-5.80050556],[-154.90491389,-8.50836667],[-155.43932547,-11.35762011],[-156.69859804,-12.20822926],[-158.20391312,-12.428264],[-159.62678017,-13.53495385],[-159.90298793,-14.6284295],[-160.50653107,-15.54658772],[-159.27261765,-15.5087921],[-158.1322811,-15.86658074],[-157.24583333,-17.31833333],[-154.80555556,-19.25722222],[-156.32305556,-21.40555556],[-156.14251414,-24.89417116],[-157.53281917,-25.28864988],[-159.00892544,-25.15613848],[-161.78222422,-24.06420056],[-162.92272932,-22.94187203],[-163.39744225,-21.43311352],[-164.82822245,-21.04643767],[-165.95844038,-20.14038779],[-166.29592283,-19.63482586],[-166.63988008,-17.56564008],[-165.20083333,-15.64638889],[-165.62222222,-14.05833333],[-168.46611111,-11.73138889],[-168.52359118,-10.02447633],[-168.0098359,-8.27674053],[-167.67983975,-8.03418008],[-166.79852823,-7.63338],[-165.77724704,-7.49453089],[-164.7838834,-7.66096424],[-163.8919155,-8.10518615],[-162.60480407,-6.99978064],[-161.62879673,-6.68651815],[-160.57183058,-6.68468439],[-159.27578889,-5.80050556]]]]}},{"type":"Feature","id":"marine-8447","properties":{"code1":"nu","name1":"Niue","code2":"","name2":"","code3":"","name3":"","aidCode1":"nu","aidName1":"Niue","aidCode2":"","aidName2":"","aidCode3":"","aidName3":"","selectionAid":true,"preserveOverviewDetail":false,"selectionAidRadiusNm":null},"geometry":{"type":"MultiPolygon","coordinates":[[[[-166.64112366,-17.55526875],[-166.30082565,-19.65032407],[-166.65511996,-20.64766144],[-167.31864644,-21.50133435],[-168.1925184,-22.1129583],[-169.25442736,-22.4519175],[-170.35622085,-22.47346673],[-171.40325834,-22.18108902],[-172.02701978,-19.89142773],[-171.762099,-17.39637948],[-171.30527778,-16.84027778],[-169.32972222,-16.63666667],[-166.64112366,-17.55526875]]]]}},{"type":"Feature","id":"marine-8448","properties":{"code1":"to","name1":"Tonga","code2":"","name2":"","code3":"","name3":"","aidCode1":"to","aidName1":"Tonga","aidCode2":"","aidName2":"","aidCode3":"","aidName3":"","selectionAid":true,"preserveOverviewDetail":false,"selectionAidRadiusNm":null},"geometry":{"type":"MultiPolygon","coordinates":[[[[-171.84753246,-15.87838359],[-171.30527778,-16.84027778],[-171.762099,-17.39637948],[-172.01919695,-19.7790585],[-171.86940857,-20.92290758],[-171.40325834,-22.18108902],[-171.93779003,-23.35111023],[-174.07076732,-25.05856368],[-175.25968705,-25.58111294],[-176.93400512,-25.62867898],[-178.4485071,-24.98393387],[-179.08824883,-24.38195872],[-176.99965653,-20.96017787],[-176.27316604,-17.69376511],[-177.38305138,-15.92048251],[-176.66542358,-14.66106845],[-174.52230242,-14.15705821],[-172.65675397,-15.09523011],[-171.84753246,-15.87838359]]]]}},{"type":"Feature","id":"marine-8449","properties":{"code1":"tk","name1":"Tokelau","code2":"","name2":"","code3":"","name3":"","aidCode1":"tk","aidName1":"Tokelau","aidCode2":"","aidName2":"","aidCode3":"","aidName3":"","selectionAid":true,"preserveOverviewDetail":false,"selectionAidRadiusNm":null},"geometry":{"type":"MultiPolygon","coordinates":[[[[-168.90765832,-6.87986961],[-168.0045913,-8.24000047],[-168.52345722,-10.02384944],[-171.84944444,-10.29722222],[-173.77469065,-11.04813166],[-174.26737647,-10.9608253],[-175.61983635,-9.87987751],[-175.87533699,-8.84148822],[-175.80052034,-7.78732707],[-173.21920833,-6.46642778],[-171.55214722,-6.59781389],[-170.57093611,-6.89341389],[-168.90765832,-6.87986961]]]]}},{"type":"Feature","id":"marine-8450","properties":{"code1":"ki","name1":"Phoenix Group","code2":"","name2":"","code3":"","name3":"","aidCode1":"ki","aidName1":"Phoenix Group","aidCode2":"","aidName2":"","aidCode3":"","aidName3":"","selectionAid":true,"preserveOverviewDetail":false,"selectionAidRadiusNm":null},"geometry":{"type":"MultiPolygon","coordinates":[[[[-168.90765832,-6.87986961],[-170.57093611,-6.89341389],[-171.55214722,-6.59781389],[-173.21920833,-6.46642778],[-175.79798611,-7.78488333],[-176.90700833,-7.04598611],[-177.625675,-5.96910278],[-177.8841,-4.71312222],[-177.64306389,-3.41395833],[-177.46043056,-3.02824444],[-173.75483611,-0.72975],[-173.14298275,0.26524747],[-171.79226389,0.58587778],[-170.458875,0.34292222],[-168.59856667,-0.871725],[-167.76861389,-2.14191111],[-167.44431111,-3.03603889],[-167.38354722,-3.99761389],[-167.58868889,-4.91433889],[-168.90765832,-6.87986961]]]]}},{"type":"Feature","id":"marine-8451","properties":{"code1":"um","name1":"Howland and Baker Islands","code2":"","name2":"","code3":"","name3":"","aidCode1":"um","aidName1":"Howland and Baker Islands","aidCode2":"","aidName2":"","aidCode3":"","aidName3":"","selectionAid":true,"preserveOverviewDetail":false,"selectionAidRadiusNm":null},"geometry":{"type":"MultiPolygon","coordinates":[[[[-173.2024424,0.83012966],[-173.14298275,0.26524747],[-173.75483611,-0.72975],[-177.45296667,-3.01483056],[-178.48298894,-2.48887114],[-179.25652936,-1.66459707],[-179.68647285,-0.72583208],[-179.95184108,0.7907765],[-179.71260293,2.06638765],[-178.99686278,3.16849903],[-177.8993179,3.91401089],[-176.63229239,4.1701087],[-175.3839464,3.93041949],[-174.29673959,3.22088221],[-173.58880305,2.21200637],[-173.2024424,0.83012966]]]]}},{"type":"Feature","id":"marine-8452","properties":{"code1":"um","name1":"Johnston Atoll","code2":"","name2":"","code3":"","name3":"","aidCode1":"um","aidName1":"Johnston Atoll","aidCode2":"","aidName2":"","aidCode3":"","aidName3":"","selectionAid":true,"preserveOverviewDetail":false,"selectionAidRadiusNm":null},"geometry":{"type":"MultiPolygon","coordinates":[[[[-165.984592,16.79032455],[-166.26794063,15.4611424],[-167.03156941,14.3584621],[-168.16030631,13.62888701],[-169.51462959,13.35843885],[-170.84995969,13.60374542],[-171.96429135,14.30877363],[-172.7406715,15.3954141],[-173.03250867,16.69528321],[-172.77460528,18.01003573],[-172.02288422,19.10548825],[-170.85914195,19.86339657],[-169.51355553,20.13181577],[-168.14845366,19.88822866],[-167.00848107,19.1720663],[-166.2511656,18.09563104],[-165.984592,16.79032455]]]]}},{"type":"Feature","id":"marine-8453","properties":{"code1":"us-hi","name1":"Hawaii","code2":"","name2":"","code3":"","name3":"","aidCode1":"us-hi","aidName1":"Hawaii","aidCode2":"","aidName2":"","aidCode3":"","aidName3":"","selectionAid":true,"preserveOverviewDetail":false,"selectionAidRadiusNm":null},"geometry":{"type":"MultiPolygon","coordinates":[[[[180,31.46832479],[180,25.38975255],[179.1399386,25.90873308],[178.43553795,26.65842455],[177.99396964,27.53654117],[177.84423308,28.45961151],[177.98451784,29.3773237],[178.41889031,30.23908029],[179.11692178,30.95947065],[180,31.46832479]]],[[[-172.18795197,29.11749583],[-170.82159945,29.02954517],[-168.59197836,28.30707552],[-166.81445157,28.16886173],[-164.70701839,26.92271475],[-163.67277613,26.78907386],[-162.64548135,26.34883065],[-160.78506826,26.24290474],[-159.51291744,25.57990963],[-158.12367103,25.36577459],[-154.42771852,23.82584981],[-153.35580705,23.05507447],[-151.57860091,20.90497069],[-151.27893094,19.43991356],[-151.68704658,17.96662362],[-152.52507584,16.94475891],[-154.13984201,15.90564187],[-155.3637679,15.57689312],[-156.59668131,15.68092373],[-158.29349416,16.61327629],[-159.27638917,18.13487939],[-159.81270816,18.36497556],[-161.00594622,18.33222703],[-162.11226023,18.64991598],[-163.00410837,19.23824993],[-163.95130257,20.29804977],[-166.99268192,20.38061533],[-168.12924098,20.83432528],[-169.21541218,21.84530233],[-170.00654134,22.21103621],[-171.14219223,22.19514819],[-173.34556926,22.7535441],[-175.22526663,22.8878984],[-176.46521114,23.55940633],[-177.38607055,24.67081697],[-180,25.38975255],[-180,31.46832479],[-178.05032443,31.78940575],[-174.52396355,31.12117007],[-173.07874324,30.33722604],[-172.18795197,29.11749583]]]]}},{"type":"Feature","id":"marine-8454","properties":{"code1":"wf","name1":"Wallis and Futuna","code2":"","name2":"","code3":"","name3":"","aidCode1":"wf","aidName1":"Wallis and Futuna","aidCode2":"","aidName2":"","aidCode3":"","aidName3":"","selectionAid":true,"preserveOverviewDetail":false,"selectionAidRadiusNm":null},"geometry":{"type":"MultiPolygon","coordinates":[[[[-178.27401094,-15.41992145],[-179.24830305,-14.77607833],[-179.51079206,-13.30223932],[-179.81971677,-12.8205077],[-178.27368333,-11.80311389],[-177.71448889,-10.8325],[-176.78631389,-9.88118333],[-175.6371515,-9.876964],[-174.26737647,-10.9608253],[-174.51139447,-14.15464022],[-176.66542358,-14.66106845],[-177.38230382,-15.91745857],[-178.27401094,-15.41992145]]]]}},{"type":"Feature","id":"marine-8455","properties":{"code1":"nz","name1":"New Zealand","code2":"","name2":"","code3":"","name3":"","aidCode1":"","aidName1":"","aidCode2":"","aidName2":"","aidCode3":"","aidName3":"","selectionAid":false,"preserveOverviewDetail":false,"selectionAidRadiusNm":null},"geometry":{"type":"MultiPolygon","coordinates":[[[[180,-26.42136546],[180,-52.95698891],[178.4369227,-53.04265929],[176.89842831,-52.83783965],[175.53811407,-52.36384941],[174.48180037,-51.66450618],[174.73347564,-52.72931445],[174.41472577,-53.78626579],[173.53282294,-54.72013789],[172.25395759,-55.40489501],[170.55440566,-55.84281976],[168.73005958,-55.94118501],[166.95359656,-55.69552259],[165.38621329,-55.12238044],[164.6950045,-54.69805637],[164.23733614,-53.84461189],[160.62503673,-51.1767576],[160.78837208,-50.05191444],[161.61213397,-48.81756785],[161.53427552,-47.89543098],[161.82981177,-46.97221622],[161.65742618,-45.8030716],[161.95655784,-44.68934062],[162.97287332,-43.41329253],[163.8875921,-42.610144],[165.52248808,-41.41124543],[167.29192075,-40.61732943],[168.61779198,-38.89666193],[169.83051844,-37.97375543],[170.0650354,-37.59913331],[168.67788487,-36.07377652],[168.22729891,-35.32488776],[168.02582216,-34.53941607],[168.06393362,-33.70638414],[168.65105729,-32.42180567],[171.20557566,-30.8984492],[172.82979731,-30.83722062],[174.79895031,-31.40844836],[177.31962419,-32.8858067],[178.875167,-34.23838231],[179.3723262,-34.32926087],[178.47110737,-33.78794462],[177.77628642,-33.03041173],[177.37385588,-32.13690701],[177.29000511,-31.18320142],[177.77466228,-29.51071103],[178.62013441,-27.77140294],[179.21321464,-27.0081949],[180,-26.42136546]]],[[[-174.04248477,-29.22330195],[-174.19145357,-30.23305089],[-175.16695312,-32.55755472],[-175.9198584,-33.61443248],[-176.73785585,-34.19365291],[-177.68443307,-34.55507559],[-179.75546018,-34.60267523],[-178.22786053,-35.55436495],[-177.35055355,-36.91432351],[-177.25261283,-38.20403924],[-177.92317917,-40.26029876],[-176.72361748,-40.17943523],[-175.49896635,-40.35069337],[-173.93080048,-40.84885044],[-172.62845818,-41.59619841],[-171.87595783,-42.2946426],[-171.38560341,-43.1146492],[-171.20357964,-43.9386941],[-171.28684595,-45.01065405],[-171.82008589,-46.05437572],[-172.83988658,-46.91063119],[-174.1132135,-47.4402505],[-175.98974243,-47.77792656],[-176.21798956,-48.88903873],[-176.07928857,-50.15308081],[-176.5898164,-51.26450336],[-177.96642473,-52.34040039],[-179.99210735,-52.95580663],[-180,-26.421359],[-179.07133983,-26.04091624],[-178.02563576,-25.89116935],[-176.1111561,-26.27661684],[-175.29677999,-26.78924395],[-174.63282549,-27.49899334],[-174.20273658,-28.34010755],[-174.04248477,-29.22330195]]]]}},{"type":"Feature","id":"marine-8456","properties":{"code1":"us","name1":"United States","code2":"","name2":"","code3":"","name3":"","aidCode1":"","aidName1":"","aidCode2":"","aidName2":"","aidCode3":"","aidName3":"","selectionAid":false,"preserveOverviewDetail":false,"selectionAidRadiusNm":null},"geometry":{"type":"MultiPolygon","coordinates":[[[[-67.28402945,45.19125387],[-66.88541568,44.79419196],[-67.74305556,42.88722222],[-65.69972222,40.45138889],[-65.97606312,39.8847787],[-66.72060999,39.03224118],[-67.78795972,38.36841937],[-68.93734246,38.00694278],[-70.60220663,37.82114919],[-71.49247193,36.5447956],[-71.47574867,34.85507949],[-72.24417618,33.28700276],[-74.1585022,31.88437531],[-77.22671118,30.19844146],[-76.6096833,28.28719829],[-79.17084348,28.28657996],[-79.56927779,27.29031657],[-79.72181287,25.12327195],[-80.20481791,24.5439526],[-81.23147808,23.94891475],[-81.83333333,23.83333333],[-83.93111111,23.97222222],[-86.53555556,25.2175],[-86.17430956,26.22233531],[-86.59686543,26.50260858],[-87.45191236,25.98584003],[-88.38487222,25.69903333],[-91.38496316,25.73079852],[-93.0557823,26.23935552],[-93.5017176,25.99704129],[-97.3828125,25.95647323],[-97.1975373,26.05067885],[-97.47817731,26.80495906],[-97.42511284,27.24609375],[-97.76001287,27.28244901],[-97.76340151,27.43023264],[-97.41147101,27.32229161],[-97.25915396,27.68261886],[-97.50703657,27.87788093],[-97.02519906,28.03216755],[-97.19137585,27.9711436],[-97.15886033,28.17116165],[-96.81110764,28.21899462],[-96.80894947,28.47811425],[-96.66212344,28.32434106],[-96.41254234,28.43925524],[-96.57732976,28.83240414],[-96.56238031,28.64580011],[-96.11021686,28.62665975],[-94.68856513,29.32717562],[-94.8981806,29.30356622],[-94.98272276,29.68155837],[-95.27880657,29.73503673],[-95.09774196,29.88750935],[-94.90071738,29.65769291],[-94.73982883,29.78762853],[-94.77263236,29.5395714],[-94.23497176,29.66598928],[-94.77075052,29.38343835],[-93.34662914,29.76171231],[-93.19127023,30.29504514],[-93.34582734,29.81914306],[-92.73628914,29.61817241],[-92.32577145,29.53197634],[-91.94253612,29.87069714],[-91.40625,29.65262282],[-91.48577011,30.05859375],[-91.21841776,29.72572541],[-91.32349777,30.12588656],[-91.20856166,29.68935037],[-90.39825988,29.55106735],[-90.21991503,29.65854752],[-90.53075075,29.87857985],[-90.10010195,29.76199782],[-89.96932793,29.91717243],[-91.14437652,30.17501605],[-90.10290384,29.9115808],[-89.79511797,30.0833019],[-90.39911306,30.07242668],[-90.21030974,30.38530755],[-89.71780396,30.16713285],[-88.61229146,30.37290394],[-88.77160645,30.86796534],[-88.48086441,30.31841516],[-88.15610576,30.32732844],[-87.96476448,31.30762303],[-87.96303356,31.15960598],[-87.56452382,31.46484375],[-87.97267103,31.09094405],[-87.90744305,30.41015625],[-87.72350395,30.27885485],[-88.01791108,30.23221707],[-87.26427794,30.34444642],[-87.20201266,30.55186784],[-86.87786043,30.44263744],[-87.18947208,30.36375236],[-86.20106912,30.49135053],[-86.10460734,30.39076555],[-86.51123226,30.40318322],[-85.74040473,30.12726223],[-85.83394754,30.22670674],[-85.59910071,30.27626026],[-85.71498418,30.18870902],[-85.31469595,29.83214855],[-85.36611223,29.67982721],[-84.99078512,29.71518731],[-85.17666256,29.80296707],[-85.02413833,29.80472267],[-85.14087725,30.16990125],[-84.85948324,30.69679475],[-84.93516386,30.88131082],[-84.6150701,30.88245487],[-85.13443768,30.17332566],[-85.03756797,29.78239596],[-83.99657011,30.10415041],[-83.16803706,29.30301356],[-83.00185216,29.46191633],[-83.03224432,29.16988313],[-82.59519196,28.88403082],[-82.84291077,27.85850215],[-82.6322149,27.71194065],[-82.72275305,27.95249367],[-82.3235563,27.86938345],[-82.59334934,27.53604114],[-82.53547406,27.26557457],[-82.28227925,26.81612635],[-82.15396488,26.83359122],[-82.29316366,27.04426277],[-82.01343787,26.96954107],[-82.04107487,26.52581227],[-81.83872736,26.69287586],[-81.99769676,26.49819696],[-81.75409222,25.99344313],[-81.18402362,25.70052361],[-81.1154536,25.35167026],[-80.90662765,25.24329805],[-81.14393318,25.32657635],[-81.08349025,25.14782453],[-80.45837891,25.20583403],[-80.61185265,24.94737804],[-80.25955176,25.32505715],[-80.34748757,25.21737707],[-80.03475285,26.77117598],[-80.05369544,26.52883065],[-80.84594321,28.77608526],[-80.60477722,28.14248371],[-80.60736942,28.57569325],[-80.3111639,27.47116888],[-81.41580296,30.40143347],[-81.41851151,30.2665565],[-81.60413468,30.38744712],[-81.52297318,29.78334248],[-81.70238864,29.54158866],[-81.40537083,29.08467996],[-81.67866445,29.31852603],[-81.69906294,30.14680982],[-81.48416054,30.67114377],[-81.66140914,30.74227798],[-81.40285218,30.95297778],[-81.8125596,30.95940554],[-81.46157706,30.99821925],[-81.56559086,31.17977595],[-81.4476974,31.11328125],[-81.40209663,31.30203927],[-81.55274081,31.37686574],[-81.33297014,31.33224082],[-81.16617346,31.56297553],[-81.36117184,31.84033334],[-81.17520523,31.72788417],[-81.30883443,31.9898597],[-81.09692013,31.85885155],[-81.15239143,32.20277905],[-80.96353507,32.07484067],[-80.84332383,32.19122195],[-80.89723015,32.5603435],[-79.87075818,32.74104345],[-79.99308407,33.15925324],[-79.85935283,33.07495773],[-79.95670521,32.86515832],[-79.7835288,32.94416988],[-79.89394367,32.85773206],[-79.75685668,32.80861056],[-79.28411353,33.11742616],[-79.42655134,33.20439017],[-79.26736951,33.13851142],[-79.64112711,33.29439986],[-79.15671206,33.19023383],[-79.37670004,33.52909935],[-79.15272367,33.20288706],[-78.82251155,33.73693335],[-78.02174783,33.88759232],[-77.97902846,34.35708976],[-77.81235945,34.40404475],[-77.98474205,34.37214506],[-77.90080345,34.05569327],[-77.37301862,34.51785707],[-77.4393537,34.74455607],[-76.70472634,34.71884227],[-76.66123664,34.94027162],[-77.12366104,35.21014965],[-76.79124105,34.97348535],[-76.50363767,35.22239125],[-77.11258161,35.55748653],[-76.78784716,35.43412161],[-76.47852755,35.55396891],[-76.5456351,35.4498713],[-76.15577662,35.33641314],[-75.76399994,35.58373678],[-75.85394394,35.97466445],[-76.02133262,35.65160751],[-76.16554797,35.69581115],[-76.01995015,35.91528165],[-76.8332231,35.88447797],[-76.70068753,36.28291333],[-76.90908182,36.52673376],[-76.67518473,36.04401565],[-76.07021224,36.14133155],[-76.20233905,36.28763938],[-75.92515361,36.16384661],[-76.03610766,36.35429883],[-75.80962491,36.07761085],[-76.15447998,36.54010975],[-76.07080245,36.69529164],[-75.54884624,35.79451537],[-75.99249685,36.9140625],[-76.55792081,36.80991995],[-76.67903328,37.18961823],[-77.34911692,37.31191635],[-77.68347621,37.57738996],[-76.640625,37.21540165],[-76.42129171,36.96447086],[-76.27972412,37.06892061],[-77.09364045,37.6171875],[-76.77935743,37.54724515],[-77.05536544,37.73952484],[-76.91839647,37.69608653],[-76.37851942,37.28721905],[-76.3770014,37.52563703],[-77.23576593,38.18505454],[-76.2890625,37.61467636],[-76.37564898,37.95558965],[-77.36170435,38.34588826],[-77.03815508,38.86398256],[-77.8866806,39.55213022],[-77.02913332,38.86863053],[-77.24950516,38.38216674],[-76.32212305,38.03746665],[-76.71484733,38.78245032],[-76.64536357,38.46855438],[-76.38127387,38.38498855],[-76.59549224,39.07337308],[-76.46266305,38.98082495],[-76.55655992,39.21595645],[-76.09665132,39.56485152],[-76.53203225,40.04936135],[-77.36489844,40.52876794],[-77.04090393,40.47579515],[-76.86747384,40.69944823],[-76.80908716,41.21670103],[-76.9921875,41.23911834],[-76.80377448,41.21096373],[-76.87826192,40.97055662],[-76.48379076,40.95064378],[-75.94982254,41.23632193],[-76.76993453,40.895455],[-76.99999225,40.36887825],[-76.06573546,39.54660416],[-75.5859375,39.55859375],[-75.19218636,40.00411296],[-75.1406461,39.89250958],[-74.72604525,40.14801085],[-74.8828125,40.30552447],[-74.72056341,40.14742458],[-75.56624913,39.61009455],[-75.13771057,39.18120027],[-75.03703487,39.37896836],[-74.97236395,38.93867362],[-74.56101,39.27870333],[-74.71472323,39.42457557],[-74.46780753,39.36882925],[-74.41805804,39.54787862],[-74.61174417,39.62160182],[-74.30938351,39.53810525],[-74.05679667,40.06191576],[-74.11316121,39.77492273],[-73.99501371,40.46133876],[-73.97842765,40.33769226],[-74.37633824,40.47697008],[-73.93188477,40.90553105],[-73.84591734,42.23686337],[-73.93578827,40.78357816],[-73.06768835,41.29253936],[-73.11912215,41.17798555],[-72.35277486,41.26962185],[-72.58086062,41.55659163],[-72.58459783,42.08056736],[-72.64575684,41.56576145],[-72.33193314,41.28127384],[-72.08288435,41.52396944],[-72.05687022,41.31895053],[-71.47447705,41.38324142],[-71.40214765,41.80856276],[-71.07103181,41.51571393],[-70.51422596,41.77378905],[-70.76716065,42.25443304],[-71.03988647,42.35324121],[-70.66113818,42.6103878],[-70.91534245,42.83549535],[-70.70813835,43.07059872],[-70.85776722,43.12183595],[-70.66522944,43.07551515],[-69.86101317,43.93478143],[-69.85269415,43.71358788],[-69.81590354,43.94862866],[-69.95283771,43.92154145],[-69.60996163,44.57533467],[-69.82711196,43.98733461],[-69.61208522,44.05719495],[-69.68218756,43.87051475],[-69.53754878,44.03378534],[-69.56717265,43.87604487],[-69.16543055,44.06993711],[-69.26051736,43.92563653],[-68.8110435,44.46652567],[-68.52397227,44.22784472],[-68.56844294,44.39654314],[-68.21765614,44.58092737],[-68.0454849,44.33845615],[-67.74633014,44.60661387],[-67.20680547,44.63913655],[-66.96490932,44.80669236],[-67.16014922,44.81239462],[-67.05351901,44.95342612],[-67.28402945,45.19125387]]],[[[-122.75738204,49.00153387],[-122.48852885,48.64443564],[-122.52899945,48.25080466],[-122.15783942,48.02946746],[-122.39556861,47.80641317],[-122.32370901,47.37062144],[-122.62517285,47.14311755],[-122.90419292,47.02603877],[-123.08600581,47.20706356],[-122.82387972,47.39695394],[-122.83098185,47.24377394],[-122.62754917,47.40958893],[-122.55362666,47.29437172],[-122.50298703,47.50390875],[-122.69154811,47.64829755],[-122.5281502,47.90513766],[-123.11949933,47.39020062],[-122.85378087,47.44079578],[-123.15818095,47.36666417],[-122.63017714,47.88015676],[-122.79996753,48.08558834],[-124.61817467,48.36632085],[-124.72621477,48.1716547],[-124.17555416,46.93359375],[-123.69913971,46.95636177],[-124.15854955,46.90634894],[-123.78466833,46.67628002],[-123.93153405,46.4653784],[-124.05455673,46.64800906],[-124.07601774,46.27668762],[-122.92530704,46.09810686],[-122.89838564,46.22884405],[-122.7523818,45.65464127],[-121.94418216,45.65035343],[-122.74686325,45.64046848],[-123.09777284,46.16748464],[-124.05821908,46.23366416],[-123.87719202,45.4661231],[-123.96244693,45.56760347],[-124.06670475,44.62802863],[-123.92192805,44.60281837],[-124.07868552,44.61046147],[-124.20961535,43.67134845],[-123.57739794,43.57820141],[-124.12916625,43.72319281],[-124.56073236,42.83864045],[-124.43382657,42.44294083],[-124.30944908,42.49548674],[-124.35256886,42.11091375],[-124.13507843,41.87932932],[-124.25126481,41.77445114],[-123.85376692,41.27941775],[-123.96979296,41.51152205],[-124.22552955,40.77072465],[-124.08433473,40.84608734],[-124.15831566,40.51628161],[-123.83985615,40.32845497],[-124.30854261,40.64748275],[-124.36426961,40.27481532],[-123.85293055,39.83314586],[-123.68975556,39.03339481],[-122.83628428,38.10017991],[-122.99467015,38.24052405],[-123.02022541,37.99891996],[-122.47932816,37.82547712],[-122.50767136,38.11629808],[-122.03178585,38.21832216],[-121.80505764,38.06251454],[-121.64094293,38.35149014],[-121.65904486,38.18326044],[-121.52854908,38.23866606],[-121.66104495,38.17525971],[-121.43616235,37.99445272],[-121.57336032,37.82684946],[-121.58438945,38.02289426],[-122.40989816,37.95584798],[-121.98612905,37.46246076],[-122.35974276,37.59238994],[-122.42064178,37.81090724],[-122.52020812,37.53602314],[-122.40587986,37.19718754],[-121.79908514,36.82714474],[-121.96463394,36.59084725],[-121.88256538,36.29445994],[-120.63400674,35.11874294],[-120.65271354,34.57671022],[-118.52490664,34.02982104],[-118.26782918,33.70281637],[-117.48669148,33.31459773],[-117.09689152,32.61801493],[-117.82527778,32.62694444],[-118.605,31.13277778],[-121.85526289,30.5439838],[-123.74411006,32.15336448],[-124.50822132,33.64631072],[-126.89901773,36.38699342],[-128.68520483,39.65182718],[-128.83609579,40.44160467],[-128.74134203,41.23063971],[-129.16148937,42.75446669],[-128.73256033,45.25560897],[-128.88813521,46.1711976],[-129.23482665,46.57141455],[-127.19081535,47.64684973],[-125.07038287,48.4594891],[-123.24843659,48.28401632],[-123.1151384,48.42283122],[-123.26787826,48.69399397],[-123.00848622,48.76709868],[-123.32223962,49.00207166],[-122.75738204,49.00153387]]]]}},{"type":"Feature","id":"marine-8457","properties":{"code1":"bz","name1":"Belize","code2":"","name2":"","code3":"","name3":"","aidCode1":"bz","aidName1":"Belize","aidCode2":"","aidName2":"","aidCode3":"","aidName3":"","selectionAid":true,"preserveOverviewDetail":false,"selectionAidRadiusNm":null},"geometry":{"type":"MultiPolygon","coordinates":[[[[-88.31250547,18.48479642],[-87.86948751,18.20245652],[-87.99396431,17.91113412],[-87.51144474,18.20813747],[-87.30356416,17.96643693],[-86.1725123,17.78409852],[-87.36706196,16.48375276],[-87.89405712,16.16620383],[-88.31321973,16.29651886],[-88.44386718,16.03328699],[-88.92781169,15.88808472],[-88.31229806,16.76137853],[-88.09523141,18.34638906],[-88.38326788,18.34605455],[-88.31250547,18.48479642]]]]}},{"type":"Feature","id":"marine-8459","properties":{"code1":"jm","name1":"Jamaica","code2":"","name2":"","code3":"","name3":"","aidCode1":"jm","aidName1":"Jamaica","aidCode2":"","aidName2":"","aidCode3":"","aidName3":"","selectionAid":true,"preserveOverviewDetail":false,"selectionAidRadiusNm":null},"geometry":{"type":"MultiPolygon","coordinates":[[[[-75.83243623,18.97145453],[-75.53767107,18.03484267],[-74.75282331,17.17081707],[-74.01498313,14.89534315],[-77.66666667,14.08333333],[-78.325,14.25],[-78.63333333,14.49361111],[-78.63333333,15.6],[-78.43055556,15.6],[-78.43055556,16.07083333],[-79.48888889,16.16944444],[-79.84222222,16.07083333],[-80.06055556,15.76555556],[-80.83305556,17.58416667],[-80.03718837,18.05615512],[-78.726943,19.35780663],[-75.83243623,18.97145453]]]]}},{"type":"Feature","id":"marine-8460","properties":{"code1":"gy","name1":"Guyana","code2":"","name2":"","code3":"","name3":"","aidCode1":"","aidName1":"","aidCode2":"","aidName2":"","aidCode3":"","aidName3":"","selectionAid":false,"preserveOverviewDetail":false,"selectionAidRadiusNm":null},"geometry":{"type":"MultiPolygon","coordinates":[[[[-56.0665,8.5935],[-56.24983333,7.666],[-57.14735556,5.99616944],[-58.02174485,6.79907107],[-58.31226134,6.45655072],[-58.26626205,6.11374104],[-58.17666841,6.80742371],[-58.30084526,6.87724376],[-58.70351458,6.38485885],[-58.49230647,7.35794115],[-59.70548928,8.37637305],[-59.25309145,8.02404571],[-59.23710704,7.65994],[-59.24563575,8.01136017],[-59.84135544,8.3607161],[-58.87111853,10.12930787],[-57.32015099,10.69243156],[-56.89116624,10.54182759],[-55.76760552,9.32474183],[-56.0665,8.5935]]]]}},{"type":"Feature","id":"marine-8461","properties":{"code1":"sr","name1":"Suriname","code2":"","name2":"","code3":"","name3":"","aidCode1":"","aidName1":"","aidCode2":"","aidName2":"","aidCode3":"","aidName3":"","selectionAid":false,"preserveOverviewDetail":false,"selectionAidRadiusNm":null},"geometry":{"type":"MultiPolygon","coordinates":[[[[-55.46357593,9.35157452],[-53.72677532,9.21313797],[-52.42741654,8.79319875],[-54.37526317,5.10790644],[-54.01578975,5.82378912],[-54.77935338,5.9865458],[-55.14689386,5.96816385],[-54.74267387,5.83962238],[-55.07605505,5.8921504],[-55.03228962,5.69674754],[-55.13674152,5.90302897],[-55.84968376,5.9791398],[-55.95704913,5.89505625],[-55.56729364,5.86776054],[-55.8984375,5.83928573],[-55.89247143,5.67110121],[-56.94985783,6.01022792],[-57.33504164,5.32333064],[-57.12216667,6.13883333],[-56.24983333,7.666],[-55.93483333,9.0005],[-55.757,9.34433333],[-55.46357593,9.35157452]]]]}},{"type":"Feature","id":"marine-8462","properties":{"code1":"gf","name1":"French Guiana","code2":"","name2":"","code3":"","name3":"","aidCode1":"","aidName1":"","aidCode2":"","aidName2":"","aidCode3":"","aidName3":"","selectionAid":false,"preserveOverviewDetail":false,"selectionAidRadiusNm":null},"geometry":{"type":"MultiPolygon","coordinates":[[[[-52.38790402,8.81257285],[-50.89939369,8.19736177],[-49.40811484,7.02202603],[-51.63719444,4.50836111],[-51.82800253,3.85459891],[-51.63413012,4.19742882],[-51.794577,4.60557163],[-51.90662074,4.67518473],[-51.94673336,4.38620627],[-52.24247062,4.23652685],[-51.94814825,4.41338456],[-52.00374365,4.6928637],[-52.22997773,4.85630894],[-52.32930183,4.71692646],[-52.24634862,4.8872503],[-52.98065376,5.44274366],[-53.9462409,5.74615097],[-54.38115013,5.09824026],[-52.38790402,8.81257285]]]]}},{"type":"Feature","id":"marine-8463","properties":{"code1":"us-ak","name1":"Alaska","code2":"","name2":"","code3":"","name3":"","aidCode1":"","aidName1":"","aidCode2":"","aidName2":"","aidCode3":"","aidName3":"","selectionAid":false,"preserveOverviewDetail":false,"selectionAidRadiusNm":null},"geometry":{"type":"MultiPolygon","coordinates":[[[[179.07471293,55.34706274],[179.99659946,55.34916502],[180,47.92380223],[177.7011006,48.16805057],[174.41972758,49.04622356],[172.87347063,49.05378077],[171.23311423,49.35064422],[168.78266232,50.48300811],[167.64208028,51.36926872],[170.30861111,53.72833333],[173.99222227,56.28068132],[179.07471293,55.34706274]]],[[[-164.52079432,60.19965456],[-163.69243014,59.96328366],[-164.21037924,59.94855773],[-164.12045014,59.83665395],[-163.15244186,59.84567642],[-162.55493462,59.97847796],[-162.47416902,60.19992387],[-162.73472154,60.26037467],[-162.11569154,60.67227161],[-162.46964872,60.86176646],[-162.04067087,60.68240714],[-162.45508397,60.31043541],[-162.06486022,60.25843322],[-162.26002634,60.19927716],[-162.03210032,60.15548182],[-162.19314575,60.00186765],[-161.70992291,59.50578785],[-161.94767487,59.38206506],[-161.85501373,59.06119895],[-161.52134132,59.11555028],[-161.91355491,58.64986205],[-162.15345097,58.65488446],[-161.35947192,58.6629827],[-160.33836913,59.07038033],[-159.90715945,58.77634406],[-159.61585307,58.93546855],[-158.86823511,58.39676845],[-158.71255887,58.48224294],[-158.87706888,58.97284675],[-158.63597703,58.90669894],[-158.57310724,59.23941112],[-158.37028551,59.04950726],[-158.54424477,58.79218185],[-158.18351364,58.61279225],[-156.23218024,59.23307145],[-156.83557594,59.11340773],[-156.73876846,59.02514934],[-157.47348321,58.48912573],[-157.54063201,58.28049147],[-157.16502094,58.19969511],[-157.5,58.16099334],[-157.71274757,57.62204885],[-157.56231534,57.48046875],[-157.00169933,57.57337463],[-157.64690053,57.48670125],[-157.59465086,57.25825202],[-157.70762861,57.31144845],[-157.56506133,57.42488635],[-157.80660343,57.51788902],[-158.31731856,57.27861536],[-158.64622176,57.03137052],[-158.62150192,56.76659906],[-158.32813537,56.68289864],[-158.98927975,56.82760644],[-158.84380591,56.88871717],[-160.14425015,56.40088117],[-160.58748806,55.98369193],[-160.22522438,55.83769655],[-160.77264345,55.88284194],[-160.6640625,55.74441957],[-160.80970955,55.73613334],[-160.95744634,55.94316113],[-161.37857282,55.93465912],[-161.08586848,56.01116216],[-161.79700804,55.89478433],[-162.59189975,55.45275187],[-162.44784224,55.30572796],[-163.42293978,55.06740463],[-163.28421116,55.05175543],[-163.35894156,54.81105351],[-163.04548383,54.93970168],[-163.21912205,55.03439522],[-162.56754827,54.95585477],[-162.72016644,55.23397982],[-162.56127834,55.29784298],[-162.35240185,55.11249995],[-162.52056122,55.11558604],[-162.06756234,55.0792557],[-161.59271347,55.61769402],[-161.14179361,55.54005396],[-161.39569533,55.56232285],[-161.50781977,55.36280322],[-160.53652704,55.47889125],[-159.41564727,56.01241314],[-159.68630743,55.85528946],[-159.61064875,55.56831193],[-159.53693271,55.87980604],[-159.41650796,55.78658235],[-158.55080247,56.17070186],[-158.41577625,56.00456214],[-158.11493552,56.24134254],[-158.68957555,56.25746501],[-158.40924144,56.44990683],[-157.86458623,56.47182846],[-158.11714053,56.53110242],[-156.56986964,56.98006535],[-156.33586228,57.17184484],[-156.35453653,57.32442915],[-156.53823662,57.28032792],[-156.22028554,57.43926275],[-155.029163,57.97028434],[-154.31596434,58.08243728],[-153.97226524,58.39029491],[-154.08433068,58.49061334],[-153.34994543,58.84363902],[-154.18051374,59.12385452],[-153.96424556,59.3529284],[-154.13984513,59.37001574],[-153.73234355,59.43367314],[-153.85683787,59.54290795],[-153.44917595,59.78002346],[-153.42155635,59.65111721],[-153.04589832,59.70633364],[-153.24136233,59.8273195],[-152.58373344,60.03979445],[-153.06834495,60.2857877],[-152.56961775,60.22289717],[-152.13980114,60.57503915],[-152.409639,60.62560225],[-151.70219624,60.72342455],[-151.87729025,60.98646748],[-151.18852842,61.04162002],[-150.47279334,61.40198696],[-150.58478475,61.50155115],[-150.55846465,61.2873435],[-149.98464155,61.23814631],[-149.5339123,61.49890995],[-148.59724557,61.39949381],[-149.38309717,61.46792853],[-150.06609154,61.17243767],[-148.97771084,60.84551716],[-150.39617407,61.03837645],[-151.40279448,60.72238362],[-151.28203785,60.33500028],[-151.86875617,59.77153885],[-151.40867984,59.59969103],[-150.90861726,59.79196203],[-151.43266666,59.54405355],[-151.30441725,59.42203903],[-151.95575607,59.34533882],[-151.86121237,59.25022936],[-150.98054254,59.20142174],[-150.23465514,59.73375785],[-150.33303452,59.54682291],[-149.95391905,59.65720141],[-150.06007242,59.765625],[-149.78512967,59.7125113],[-149.86869335,59.85006726],[-149.57462871,59.75967216],[-149.43483221,60.11894727],[-149.28676271,59.87564874],[-149.0703572,60.05494428],[-148.42699444,59.94828856],[-148.32701242,60.18262136],[-148.104761,60.20230675],[-148.43997061,60.17827737],[-147.97256112,60.51353681],[-148.70744526,60.44327557],[-148.19605613,60.62576401],[-148.71459436,60.77527535],[-148.33775175,60.80654526],[-148.17381394,60.98786581],[-148.43020296,60.96763134],[-147.72205961,61.27724278],[-148.06608891,60.93505585],[-147.60073733,60.84975433],[-147.54833055,61.14960945],[-147.54852974,60.91063178],[-147.41944492,61.00963342],[-147.3772006,60.87618005],[-146.19581831,61.13041556],[-146.74793816,60.95908833],[-146.09116256,60.83673024],[-146.69116056,60.74380088],[-145.64383554,60.66818774],[-145.96119595,60.46929705],[-145.4654392,60.43300498],[-145.66987824,60.36277485],[-145.33982217,60.24519134],[-144.98052907,60.21672845],[-144.74154234,60.47937965],[-144.95981491,60.28882051],[-144.41708767,60.16565764],[-144.04556966,60.34262955],[-144.31338775,60.16215825],[-144.05481148,60.04999328],[-144.24130106,60.03386736],[-143.15743971,60.20160651],[-143.54095614,60.04819095],[-141.60196483,59.96149552],[-141.14340007,60.16083527],[-141.43123472,59.90199101],[-140.31900895,59.69204974],[-139.54090571,60.04442728],[-138.92030191,59.81395388],[-139.28241491,59.82940507],[-139.35641325,59.58970416],[-139.47243226,59.98952925],[-139.63671124,59.87342453],[-139.48137522,59.70727265],[-139.86304355,59.54156435],[-139.33957851,59.35634243],[-138.8671875,59.50306904],[-139.26076055,59.37627721],[-138.6379528,59.13337755],[-138.17650735,59.17869997],[-138.29279685,59.32302475],[-138.11197054,59.39119875],[-138.5302031,59.18672562],[-137.49012685,58.66950333],[-137.65507305,58.61205125],[-136.5707041,58.24355233],[-136.36739385,58.31394935],[-136.59232664,58.39074874],[-136.04191065,58.37907994],[-137.06283271,59.05847526],[-136.12334394,58.82354796],[-136.38015103,59.08225632],[-136.17821252,59.06879663],[-136.05476821,58.86378312],[-135.86708212,58.90993786],[-136.08089745,58.82516026],[-135.92134035,58.38601244],[-135.47555292,58.37549186],[-135.51126826,58.49195671],[-135.16341054,58.2087785],[-135.05353475,58.34660184],[-135.63570583,59.26400673],[-135.31706393,59.0911895],[-135.54182684,59.30728102],[-135.36466551,59.48640454],[-135.02668202,58.73078167],[-134.95219302,59.01294124],[-134.73907292,58.37727702],[-134.21977615,58.20516861],[-133.19013512,58.84811318],[-133.9453125,58.48716521],[-134.06939912,58.11249614],[-133.89944518,57.97395503],[-132.99697936,58.22684681],[-133.85295963,57.94759107],[-133.71270263,57.79600441],[-133.18174934,57.89971948],[-133.56756902,57.91834557],[-133.55763221,57.78246307],[-132.83807564,57.50610077],[-133.64346385,57.71613622],[-133.35229111,57.59656596],[-133.51166332,57.5480324],[-133.35948312,57.44153833],[-133.46704185,57.36417055],[-133.07872915,57.35725546],[-133.56909645,57.19009376],[-133.17444324,57.17722237],[-132.56718302,56.75680637],[-132.38110721,56.83014238],[-132.55704558,56.71470058],[-132.24902606,56.67967737],[-132.36798465,56.59280658],[-131.90625346,56.22958004],[-131.58640051,56.19941676],[-131.95893967,56.17525113],[-132.01053035,55.78835845],[-132.28197145,55.76455975],[-132.1777271,55.58423674],[-131.95690632,55.50298715],[-132.03590345,55.67816305],[-131.88579535,55.60167623],[-131.7637372,55.81352282],[-131.91216004,55.85596097],[-130.93032897,56.16622674],[-131.20893586,55.99148071],[-130.71766925,55.75838935],[-130.8753587,55.55870771],[-130.65750575,55.65598273],[-130.88253164,55.35895896],[-130.62201035,55.38778532],[-131.08929503,55.1953125],[-130.9266144,55.09575665],[-130.49306142,55.32687497],[-130.70928884,55.12102425],[-130.53118563,55.15747905],[-130.98871875,55.06703305],[-130.93310857,54.80376446],[-130.22981465,55.03641093],[-130.02013731,55.90387416],[-130.152481,55.75318296],[-129.98295695,55.28285833],[-130.65400714,54.65370596],[-131.07553211,54.73478125],[-132.05005761,54.3809899],[-133.2361674,54.51765783],[-138.83659811,53.57797273],[-140.99291481,55.30206085],[-141.65881838,56.07564674],[-142.34435474,56.43499598],[-142.82286888,56.56881073],[-144.90240556,56.15371617],[-146.67308875,56.0616598],[-148.05044095,55.01369307],[-152.30164101,53.03764308],[-153.8017123,52.59538824],[-155.43440759,52.42426905],[-157.43182232,51.67282237],[-159.77513122,51.42681397],[-161.44355169,51.03955781],[-162.99267593,50.96624605],[-167.30596953,49.66475905],[-171.85253222,48.78281274],[-174.16340966,48.68426857],[-178.34222648,47.91697616],[-180,47.92380223],[-180,55.34902325],[-178.06641941,55.24838503],[-175.8290115,55.61203644],[-176.38699132,56.49481121],[-176.54660977,57.48151647],[-178.46650148,58.55957208],[-179.30526104,59.37319205],[-179.77914348,60.1916129],[-175.04888889,62.69888889],[-168.97694444,65.5],[-168.97694444,72.78126563],[-161.91245257,74.29904069],[-157.33389302,74.69951763],[-153.50956033,74.59423604],[-147.38496105,73.81590755],[-141.01268165,73.39848181],[-141,69.64646341],[-143.26859236,70.11950886],[-145.33926737,69.98546457],[-145.19663703,70.02282786],[-149.32758141,70.50246215],[-150.48327303,70.39068174],[-150.92400694,70.17161155],[-151.13518977,70.42547262],[-152.61851203,70.55178964],[-152.05620825,70.58041835],[-152.57029104,70.63069427],[-152.20382094,70.79617083],[-152.46317875,70.86303282],[-154.46851023,70.72599404],[-154.33206534,70.81967235],[-155.06348121,71.13013315],[-155.50484061,70.94418752],[-155.19933605,70.82547355],[-155.51080584,70.86131716],[-155.39237714,70.76901674],[-156.66209102,70.89632297],[-155.51791692,71.07447004],[-156.55840504,71.28751397],[-156.446298,71.38335144],[-157.76728547,70.87568462],[-159.25884974,70.77522373],[-159.15796387,70.66117835],[-159.46870756,70.78242612],[-158.77200115,70.90423512],[-159.16981745,70.87521195],[-160.11854923,70.59499288],[-159.26125658,70.51808262],[-159.79235065,70.48642123],[-159.83829141,70.25822186],[-159.04018736,70.07808745],[-160.24920738,70.26020765],[-159.91780758,70.46638334],[-160.20969832,70.462749],[-159.89797807,70.52399456],[-160.16538227,70.57833385],[-162.06080592,70.14428282],[-161.65723777,70.24224186],[-161.89229214,70.30076087],[-162.34040642,70.10138798],[-161.67790645,69.8795645],[-162.34335244,70.08368266],[-163.00983071,69.75693607],[-162.9039402,69.61752486],[-163.09292924,69.59289551],[-163.14362311,69.34951961],[-163.68468416,69.07445061],[-166.21715414,68.87520647],[-166.40145576,68.41934276],[-166.23706186,68.38184285],[-166.81883454,68.34848356],[-166.25583458,68.32055414],[-164.10606015,67.60072064],[-163.71924055,67.11470616],[-161.47360802,66.96336401],[-161.79418337,66.84041226],[-161.61915636,66.80208695],[-160.53580058,66.92714417],[-161.29047251,66.65889215],[-159.78826463,66.65098345],[-160.29619312,66.59758365],[-160.14362216,66.47267354],[-159.03998745,66.56675732],[-160.61219847,66.35792553],[-161.17334378,66.53107035],[-161.57853675,66.43993974],[-162.48959255,66.94386733],[-162.62309778,66.85739887],[-162.50122154,66.73428142],[-161.87925887,66.51015472],[-161.94185674,66.32409275],[-161.08669233,66.30904806],[-161.05656588,65.93624794],[-161.45564067,66.26083148],[-161.82914472,66.00001013],[-163.75306594,66.06077671],[-164.25513971,66.19743705],[-163.83782315,66.25885034],[-163.72565734,66.51514506],[-164.38637185,66.58139884],[-165.86981106,66.24543905],[-165.30999637,66.11819172],[-166.24716926,66.17003298],[-168.11534905,65.66338515],[-167.46326888,65.41365767],[-166.08747804,65.26765394],[-166.88927281,65.11653996],[-166.38549972,64.88690233],[-166.47035122,64.72221017],[-166.25796115,64.59121931],[-165.01294243,64.43554711],[-163.79680455,64.57496464],[-163.14978063,64.39757454],[-163.02977264,64.50663197],[-163.36370683,64.58125865],[-163.13080955,64.64930916],[-162.79089534,64.32503903],[-161.14321065,64.9307543],[-160.81788838,64.82184076],[-160.81735432,64.60735905],[-161.52283955,64.42105186],[-161.20284927,64.41547632],[-160.66150248,63.87594354],[-161.13928592,63.50220942],[-162.18452573,63.406569],[-162.02816784,63.47620082],[-162.31389844,63.54122412],[-162.42517984,63.40305555],[-162.26778388,63.37607324],[-163.04307795,63.06165695],[-163.76260304,63.01909292],[-164.08414793,62.83220625],[-163.87409396,62.6816308],[-163.7685554,62.28451848],[-163.90658248,62.2088449],[-163.76133466,62.11326015],[-164.00662267,62.21319747],[-163.95016944,62.52950466],[-164.51087904,62.72867572],[-164.8534379,62.54796374],[-164.57288241,62.56118381],[-164.53168774,62.39029181],[-165.04601705,62.53861296],[-165.34196532,62.34403098],[-164.86753845,62.26308072],[-164.99278223,62.06468713],[-165.19693172,62.30914116],[-165.76109982,62.02300966],[-165.32573891,61.83332336],[-166.09480321,61.81467664],[-165.86663604,61.69926286],[-166.16334403,61.65391243],[-166.13908267,61.50552034],[-165.4489423,61.45137942],[-165.64306736,61.32653725],[-165.58765793,61.1027683],[-164.82164025,61.3384757],[-165.1708641,61.11044991],[-164.77307975,61.09939051],[-164.61674595,61.20775366],[-164.75059795,61.31954801],[-164.40047503,61.43631208],[-164.65539455,61.12820923],[-165.1143012,61.01432455],[-163.40962505,60.71525204],[-163.75424576,60.57409704],[-163.92629516,60.78507745],[-164.57462537,60.45427442],[-164.66789568,60.30904996],[-164.52079432,60.19965456]]]]}},{"type":"Feature","id":"marine-8464","properties":{"code1":"br","name1":"Brazil","code2":"","name2":"","code3":"","name3":"","aidCode1":"","aidName1":"","aidCode2":"","aidName2":"","aidCode3":"","aidName3":"","selectionAid":false,"preserveOverviewDetail":false,"selectionAidRadiusNm":null},"geometry":{"type":"MultiPolygon","coordinates":[[[[-47.78326675,4.44588561],[-46.0354801,2.53412996],[-43.54282357,1.78602998],[-41.84945475,0.69614995],[-38.77596432,0.28094489],[-36.0748968,-1.36325002],[-34.61290664,-0.59906822],[-32.40687973,-0.45257867],[-32.67443778,1.03640452],[-32.30155169,2.46347254],[-31.34110573,3.60278266],[-30.01429446,4.20195203],[-28.49955335,4.16060395],[-27.16373991,3.45272698],[-26.27757138,2.22602306],[-26.02014501,0.72310647],[-26.32930513,-0.50512451],[-27.04361449,-1.506031],[-28.07219394,-2.18128972],[-29.31470232,-2.43624032],[-29.04229529,-3.93851547],[-29.41144564,-5.36832139],[-30.24553732,-6.42459598],[-31.43846302,-7.08196142],[-31.53783726,-8.66546761],[-32.15118737,-10.45338918],[-33.75274951,-12.61990057],[-34.47666572,-13.28017804],[-35.5229132,-14.90142574],[-35.478859,-16.65923624],[-35.19578065,-17.83257916],[-35.30590741,-18.84540715],[-35.69736515,-19.73168875],[-36.35696285,-20.48650406],[-37.921098,-23.77453315],[-39.36863528,-25.34011142],[-40.13581132,-25.89852154],[-41.20561815,-26.28465677],[-42.68292468,-26.40644835],[-44.58172024,-27.35546603],[-44.77118259,-28.68368355],[-45.31676228,-30.05350528],[-46.55081199,-31.30833214],[-47.58326292,-33.06560658],[-48.8518655,-34.23707966],[-50.08610712,-35.78115155],[-53.36152364,-33.74938617],[-52.67245197,-33.16922426],[-52.09832215,-32.16071463],[-52.38029492,-31.80499697],[-51.44518113,-31.08923638],[-51.37894177,-30.64135706],[-51.31755805,-30.78329575],[-51.09729147,-30.35826814],[-51.50591207,-29.92886174],[-52.76875722,-30.00426567],[-51.25089824,-29.9310683],[-51.19084466,-30.23966205],[-50.90376544,-30.44223535],[-50.54077101,-30.27301288],[-50.59256303,-30.48805535],[-50.72059202,-30.35842025],[-50.73343086,-30.79865766],[-51.17979038,-31.09779108],[-51.22436535,-31.44066524],[-52.08288968,-31.82831311],[-52.08351851,-32.15244603],[-50.79573095,-31.14160144],[-49.67949176,-29.27715564],[-48.74665403,-28.49877036],[-48.87855065,-28.33357894],[-48.74208057,-28.22245431],[-48.82039082,-28.44077575],[-48.64517891,-28.23430741],[-48.48888636,-27.2116791],[-48.71968734,-26.85365498],[-48.88730705,-26.92653453],[-48.58421373,-26.79562545],[-48.68867731,-26.67734253],[-48.50461721,-26.23650968],[-48.71357334,-26.31771064],[-48.62302351,-26.43066525],[-48.80961645,-26.08860767],[-48.59981,-26.18092597],[-48.56269026,-25.87121475],[-48.75310338,-25.86780024],[-48.42668104,-25.63453925],[-48.74083376,-25.3707273],[-48.47414637,-25.48060298],[-48.32429731,-25.23977792],[-48.31677842,-25.36508775],[-48.13321257,-25.27331603],[-48.25354087,-25.4440093],[-48.0099467,-25.21823013],[-48.03684056,-25.01463473],[-47.57183492,-24.72463775],[-47.84784174,-24.47123694],[-47.64331818,-24.69480252],[-46.37737215,-23.87411237],[-45.42116392,-23.82821763],[-45.42151833,-23.64021766],[-44.57291901,-23.34654832],[-44.68701327,-23.07778537],[-44.31280553,-22.95974088],[-43.56327236,-23.05509508],[-43.99598396,-23.10146475],[-43.19430995,-22.98860097],[-43.26565504,-22.82517552],[-43.08788753,-22.68335974],[-43.13106775,-22.87750483],[-42.05322528,-22.95946813],[-41.87168443,-22.73776495],[-41.99956048,-22.62514782],[-41.66167533,-22.2845391],[-40.9845829,-22.00047004],[-41.01279855,-21.62645328],[-41.26500106,-21.76540256],[-41.75470221,-21.6433866],[-41.26861095,-21.76171291],[-41.05015028,-21.61616111],[-40.79414964,-20.92451084],[-39.82846308,-19.65530396],[-39.95615077,-19.43670022],[-40.84043956,-19.51777971],[-40.05577981,-19.40775466],[-39.80008495,-19.58108306],[-39.63696611,-18.23756003],[-39.20291615,-17.76157284],[-39.35914814,-17.73770142],[-39.20326054,-17.74623907],[-38.85567236,-15.85755277],[-39.07821512,-15.8203125],[-38.90355122,-15.8629266],[-38.92779756,-13.91424632],[-39.04802227,-14.17621875],[-39.13735962,-13.72284997],[-39.04408717,-13.8104074],[-39.04166353,-13.35259235],[-38.73423791,-12.88209927],[-38.9722259,-12.60393405],[-38.85147095,-12.82936037],[-38.70998704,-12.59325623],[-38.48798466,-12.78997111],[-38.53281605,-13.00075352],[-38.06039774,-12.64753103],[-37.17595804,-11.19001114],[-37.15976095,-10.75549495],[-36.40687585,-10.51265383],[-36.84686875,-10.1953125],[-36.44009471,-10.40153074],[-36.05968094,-10.08533204],[-35.80106425,-9.71906471],[-35.9591397,-9.62094712],[-35.86484492,-9.75044072],[-35.29491913,-9.17011821],[-34.81995726,-7.91628134],[-34.82776105,-6.97322416],[-34.89458835,-7.10477114],[-35.11270177,-5.99672258],[-35.19637012,-5.76696122],[-35.30454302,-5.84143138],[-35.22506571,-5.59199321],[-35.48692215,-5.1590898],[-35.96762633,-5.04321313],[-36.58139432,-5.08395493],[-36.58637404,-5.21161663],[-37.75910938,-4.42931187],[-37.81538117,-4.63831306],[-37.76724684,-4.40787888],[-38.46217099,-3.72031064],[-39.99256384,-2.83950293],[-40.49738896,-2.78505957],[-40.80693007,-3.01217973],[-40.86662781,-2.86348414],[-41.24867404,-2.88901436],[-41.23422623,-3.02218032],[-41.8589189,-2.72396767],[-42.00268435,-2.7157011],[-41.91208947,-2.86542034],[-42.69598961,-2.57581246],[-42.72181547,-2.69967926],[-43.37122261,-2.33898282],[-43.45829141,-2.58710945],[-43.51618278,-2.42337775],[-44.24387002,-2.94339991],[-44.05143535,-2.47339976],[-44.31456566,-2.50084305],[-44.42541444,-2.94430876],[-44.83014905,-3.38564003],[-44.60928035,-3.04106486],[-44.53748965,-2.55012155],[-44.64846945,-2.60429895],[-44.36222327,-2.34265935],[-44.55512547,-2.20357704],[-44.86656904,-2.33340645],[-44.49670291,-2.04905343],[-44.62445915,-1.72634256],[-44.82956934,-1.80261815],[-44.64846945,-1.61043727],[-45.13038433,-1.48265862],[-45.17291045,-1.98252976],[-45.46300423,-1.53600407],[-45.40826476,-1.30767345],[-45.70315707,-1.37410915],[-46.01014507,-1.09581637],[-46.18201446,-1.70369625],[-46.06385207,-1.1017071],[-46.32580841,-1.30225873],[-46.18222976,-0.93400455],[-46.42851365,-1.07855392],[-46.41867793,-0.87254095],[-46.69497335,-0.96294355],[-46.61595261,-0.81643486],[-46.74874318,-0.94178033],[-46.85662377,-0.73860931],[-46.98063576,-0.91937566],[-47.31236243,-0.59502995],[-47.40931094,-0.99213254],[-47.55808222,-0.63511896],[-47.72621656,-0.75976586],[-47.64935684,-0.58604777],[-47.91599846,-0.85686982],[-48.16135693,-0.78573716],[-48.50775218,-1.45856488],[-47.93861604,-1.58203125],[-48.61312914,-1.46456444],[-49.66879642,-2.64790046],[-49.63417673,-3.81348526],[-49.76445091,-2.76064372],[-49.28706634,-1.80792141],[-49.58586228,-1.99504411],[-49.85474026,-1.9115808],[-49.81911492,-2.18429124],[-49.88054752,-1.88044083],[-50.16414845,-1.87687075],[-50.22471023,-2.1371721],[-50.23348224,-1.90272391],[-50.43162286,-2.07214117],[-50.34220636,-2.22934341],[-50.44181895,-1.93359375],[-50.65574431,-1.80091143],[-50.82113194,-1.92946303],[-50.43581533,-2.45778585],[-50.83826637,-2.02101231],[-51.01614535,-2.21035612],[-50.38689876,-2.8125],[-51.20343626,-2.13672471],[-50.97846627,-2.00975227],[-51.24882472,-1.82267547],[-51.48368597,-2.07248294],[-51.33254421,-2.37874722],[-51.41349375,-1.82329071],[-51.60839498,-1.78727996],[-51.3094635,-1.64531267],[-50.69729793,-1.78254402],[-50.82599092,-0.99709511],[-51.01073873,-0.92460811],[-51.11727834,-1.16475368],[-52.24238753,-1.70035565],[-51.81565285,-3.07267368],[-51.61256087,-3.1523236],[-51.82817245,-3.61466098],[-52.03125,-3.26981032],[-51.86847305,-3.55246115],[-51.63036394,-3.16530645],[-52.05811393,-2.78418946],[-52.25519097,-2.15248477],[-52.48249376,-2.28449667],[-52.51277804,-2.13537347],[-52.25714135,-2.02837765],[-52.38266575,-1.79995132],[-52.24605763,-1.81398976],[-52.24365091,-1.52975845],[-53.47522366,-1.90705132],[-53.63735497,-2.13462245],[-53.83228564,-2.09413946],[-53.39648378,-1.88036585],[-53.76797032,-1.953179],[-54.08491564,-2.49640191],[-54.57079172,-2.50432062],[-54.11809695,-2.30862045],[-53.96208835,-1.93383825],[-52.63795674,-1.54042804],[-52.84565306,-1.38983476],[-52.62254286,-1.53496075],[-51.97089291,-1.39201224],[-51.89678204,-1.16302371],[-52.03125,-1.17745531],[-51.70792723,-1.04563487],[-51.69528294,-0.74570644],[-51.24132013,-0.10537267],[-51.40234697,-0.06480575],[-50.77224565,0.20944905],[-50.32326865,0.74962032],[-50.4156847,0.96202672],[-50.27603364,0.87011576],[-49.88451362,1.15308595],[-50.14028215,1.32586646],[-50.50083697,1.0546875],[-50.22747815,1.34712684],[-49.90722644,1.29045761],[-49.91176617,1.66378558],[-50.44898605,1.81097496],[-50.67460442,2.13308477],[-50.74765885,2.03253782],[-51.07525897,3.88236535],[-51.17344916,3.29499984],[-51.21413934,4.14824033],[-51.54418254,4.42978024],[-51.45177472,3.95364904],[-51.59061122,4.23961782],[-51.82087481,3.86765563],[-51.63432135,4.48497667],[-49.38484389,7.04506604],[-48.37506503,5.91788302],[-47.78326675,4.44588561]]]]}},{"type":"Feature","id":"marine-8465","properties":{"code1":"cl","name1":"Chile","code2":"","name2":"","code3":"","name3":"","aidCode1":"","aidName1":"","aidCode2":"","aidName2":"","aidCode3":"","aidName3":"","selectionAid":false,"preserveOverviewDetail":false,"selectionAidRadiusNm":null},"geometry":{"type":"MultiPolygon","coordinates":[[[[-70.93198998,-54.75580123],[-70.45431375,-54.63433623],[-70.80248535,-54.77677035],[-70.16887236,-54.87420321],[-69.98731232,-54.72588813],[-69.07871866,-54.96366453],[-67.2988635,-54.9068474],[-65.72666667,-55.38166667],[-65.72666667,-56.38],[-67.26666667,-56.38],[-67.26666667,-59.76210358],[-69.44896691,-59.82965816],[-71.54943935,-59.49616583],[-73.14407942,-58.8681589],[-74.24337041,-57.99110991],[-76.82860155,-57.21187321],[-78.15108762,-56.30422357],[-80.16493299,-53.72108226],[-80.69011605,-51.99563455],[-80.80280254,-48.90340759],[-80.41902028,-46.32301576],[-79.89061411,-45.1601768],[-79.78946911,-44.20978521],[-79.21542958,-42.62069683],[-78.63105522,-41.73526894],[-78.02232822,-39.69818662],[-78.19585478,-38.21955586],[-77.82711984,-36.93331468],[-80.94837763,-37.15523176],[-82.68686567,-36.77345954],[-83.55419113,-36.26665083],[-84.23300768,-35.58857089],[-84.67703705,-34.76084558],[-84.84017347,-33.89963063],[-84.64824535,-32.7839489],[-84.01445853,-31.75628142],[-83.03577833,-30.96738814],[-81.80335376,-30.48883424],[-79.03090911,-30.2636804],[-77.94735391,-30.35499476],[-76.54907107,-30.89248913],[-75.50690794,-31.77666991],[-75.58235029,-30.54606182],[-75.36532632,-28.64639586],[-74.44241511,-25.95952173],[-74.18859689,-22.80304958],[-73.72805886,-21.38429755],[-73.73071667,-19.97343889],[-71.78228611,-18.35011667],[-70.3805,-18.35011667],[-70.06330144,-21.45084238],[-70.31340682,-22.80957031],[-70.55773175,-23.06117475],[-70.59000528,-23.42790854],[-70.39234102,-23.60755587],[-70.58099031,-24.55176485],[-70.44761515,-25.35974813],[-70.73111784,-25.81088197],[-70.68359184,-26.57244205],[-71.51665103,-28.91256332],[-71.27446771,-29.8828125],[-71.65550804,-30.28257263],[-71.71875,-30.65206456],[-71.40981007,-32.40462911],[-71.73720324,-33.1191076],[-71.60464084,-33.54311895],[-72.00343466,-34.12983406],[-72.15806961,-35.05527866],[-72.81070006,-36.0819211],[-72.8708415,-36.38595045],[-72.51168585,-36.60680234],[-72.86891377,-36.39566207],[-73.11305392,-36.71050751],[-72.96350372,-37.11561882],[-72.56674206,-37.23061001],[-72.71208477,-37.26605475],[-72.58871865,-37.55483377],[-73.07031763,-36.85994625],[-73.23771715,-37.20544875],[-73.67421102,-37.29340017],[-73.4765625,-38.68024552],[-73.17253041,-38.71628296],[-73.34748185,-38.69776726],[-73.19505358,-39.38884485],[-73.40017092,-39.87552607],[-73.12722623,-39.79004765],[-73.70382464,-40.00267756],[-73.7150892,-40.24341071],[-73.34229255,-40.33377731],[-73.65137291,-40.28763723],[-73.76410937,-40.45551121],[-73.94614935,-40.98618495],[-73.85843456,-41.46066535],[-73.36604333,-41.50984383],[-73.75501955,-41.74096131],[-73.4949975,-41.79515982],[-73.12688124,-41.76191795],[-72.93388104,-41.47531271],[-72.39530373,-41.66330087],[-72.29032385,-41.38618565],[-72.31766546,-41.65332723],[-72.85969734,-41.9048835],[-72.42812395,-41.97493196],[-72.37587214,-42.2541033],[-72.39955544,-42.48458076],[-72.75190794,-42.23615766],[-72.49451077,-42.55126333],[-72.81502795,-42.52186084],[-72.65240574,-43.00653446],[-72.80287671,-42.93518066],[-72.72555494,-43.0807147],[-72.85908806,-43.02918375],[-73.08968997,-43.43093944],[-72.77465165,-43.93478954],[-72.95050955,-43.84676194],[-73.25301981,-44.11261964],[-72.71668816,-44.50009441],[-72.57443225,-44.32765591],[-72.60662055,-44.47265625],[-73.09494817,-44.94974375],[-73.36635554,-44.97182965],[-73.42202461,-45.18820155],[-72.70056891,-45.41432035],[-73.20823073,-45.29642105],[-73.47084343,-45.44331086],[-73.56021333,-45.76373506],[-73.15901685,-45.65559542],[-73.63558531,-45.97497284],[-73.66620874,-46.31583786],[-73.38926971,-46.00548375],[-73.95878696,-46.60933328],[-73.84453475,-46.67972243],[-73.98520887,-46.72577596],[-73.72805297,-46.23851275],[-74.43825531,-46.19920957],[-73.98222196,-46.14714444],[-74.00621963,-45.98640966],[-74.30916643,-46.14374375],[-74.12517154,-46.14052737],[-74.05029082,-46.031762],[-74.30279195,-46.00945616],[-74.10535276,-46.01557815],[-74.06472051,-45.82402706],[-74.42638862,-45.80180514],[-74.46615756,-46.02922261],[-74.51346815,-45.84392285],[-75.05670202,-45.86670864],[-74.92152393,-45.96468306],[-75.04264665,-46.03771293],[-74.56116283,-46.0498054],[-75.65128088,-46.71949697],[-75.3878746,-46.95879483],[-75.26064193,-46.87601161],[-75.58197784,-46.80673993],[-74.89051092,-46.43942094],[-74.96073556,-46.74847114],[-74.42513967,-46.89409626],[-74.69374895,-46.81230581],[-74.30474067,-46.76196074],[-74.06863391,-46.97827244],[-74.19231927,-47.08007777],[-74.02796054,-47.35225987],[-74.23595607,-47.19016373],[-74.48414254,-47.43227661],[-73.93997014,-47.58463562],[-74.23895526,-47.60733187],[-74.08635545,-47.73016286],[-74.54235804,-47.67713547],[-74.34775186,-47.60211062],[-74.44292724,-47.52510631],[-74.67918026,-47.71899712],[-73.87898457,-47.83070791],[-73.5891304,-47.61430311],[-73.69276094,-47.68120563],[-73.46934032,-47.92294455],[-73.20835054,-47.95490384],[-73.52010107,-47.87841928],[-73.59071243,-48.00086153],[-73.31214488,-48.17547357],[-73.22963965,-48.01553345],[-73.44798613,-48.31332123],[-73.68943203,-48.08456194],[-74.1321516,-47.97975063],[-74.14904976,-48.20718348],[-74.28608036,-48.00044572],[-74.60715997,-48.00684297],[-74.38137925,-48.01030076],[-74.22629094,-48.31843615],[-73.91203916,-48.31405938],[-74.19597697,-48.33774412],[-73.92717397,-48.57902026],[-74.34665096,-48.58054304],[-73.96966171,-48.71661556],[-74.40491974,-48.84248757],[-74.36559296,-49.41334021],[-74.2147789,-49.53527582],[-74.09797502,-49.26262355],[-73.77418876,-49.38773668],[-73.98595536,-49.26135016],[-74.06273246,-49.50962806],[-73.65411055,-49.71096694],[-73.89321554,-49.5544399],[-74.30200756,-49.63965738],[-74.03864086,-49.71789765],[-74.31478286,-49.79890335],[-74.02266443,-49.98274875],[-73.83347225,-49.83067751],[-73.86421192,-50.03079224],[-74.358675,-49.98728478],[-73.85229266,-50.27968991],[-74.42578697,-50.02164221],[-74.70379674,-50.20424044],[-74.36467505,-50.39965844],[-74.30836463,-50.25188994],[-74.20293593,-50.44176543],[-73.96530044,-50.36602795],[-74.14441061,-50.42919445],[-73.87656474,-50.54104686],[-74.19833553,-50.46659601],[-74.08460903,-50.58610964],[-74.22653651,-50.59411311],[-74.02465296,-50.84919786],[-73.55990005,-50.37737417],[-73.63595164,-50.61347234],[-73.35933507,-50.67550933],[-73.80123854,-50.69042933],[-73.71681547,-50.82491744],[-73.86440384,-50.85431635],[-73.69518864,-50.95258045],[-74.22016466,-50.91130137],[-74.19273806,-51.05762875],[-74.03976285,-50.94828916],[-74.09971452,-51.19275546],[-73.75055754,-51.17761445],[-73.58099711,-51.53920114],[-73.88434792,-51.37612522],[-73.97265077,-51.50571322],[-73.70612085,-51.79407477],[-73.45946455,-51.68076265],[-73.59077406,-51.76100826],[-73.37093842,-52.04216111],[-73.59832156,-51.79967678],[-73.55639458,-51.92973554],[-73.30033565,-52.16145647],[-73.40160394,-51.6468569],[-73.21347177,-52.10303688],[-72.93547905,-51.89202166],[-73.2195127,-51.87851381],[-73.00305784,-51.79029584],[-73.27422833,-51.68725574],[-72.60648704,-51.81542802],[-72.76176572,-51.59677517],[-73.26981401,-51.47866654],[-72.52568674,-51.69815648],[-72.63809013,-52.08219957],[-72.47544181,-52.21350205],[-72.67658675,-52.41444516],[-72.52045584,-52.45059276],[-72.98047793,-52.50177634],[-72.54139245,-52.22101164],[-72.76593006,-51.95024621],[-72.91165006,-52.26877224],[-72.99909294,-52.07220483],[-73.35387945,-52.21796453],[-73.65872514,-52.04056633],[-73.45331395,-52.51202488],[-73.72212231,-52.7438755],[-73.35822594,-52.65874481],[-73.30078435,-52.78631592],[-73.76980662,-52.92978621],[-73.17494774,-52.90397346],[-73.36655807,-52.97659266],[-73.20834911,-53.11301124],[-72.67212021,-52.68087506],[-72.92244565,-52.59199858],[-71.56322241,-52.56285131],[-71.1858989,-52.81001782],[-71.35535967,-53.12213707],[-71.72601497,-53.21012843],[-71.75684452,-53.4616127],[-71.99539006,-53.56716287],[-71.83068073,-53.48223376],[-71.87085736,-53.22560287],[-72.16295946,-53.43413556],[-72.13556278,-53.25558031],[-72.31491041,-53.25913537],[-72.41386414,-53.49023676],[-71.29424655,-53.89628756],[-70.98494852,-53.78650081],[-70.73137248,-52.71996176],[-69.67896104,-52.53909147],[-69.22366714,-52.19880557],[-68.48065114,-52.34098935],[-68.595,-52.64166667],[-69.16181648,-52.68669951],[-69.42723143,-52.45393121],[-69.92639816,-52.84675145],[-70.42205465,-52.76609063],[-70.11836755,-52.88806176],[-70.4636234,-53.29396665],[-70.21563745,-53.47760022],[-69.59130192,-53.34882975],[-69.32104182,-53.49480402],[-70.15148664,-53.76439631],[-70.04361868,-54.05317748],[-68.96097875,-54.47561896],[-69.51381016,-54.67682564],[-69.19938576,-54.44996464],[-69.84514034,-54.28723991],[-69.71607506,-54.50757027],[-69.84832513,-54.57918823],[-70.00393558,-54.26349485],[-70.18037295,-54.30829501],[-70.05158794,-54.37774277],[-70.92388666,-54.12005305],[-70.11295056,-54.55544186],[-70.5736773,-54.40956056],[-70.7077409,-54.53773308],[-70.58529341,-54.36455751],[-70.82227075,-54.3279165],[-70.93512011,-54.51632035],[-71.94608855,-54.44881153],[-71.73586547,-54.61541414],[-71.22262597,-54.52892411],[-71.14335012,-54.62494433],[-71.30837572,-54.64792085],[-71.02821016,-54.64045405],[-71.03321683,-54.77756131],[-70.75726283,-54.69004965],[-70.93198998,-54.75580123]]]]}},{"type":"Feature","id":"marine-8466","properties":{"code1":"ar","name1":"Argentina","code2":"","name2":"","code3":"","name3":"","aidCode1":"","aidName1":"","aidCode2":"","aidName2":"","aidCode3":"","aidName3":"","selectionAid":false,"preserveOverviewDetail":false,"selectionAidRadiusNm":null},"geometry":{"type":"MultiPolygon","coordinates":[[[[-58.08797533,-31.82469985],[-58.11877672,-32.98330936],[-58.3717874,-33.11544252],[-58.49340403,-33.67041224],[-57.95166667,-34.66666667],[-55.87025362,-35.63138513],[-54.27705146,-37.09517178],[-52.66730613,-37.85983531],[-53.85877222,-39.79038611],[-54.65260833,-40.57631944],[-55.8497,-41.25318611],[-57.99318056,-41.92247778],[-59.12624444,-43.22485278],[-59.66271389,-44.44628611],[-60.56940278,-45.26574167],[-60.91181361,-46.30260417],[-60.77713055,-47.66527222],[-64.57333845,-50.36154789],[-65.01514935,-51.41486411],[-64.69696076,-52.53064442],[-61.62049497,-53.78198859],[-58.54559962,-56.22492672],[-59.83056111,-57.23924167],[-61.74865278,-57.92334444],[-63.73938611,-58.21183611],[-67.25204722,-58.36511389],[-67.26666667,-56.38],[-65.72666667,-56.38],[-65.72666667,-55.38166667],[-67.13968306,-54.92891391],[-68.6147891,-54.89686427],[-67.27896166,-54.87061381],[-66.45373392,-55.05816746],[-65.36043262,-54.93219662],[-65.19288886,-54.70157385],[-66.47421455,-54.47189975],[-67.53493011,-53.92754555],[-68.12855578,-53.33698094],[-68.49775636,-53.27073014],[-68.28603625,-53.06478834],[-68.60666502,-52.65779054],[-68.35573423,-52.33823323],[-68.98065591,-51.61388564],[-69.59858584,-51.62174034],[-68.94761741,-51.55680406],[-69.17269266,-50.9765625],[-69.41545153,-51.09047735],[-68.86417961,-50.32526755],[-68.36223066,-50.16460681],[-68.88187695,-49.97132862],[-68.56877005,-49.93728864],[-68.63229895,-49.79586816],[-68.32400584,-50.12329626],[-67.91361022,-50.00424767],[-67.61241758,-49.24969447],[-67.83129537,-49.39021504],[-67.55507123,-49.01803505],[-65.8063277,-47.96123064],[-65.89885044,-47.76269972],[-66.24349904,-47.8516041],[-65.84787714,-47.74720597],[-65.7421875,-47.20703125],[-66.78430974,-47.00444341],[-67.42176545,-46.56578135],[-67.62699461,-46.09371006],[-66.96485531,-45.27430165],[-65.59422433,-44.957147],[-65.67735136,-44.70327735],[-65.21965933,-44.35565758],[-65.35442436,-43.75317931],[-65.00035632,-43.27336514],[-64.31854534,-42.98770952],[-65.03215635,-42.76687098],[-64.96910572,-42.64645493],[-64.33102834,-42.5390625],[-64.14682865,-42.87152708],[-63.7319591,-42.81330705],[-63.58261275,-42.60784817],[-63.75803041,-42.07682621],[-64.36899614,-42.23446572],[-64.08311665,-42.25986636],[-64.13386261,-42.4276576],[-64.42405307,-42.43853271],[-64.61014831,-42.40196121],[-64.47605026,-42.24890256],[-65.02715623,-42.07915795],[-65.10110235,-40.82665896],[-64.86157775,-40.72730577],[-63.78632724,-41.15984774],[-62.80626512,-41.0323261],[-63.36587834,-40.70380235],[-62.75771511,-41.03345215],[-62.38360906,-40.90889323],[-62.20038247,-40.64240122],[-62.48465765,-40.30092537],[-62.31327403,-39.89160144],[-62.11667132,-39.872931],[-62.04543424,-39.44858301],[-62.25894761,-39.32293355],[-62.02436137,-39.41806996],[-62.31143606,-39.26423752],[-62.22123981,-39.0003401],[-62.38359058,-38.82579625],[-61.13373673,-38.99967492],[-58.49542546,-38.5371834],[-57.54324627,-38.09707654],[-57.40684485,-37.6171875],[-57.41780925,-37.74103463],[-56.67817545,-36.89690316],[-56.69971764,-36.40960026],[-57.37329924,-35.96963155],[-57.12929261,-35.45191383],[-57.24232793,-35.25402915],[-59.765625,-33.62109375],[-58.82984054,-33.94359255],[-58.47048163,-33.82331252],[-58.40646505,-33.12574041],[-58.15656173,-33.05258656],[-58.18761897,-32.14990091],[-57.9836781,-31.58792186],[-58.08797533,-31.82469985]]]]}},{"type":"Feature","id":"marine-8467","properties":{"code1":"uy","name1":"Uruguay","code2":"","name2":"","code3":"","name3":"","aidCode1":"","aidName1":"","aidCode2":"","aidName2":"","aidCode3":"","aidName3":"","selectionAid":false,"preserveOverviewDetail":false,"selectionAidRadiusNm":null},"geometry":{"type":"MultiPolygon","coordinates":[[[[-57.98760438,-31.62650156],[-58.1948843,-31.87684417],[-58.14405465,-32.13754225],[-58.01409531,-32.07624865],[-58.19560444,-32.46628761],[-58.11556995,-33.07527304],[-58.359375,-33.15234375],[-58.42751801,-33.81343114],[-57.82271552,-34.47509408],[-57.1346426,-34.44943476],[-56.16109598,-34.93122077],[-55.69893217,-34.76155615],[-54.95353305,-34.97224295],[-53.78666532,-34.40324795],[-53.38370001,-33.75459027],[-50.05938203,-35.80956558],[-50.91416811,-36.81238426],[-52.65386387,-37.85308326],[-54.27705146,-37.09517178],[-55.86666667,-35.63333333],[-57.95166667,-34.66666667],[-57.93987251,-34.44605306],[-58.31666667,-34.15],[-58.48026973,-33.50367304],[-58.11398409,-32.88034829],[-58.19806248,-31.86671164],[-57.98760438,-31.62650156]]]]}},{"type":"Feature","id":"marine-8468","properties":{"code1":"qa","name1":"Qatar","code2":"","name2":"","code3":"","name3":"","aidCode1":"qa","aidName1":"Qatar","aidCode2":"","aidName2":"","aidCode3":"","aidName3":"","selectionAid":true,"preserveOverviewDetail":false,"selectionAidRadiusNm":null},"geometry":{"type":"MultiPolygon","coordinates":[[[[51.26003184,26.15550604],[51.00572145,25.95800376],[50.91079927,25.51609087],[50.85594237,25.6389991],[50.82639682,24.74946606],[50.6159741,25.47667107],[50.86194444,25.69083333],[51.11972222,27.03333333],[51.73472222,26.93888889],[52.70833333,26.10555556],[53.03472222,25.53055556],[52.50166999,25.00399016],[52.32307975,25.04197845],[52.33487073,24.86641403],[51.30602801,24.51496561],[51.21858776,24.63513875],[51.62541401,25.01212585],[51.57482016,25.89410126],[51.26003184,26.15550604]]]]}},{"type":"Feature","id":"marine-8469","properties":{"code1":"ir","name1":"Iran","code2":"","name2":"","code3":"","name3":"","aidCode1":"","aidName1":"","aidCode2":"","aidName2":"","aidCode3":"","aidName3":"","selectionAid":false,"preserveOverviewDetail":false,"selectionAidRadiusNm":null},"geometry":{"type":"MultiPolygon","coordinates":[[[[55.71484435,26.88010001],[55.70771062,26.87610471],[55.71751185,26.88347559],[55.71484435,26.88010001]]],[[[48.39632404,30.89298105],[48.17931557,30.40915096],[48.45127034,30.00881064],[48.67502964,29.92776835],[48.64356124,30.22258902],[48.92267406,30.02821493],[48.65210605,30.38653445],[49.05972242,30.50562966],[49.24287283,30.13579297],[49.55982065,30.00030744],[50.05947745,30.19891751],[50.64947295,29.44120276],[50.6723628,29.12007105],[50.9210875,29.06606257],[50.82087076,28.96871161],[51.40549576,27.92418754],[52.43768144,27.64448178],[52.69434607,27.29266286],[53.72521007,26.70073307],[54.29025555,26.72243094],[54.79052341,26.49594915],[55.63320172,26.97474885],[56.65717757,27.16543066],[56.97055936,27.02073383],[57.32874024,25.78100038],[59.04572046,25.40940642],[60.45075881,25.29243934],[60.55563676,25.43812501],[61.42167938,25.05871046],[61.49833751,25.19771576],[61.41666667,23.34666667],[59.2820267,24.49418263],[57.69811811,24.72301527],[57.28090012,24.9826023],[56.84116157,25.63992171],[56.68333333,26.7375],[55.7280696,26.22887894],[55.00913519,26.35556775],[54.62,25.70527778],[53.03472222,25.53055556],[52.70833333,26.10555556],[51.73472222,26.93888889],[50.95,27.10833333],[50.40472222,27.76777778],[49.98555556,27.87972222],[50.07666667,28.16972222],[49.7,28.465],[49.39436634,29.15446107],[48.86183572,29.43551597],[48.74283,29.8565],[48.17686376,30.4079304],[48.515625,31.17522323],[48.39632404,30.89298105]]],[[[50.75618372,29.07977748],[50.75728936,29.07982435],[50.75652552,29.07959163],[50.75618372,29.07977748]]],[[[50.75728936,29.07982435],[50.75984633,29.08060336],[50.76199925,29.080024],[50.75728936,29.07982435]]],[[[48.76975882,30.19453466],[48.76946153,30.19374636],[48.76806751,30.19505998],[48.76975882,30.19453466]]],[[[48.88314489,38.44405651],[49.44489396,38.46209342],[49.7352586,38.2852921],[50.90335183,38.7050153],[51.37653418,38.58909855],[51.93301544,37.9894552],[52.77914356,37.79787048],[53.44645883,37.3322343],[53.96592825,37.32731363],[54.05115807,36.85508847],[51.91638195,36.57149816],[51.03663576,36.74878347],[50.33822846,37.11905825],[50.20349264,37.37634003],[49.93545532,37.30482435],[49.94221985,37.47042835],[49.08741105,37.64581168],[48.88314489,38.44405651]]]]}},{"type":"Feature","id":"marine-8470","properties":{"code1":"iq","name1":"Iraq","code2":"","name2":"","code3":"","name3":"","aidCode1":"","aidName1":"","aidCode2":"","aidName2":"","aidCode3":"","aidName3":"","selectionAid":false,"preserveOverviewDetail":false,"selectionAidRadiusNm":null},"geometry":{"type":"MultiPolygon","coordinates":[[[[48.11363124,30.44949458],[48.737241,29.84199895],[48.85705751,29.45009026],[48.18444444,30.01444444],[47.96213123,30.00099419],[47.83492315,30.28301287],[48.00137711,30.00056696],[48.60188436,29.91304874],[48.11363124,30.44949458]]]]}},{"type":"Feature","id":"marine-8471","properties":{"code1":"gw","name1":"Guinea-Bissau","code2":"","name2":"","code3":"","name3":"","aidCode1":"","aidName1":"","aidCode2":"","aidName2":"","aidCode3":"","aidName3":"","selectionAid":false,"preserveOverviewDetail":false,"selectionAidRadiusNm":null},"geometry":{"type":"MultiPolygon","coordinates":[[[[-14.91510396,11.06585368],[-14.97680974,11.03573728],[-14.96471107,11.06994236],[-14.91510396,11.06585368]]],[[[-15.51845133,12.41341555],[-16.07859373,12.33669376],[-16.33693886,12.02884412],[-16.09658325,11.87669694],[-15.99968624,12.07629144],[-15.49153435,12.02268302],[-15.78424645,12.01168931],[-15.93646586,11.85367382],[-15.80971932,11.74323022],[-14.92943215,12.02447462],[-15.03856075,11.82896256],[-14.88284302,11.78332055],[-15.04243553,11.9552865],[-15.54173768,11.72334385],[-15.43865478,11.56088471],[-15.11229515,11.69401276],[-15.50141072,11.32810426],[-15.22030592,11.47417486],[-15.41586804,11.28490615],[-15.31238306,11.13243043],[-15.12269771,11.37008941],[-15.18695986,11.07393956],[-14.99982822,11.2551229],[-15.10065222,10.95148945],[-14.97987235,10.98177195],[-18.57475419,8.63918329],[-18.73484369,8.77337966],[-19.37083333,9.52611111],[-19.80346844,10.56155549],[-16.71864149,12.34342105],[-16.43952942,12.18393898],[-16.19685066,12.37742257],[-15.80643165,12.22269607],[-15.51845133,12.41341555]]]]}},{"type":"Feature","id":"marine-8472","properties":{"code1":"gn","name1":"Guinea","code2":"","name2":"","code3":"","name3":"","aidCode1":"","aidName1":"","aidCode2":"","aidName2":"","aidCode3":"","aidName3":"","selectionAid":false,"preserveOverviewDetail":false,"selectionAidRadiusNm":null},"geometry":{"type":"MultiPolygon","coordinates":[[[[-13.70487855,9.52191275],[-13.39408982,9.55652833],[-13.4224745,9.27740717],[-13.10270011,9.43269241],[-13.28632164,9.15647543],[-13.13287008,9.1960932],[-16.55379421,7.47841011],[-17.9347,9.0711851],[-14.91339128,11.07247585],[-14.69016087,11.04038584],[-14.70966744,11.28724742],[-14.76959741,10.71442521],[-14.4744122,10.88929737],[-14.65666604,10.54785144],[-14.4562422,10.22007895],[-14.00469756,10.27395725],[-13.82223845,9.84701085],[-13.66951895,10.06795585],[-13.51666987,9.81667495],[-13.70487855,9.52191275]]]]}},{"type":"Feature","id":"marine-8473","properties":{"code1":"ci","name1":"Ivory Coast","code2":"","name2":"","code3":"","name3":"","aidCode1":"","aidName1":"","aidCode2":"","aidName2":"","aidCode3":"","aidName3":"","selectionAid":false,"preserveOverviewDetail":false,"selectionAidRadiusNm":null},"geometry":{"type":"MultiPolygon","coordinates":[[[[-2.94318092,5.11419475],[-3.27730381,5.12492931],[-3.11229205,5.09228802],[-3.78807597,1.80955941],[-4.94081271,1.78027],[-7.32746597,1.01357281],[-7.58442805,4.86121826],[-7.56179023,4.41136873],[-6.07976067,4.94763565],[-6.47901106,5.53642631],[-6.02354598,4.96907485],[-4.01007044,5.24462378],[-4.80895054,5.17785037],[-4.12139571,5.30918002],[-3.30314684,5.12974334],[-3.15455127,5.36543393],[-3.21053433,5.21972585],[-2.94318092,5.11419475]]]]}},{"type":"Feature","id":"marine-8474","properties":{"code1":"ng","name1":"Nigeria","code2":"","name2":"","code3":"","name3":"","aidCode1":"","aidName1":"","aidCode2":"","aidName2":"","aidCode3":"","aidName3":"","selectionAid":false,"preserveOverviewDetail":false,"selectionAidRadiusNm":null},"geometry":{"type":"MultiPolygon","coordinates":[[[[8.65028644,4.93223882],[8.326077,4.069326],[7.37661111,3.25333333],[7.37716667,2.86969444],[6.94944444,3.00666667],[5.10083333,2.26472222],[3.57583333,1.92166667],[2.69360361,2.98485479],[2.93091667,3.02775],[2.98419444,3.57677778],[2.7070881,6.37438184],[3.39536357,6.39310944],[2.73790312,6.44918096],[3.37920976,6.43697286],[3.71584594,6.62172842],[4.71858442,6.27793705],[3.87404776,6.61234856],[3.40336251,6.4106971],[4.44804704,6.34334755],[5.06578815,5.7695682],[5.26162374,6.04813063],[5.60693574,5.91265905],[5.29169023,5.89352381],[5.68334556,5.65611827],[5.43532443,5.44993126],[5.71623433,5.51305771],[6.02558506,5.09765625],[6.34571636,5.3241744],[6.19202673,4.59986627],[6.41753936,4.33718467],[6.44172025,4.50295067],[6.59086382,4.32900774],[6.54792857,4.64344275],[6.59441352,4.35613573],[6.66534531,4.48241675],[6.57837474,4.86867642],[6.74701393,4.34796476],[6.86720681,4.35856581],[6.70350897,4.85612285],[7.23348856,4.68597996],[7.26674306,4.50208557],[7.54707384,4.72211754],[7.52991486,4.55239046],[7.97298825,4.53718627],[7.8862462,4.69651318],[8.26557195,4.53356922],[8.09683287,5.34252405],[7.97784591,5.21586335],[8.21673036,5.00432241],[8.25215888,5.14605224],[8.38581383,4.74740362],[8.65028644,4.93223882]]]]}},{"type":"Feature","id":"marine-8475","properties":{"code1":"cm","name1":"Cameroon","code2":"","name2":"","code3":"","name3":"","aidCode1":"","aidName1":"","aidCode2":"","aidName2":"","aidCode3":"","aidName3":"","selectionAid":false,"preserveOverviewDetail":false,"selectionAidRadiusNm":null},"geometry":{"type":"MultiPolygon","coordinates":[[[[9.8820132,2.23236525],[9.07549281,2.57603658],[9.29991323,3.05535189],[9.11633863,3.78094502],[8.6282254,4.11104562],[8.33021988,4.07101469],[8.63076545,4.83062402],[9.25250328,3.94714117],[9.56217635,4.01800513],[9.87743115,4.40280044],[9.65890872,4.01551163],[9.85334253,3.95119822],[9.90387297,4.0895282],[9.69813025,3.69940031],[9.55097675,3.81807697],[9.66591752,3.58824205],[10.115538,3.82161534],[9.65361857,3.54320896],[9.92745125,3.26652503],[10.06458521,3.48677886],[9.89901447,3.26408231],[9.8820132,2.23236525]]]]}},{"type":"Feature","id":"marine-8476","properties":{"code1":"ga","name1":"Gabon","code2":"","name2":"","code3":"","name3":"","aidCode1":"","aidName1":"","aidCode2":"","aidName2":"","aidCode3":"","aidName3":"","selectionAid":false,"preserveOverviewDetail":false,"selectionAidRadiusNm":null},"geometry":{"type":"MultiPolygon","coordinates":[[[[9.30956483,-1.93359375],[9.72544146,-2.47788358],[10.1953125,-2.57784593],[10.09357226,-2.69669282],[9.65616584,-2.43125761],[9.97993112,-2.76364374],[10.42206502,-3.00957155],[10.53357065,-2.84428811],[10.34348464,-2.93671155],[11.17300081,-3.78620708],[10.66496766,-3.44229305],[11.13155746,-3.94584394],[10.74730667,-4.58326306],[8.88501802,-6.43772172],[6.92355948,-4.56399535],[7.35493705,-2.05407362],[7.28447996,-1.49128132],[7.68916667,-0.29388889],[8.22829468,0.71575268],[9.15322636,0.75643889],[9.73949176,1.0693465],[9.90790342,0.94649539],[9.55232561,0.94849861],[9.61281705,0.53772497],[9.31630957,0.60294652],[9.67211986,0.21716547],[10.16691112,0.24633956],[9.63266695,0.15183723],[9.58860111,-0.00546813],[9.35537386,0.34578335],[9.29405534,-0.38541925],[9.01220977,-0.93315387],[9.23147905,-1.07252812],[9.73262966,-0.87438536],[9.37783384,-1.09007037],[9.55134952,-1.11780345],[9.20601344,-1.08573186],[9.11813402,-1.3941853],[9.32380962,-1.324687],[9.28904605,-1.58681166],[9.50404573,-1.62444186],[9.33310497,-1.69068825],[8.98890734,-1.27945983],[9.51744604,-2.01304984],[9.30956483,-1.93359375]]]]}},{"type":"Feature","id":"marine-8477","properties":{"code1":"cd","name1":"Democratic Republic of the Congo","code2":"","name2":"","code3":"","name3":"","aidCode1":"","aidName1":"","aidCode2":"","aidName2":"","aidCode3":"","aidName3":"","selectionAid":false,"preserveOverviewDetail":false,"selectionAidRadiusNm":null},"geometry":{"type":"MultiPolygon","coordinates":[[[[13.43198132,-5.85955131],[9.11374965,-7.06505067],[9.00732426,-6.76987018],[12.20241335,-5.77304766],[12.40370631,-6.02525246],[13.359375,-5.90345967],[13.55006695,-5.55002832],[13.43198132,-5.85955131]]]]}},{"type":"Feature","id":"marine-8478","properties":{"code1":"ao","name1":"Angola","code2":"","name2":"","code3":"","name3":"","aidCode1":"","aidName1":"","aidCode2":"","aidName2":"","aidCode3":"","aidName3":"","selectionAid":false,"preserveOverviewDetail":false,"selectionAidRadiusNm":null},"geometry":{"type":"MultiPolygon","coordinates":[[[[13.42086184,-5.87339592],[12.37580407,-6.11091816],[13.39708054,-8.40618443],[13.41628397,-8.65839004],[13.01692748,-9.09241402],[13.1408931,-9.32779562],[13.24843466,-9.18758893],[13.31381583,-9.86956322],[13.78031015,-10.68280256],[13.79387975,-11.81233954],[13.47380304,-12.51057935],[12.95107865,-12.82976913],[12.5249511,-13.45071244],[12.28416824,-14.7617532],[11.99509466,-15.63148916],[11.73093283,-15.88518405],[11.77321386,-17.25596595],[8.26354088,-17.25],[8.39621883,-15.00960363],[8.90752867,-13.88312866],[9.3699388,-12.15336265],[10.07992011,-10.99633735],[9.66094435,-9.61334646],[9.68173741,-8.38611433],[9.05771702,-7.08265212],[12.40165516,-6.02379761],[13.42086184,-5.87339592]]],[[[12.01522934,-5.03405595],[12.19641423,-5.76412058],[9.1211099,-6.73440898],[12.01522934,-5.03405595]]]]}},{"type":"Feature","id":"marine-8479","properties":{"code1":"tz","name1":"Tanzania","code2":"","name2":"","code3":"","name3":"","aidCode1":"","aidName1":"","aidCode2":"","aidName2":"","aidCode3":"","aidName3":"","selectionAid":false,"preserveOverviewDetail":false,"selectionAidRadiusNm":null},"geometry":{"type":"MultiPolygon","coordinates":[[[[43.21518429,-4.68341417],[43.27411109,-7.73075708],[43.17736101,-8.10045957],[42.73307155,-8.53042337],[42.22346157,-10.07835908],[41.03361111,-10.09138889],[39.7843067,-10.90974221],[40.42575908,-10.45047081],[39.82253981,-9.98940825],[39.67181182,-10.07630205],[39.80429328,-9.83239055],[39.25979197,-8.25908542],[39.41303754,-7.80001736],[39.19866943,-8.05354273],[38.55734956,-7.88354266],[39.24088335,-8.04117286],[39.5462774,-7.0094645],[38.87047136,-6.38233507],[38.7792201,-6.02556765],[39.18726182,-4.68739474],[39.36067917,-4.8551625],[39.60587778,-4.68341417],[43.21518429,-4.68341417]]]]}},{"type":"Feature","id":"marine-8480","properties":{"code1":"in","name1":"India","code2":"","name2":"","code3":"","name3":"","aidCode1":"","aidName1":"","aidCode2":"","aidName2":"","aidCode3":"","aidName3":"","selectionAid":false,"preserveOverviewDetail":false,"selectionAidRadiusNm":null},"geometry":{"type":"MultiPolygon","coordinates":[[[[68.39616454,23.96562374],[68.203125,23.71484375],[68.42566144,23.95214725],[68.75089753,23.87112296],[68.48998976,23.62878144],[68.56743836,23.37890625],[69.19029415,22.84155703],[69.59806752,22.75955725],[70.62717533,23.17078841],[70.17488074,22.56265593],[68.93615127,22.31143701],[70.58585012,20.78153062],[70.97940195,20.70572925],[72.10039628,21.19320345],[72.30225635,21.61933494],[72.14671874,21.98313105],[72.38221681,22.37525821],[72.48012793,22.21499622],[73.06227708,22.31599271],[72.61519015,22.21756434],[72.50874555,21.69239855],[72.98615325,21.68309104],[73.46409035,21.98443282],[73.69221854,21.86974573],[73.53586793,21.97871804],[72.60803986,21.58300614],[72.73171055,21.53885484],[72.62699664,21.07698774],[72.80532527,21.25078785],[72.89764357,20.58684838],[72.65531445,19.82679975],[72.73670971,19.52610195],[72.88986397,19.52670884],[72.79354358,19.3359375],[73.11489916,19.24825633],[72.78956044,19.30897987],[72.80474305,18.89948165],[72.97977006,19.16015625],[73.06538022,18.63870573],[72.95021904,18.81654656],[72.91149962,18.36676657],[73.10048795,17.98908293],[73.38496983,18.08697212],[73.02973771,17.96145225],[73.15237474,17.59493625],[73.46235752,17.57978666],[73.13997114,17.56295371],[73.4765625,17.16657364],[73.19680011,17.30635965],[73.36707366,16.40972376],[73.48997986,15.98504674],[73.84857202,15.66947567],[73.73110712,15.60789955],[74.01838696,15.49759495],[73.804744,15.46553123],[74.01015794,15.31688487],[73.79721367,15.41289675],[74.0219748,15.0113039],[74.31035435,14.90386498],[74.0963577,14.80656064],[74.42628396,14.63322115],[74.42897654,14.29254973],[74.60160375,14.23611283],[74.4333142,14.27442277],[75.11488187,12.21335995],[75.28777695,11.95319772],[75.4613018,12.00638437],[75.31206632,11.94161296],[75.79525101,11.18451154],[75.9375,11.24972093],[75.82356334,11.12709105],[76.15751004,10.1953125],[76.51305985,10.19254744],[76.29545712,10.09271264],[76.41623652,9.56942046],[76.23933947,9.96702421],[76.53705251,8.93725967],[77.31631577,8.12081897],[78.0543226,8.36768055],[78.39652514,9.10136652],[79.19056582,9.28162992],[78.89823484,9.48046064],[79.29488635,10.26035643],[79.88297665,10.30235362],[79.83789694,11.35609925],[79.71348405,11.34054518],[80.34686017,13.30424333],[80.05752552,13.57798553],[80.13018036,13.72335601],[80.31460512,13.43342924],[80.14366531,14.05075276],[79.76483536,13.83330667],[80.09282684,14.01975441],[80.19777656,14.5827533],[80.04629874,15.209167],[80.29644632,15.70329738],[80.71184576,15.88001525],[80.82847643,15.74497735],[80.89618206,15.90313256],[80.67346644,16.45241046],[80.20467663,16.60152066],[80.11498046,16.81944537],[80.00870287,16.70821917],[80.08525586,16.82303405],[80.67782867,16.45039856],[80.90505385,15.82899904],[81.26542234,16.28081346],[81.83887243,16.49165845],[81.32518506,17.70151675],[81.83864474,16.80180955],[82.28652871,16.70711446],[82.36764967,17.11362112],[84.12032974,18.30790162],[85.06432295,19.36396885],[86.36377501,19.95315444],[85.90132463,20.41852486],[86.30218637,20.04580927],[86.71738064,20.28684247],[85.90995336,20.49200451],[86.72127736,20.30605233],[86.73713148,20.64637005],[86.37188971,20.59478748],[86.14997995,20.79313421],[86.36746764,20.59936762],[86.74604642,20.66130185],[86.10944486,20.88888395],[85.4296875,20.77901781],[85.02888,21.26432896],[85.36507642,20.80611312],[86.95529223,20.78457582],[86.83208275,21.11319816],[87.05316186,21.46234035],[86.90843928,21.56342161],[87.38777626,21.54750192],[87.15290356,22.07265055],[87.16501486,21.76526546],[87.39600372,21.55890918],[87.89435625,21.78465152],[88.04618931,22.00016677],[87.82963145,22.16157985],[88.19319105,22.10914135],[87.88625514,22.50690556],[88.04111505,22.22161615],[88.34642863,22.59345484],[88.50450206,23.10245705],[88.37369776,23.49212384],[88.36822104,22.62068248],[88.08279264,22.23116624],[88.21721721,21.76438737],[88.55044031,22.01155436],[88.50835705,21.86731195],[88.81130934,22.34558225],[88.67767274,22.59385765],[88.83871937,22.43719244],[88.8915081,22.55964005],[88.80598974,22.73450756],[89.09361134,22.16023219],[89.37354885,18.00904909],[86.91893038,16.27666864],[84.63269451,14.08211683],[83.78071445,13.53436703],[83.40247228,11.44882481],[82.40666667,11.26666667],[79.58333333,9.95],[79.37666667,9.66916667],[79.48833333,8.89666667],[78.92333333,8.37],[78.76166667,7.58833333],[78.20333333,6.51333333],[77.02333333,4.79],[75.42944444,6.85166667],[74.93583333,7.85833333],[73.32722222,7.65055556],[70.25222222,8.09388889],[69.47833932,7.93337053],[69.15432705,8.64622377],[68.40835733,11.22025925],[68.32653979,12.20555835],[68.89047094,14.0434107],[70.06017607,15.24233862],[69.73905882,16.80464113],[69.49162184,17.57654423],[67.66632678,18.67312574],[66.18888525,20.12455893],[65.64490925,20.96753501],[67.16814325,22.25108157],[67.71381102,23.23003541],[68.39616454,23.96562374]]],[[[68.7585057,24.05859435],[68.89172995,24.0636456],[68.80736434,24.01956058],[68.7585057,24.05859435]]]]}},{"type":"Feature","id":"marine-8481","properties":{"code1":"bd","name1":"Bangladesh","code2":"","name2":"","code3":"","name3":"","aidCode1":"","aidName1":"","aidCode2":"","aidName2":"","aidCode3":"","aidName3":"","selectionAid":false,"preserveOverviewDetail":false,"selectionAidRadiusNm":null},"geometry":{"type":"MultiPolygon","coordinates":[[[[92.21923733,21.11975336],[92.40654054,20.3984888],[92.16508292,20.44297375],[90.25488456,17.8633846],[89.76874369,18.26700408],[89.3683104,18.26273528],[89.23236111,21.12911111],[88.92991289,22.64504204],[89.15353048,22.08962596],[89.16297853,22.54946864],[89.24575591,22.23147106],[89.24476016,22.56886518],[89.41954052,22.32290125],[89.26849174,22.63002622],[89.62904263,23.25284481],[89.74398077,23.14283276],[89.55762935,22.96551335],[89.58997691,22.48565245],[89.80470335,22.64987111],[89.89063442,22.39048004],[89.97946525,22.47488523],[89.79606926,22.99336636],[90.01942384,22.60725164],[90.37174678,22.92308211],[89.77724791,23.78464925],[89.06234455,23.96743071],[89.70469475,23.8107419],[89.80248797,24.37304735],[89.78441203,23.81544113],[90.23333263,23.4798789],[90.55190158,23.42391956],[90.71528935,23.74482322],[90.63590121,23.02664626],[90.83306301,22.68204784],[91.24520671,22.55178845],[91.19441748,22.72955716],[91.47367728,22.91526246],[91.78985524,22.23630166],[92.14172077,22.50370967],[91.80483842,22.27823067],[92.02957225,22.14225805],[91.86877775,21.50773525],[91.93907511,21.75306475],[92.33380187,20.7421875],[92.21923733,21.11975336]]]]}},{"type":"Feature","id":"marine-8482","properties":{"code1":"mm","name1":"Myanmar","code2":"","name2":"","code3":"","name3":"","aidCode1":"","aidName1":"","aidCode2":"","aidName2":"","aidCode3":"","aidName3":"","selectionAid":false,"preserveOverviewDetail":false,"selectionAidRadiusNm":null},"geometry":{"type":"MultiPolygon","coordinates":[[[[98.77295244,10.42395437],[98.11589877,9.42939011],[96.49305556,9.75833333],[95.59027778,9.63333333],[95.26611111,10.46666667],[95.68333333,12.90194444],[95.03333333,13.8],[93.83333333,13.8],[93.68305556,13.57166667],[90.23361111,15.71388889],[90.70261591,16.74836087],[90.14458253,17.71081651],[92.16406386,20.44419507],[92.40654054,20.3984888],[92.2282786,21.10852131],[92.72153985,20.27554023],[92.55497766,20.84965205],[92.89724541,20.11360764],[92.95945716,21.09375],[93.12451506,20.48846436],[92.99095345,20.1463449],[93.28905702,20.48425984],[93.20997572,20.69076383],[93.48186743,19.96495247],[93.81979787,20.01055717],[93.6838392,19.83097196],[93.8671875,19.62304676],[93.71865761,19.62364686],[94.16810763,19.33225811],[94.026914,19.08744442],[94.60573316,17.52060366],[94.19364262,16.04765165],[94.55244005,16.21628475],[94.92172897,17.20479906],[94.55257523,15.96600747],[95.02628458,16.54782212],[94.80754447,16.21369767],[95.00661004,16.26458216],[95.19018352,16.75211096],[95.11290383,16.56825697],[95.56924605,16.89062345],[95.52723825,17.02302682],[95.76976097,16.70354354],[96.12144923,16.76182127],[95.83268523,17.01918256],[95.95453763,17.15917957],[95.78544474,17.17463732],[95.95755732,17.1670022],[96.12262511,16.77877712],[96.42224526,17.07636082],[96.27466154,16.58103216],[96.66899896,16.57800567],[96.99697244,17.26348042],[96.89443767,17.66725123],[97.02515793,17.00202644],[97.27642834,17.11848426],[97.23898947,17.29104948],[97.23853922,16.71794164],[97.50880802,16.54547477],[97.75090754,17.40099895],[97.60069525,16.67886674],[97.78961146,16.51537836],[97.89577532,16.61822915],[97.68244195,16.55995917],[97.5779556,16.10234833],[97.83304846,14.72880375],[97.90860665,14.86790228],[98.01874411,14.64012766],[97.92976761,14.72541678],[98.12605572,13.57317615],[98.17087901,14.0798521],[98.91432404,12.12130177],[99.10483015,12.38632631],[99.05637956,12.11192453],[98.65307236,12.17614186],[99.0301069,11.54724085],[98.79550064,11.6804111],[98.71762931,11.51571786],[98.69566441,10.86037672],[98.46005404,10.61987793],[98.542557,9.98595536],[98.77295244,10.42395437]]]]}},{"type":"Feature","id":"marine-8483","properties":{"code1":"my","name1":"Malaysia","code2":"","name2":"","code3":"","name3":"","aidCode1":"","aidName1":"","aidCode2":"","aidName2":"","aidCode3":"","aidName3":"","selectionAid":false,"preserveOverviewDetail":false,"selectionAidRadiusNm":null},"geometry":{"type":"MultiPolygon","coordinates":[[[[114.03056391,4.84208093],[113.94004774,4.27471185],[113.05656874,3.26874566],[113.36255765,3.15206456],[111.6849519,2.84158885],[111.95904934,2.15444934],[113.01549804,2.01788831],[113.05694318,2.19140875],[113.02130747,2.01666248],[111.69939804,2.28563702],[111.21149504,2.09659696],[111.10305214,1.79542255],[111.48691988,1.42635381],[111.11403465,1.68206775],[110.99965215,1.54199624],[111.48262,1.23256731],[110.78668594,1.57822335],[110.65702236,1.43019545],[110.73657763,1.53755188],[110.47511578,1.54236782],[110.51828814,1.40700984],[110.27588284,1.51809645],[110.34092975,1.69658351],[109.93774951,1.63879335],[109.68160832,1.86061132],[110.03333333,4.66666667],[109.98333333,5.52],[109.73138334,6.10047302],[111.08731281,6.35059538],[111.64159321,7.0373334],[114.03056391,4.84208093]]],[[[102.95842786,7.66184509],[105.80730051,6.04582817],[105.785,5.67666667],[104.775,3.835],[105.08666667,1.90666667],[104.41639603,1.45045192],[104.41640615,1.25726138],[104.09768489,1.27631892],[104.07695712,1.42682957],[103.6838792,1.4374044],[103.53854399,1.21332621],[103.065,1.325],[102.22333333,1.92],[98.69166667,4.92833333],[98.025,5.95],[99.45833333,6.30666667],[99.51166667,6.48166667],[100.11981952,6.42283976],[100.3537935,5.94205356],[100.36267233,5.09924495],[100.61078095,4.77777314],[100.56334794,4.32390165],[100.94249094,3.94450152],[100.88256454,4.28003895],[101.02407122,4.04849446],[100.7109822,3.88385284],[100.93745327,3.87304676],[100.81278634,3.81699932],[101.46142065,2.70824587],[102.14881766,2.22781062],[102.56299353,2.04973185],[102.68240535,2.15454841],[102.54542077,2.04199076],[102.67855871,1.87822676],[103.33082294,1.55947006],[103.49274552,1.27887833],[103.50186551,1.42581058],[103.92062843,1.42972243],[103.93834424,1.68663526],[104.26967525,1.36421072],[103.82346487,2.58282733],[103.4343574,2.91816437],[103.49271691,4.3237859],[103.14894736,5.33381355],[103.02213967,5.12480414],[103.1264466,5.36500084],[102.41305125,5.85950661],[102.25212276,6.20895481],[102.07675815,5.40056515],[102.16666667,6.45833333],[102.95842786,7.66184509]]],[[[115.02906913,4.89572586],[115.08322982,4.86688306],[115.03688059,4.77432405],[115.02906913,4.89572586]]],[[[113.6961747,8.99318311],[115.90021728,7.76743731],[117.26222686,7.52649965],[118.03884347,6.79858096],[117.98321711,6.29940687],[119.4148632,5.57901331],[119.49430725,5.2106769],[119.00502193,4.5965899],[119.96097619,3.13898577],[119.09393509,3.38854746],[117.76333332,4.24805546],[117.48753846,4.22123146],[117.65858531,4.44178724],[117.87883973,4.24278033],[118.55141902,4.35111451],[118.64167774,4.44852126],[118.12829506,4.86693132],[119.26592696,5.2067126],[119.23195374,5.39894402],[118.85695493,5.38227582],[118.40088666,5.71363843],[118.02405763,5.40050673],[118.38959622,5.67150712],[118.16125464,5.80460715],[117.95118117,5.65396726],[117.879287,5.78782725],[118.13335645,5.85120726],[118.04300141,6.01526284],[117.43572044,5.82912874],[117.71037555,6.4143337],[117.24677527,6.71232367],[117.25378454,6.93749857],[117.03297806,6.95017564],[116.80453455,6.56473207],[116.73781311,7.01587057],[115.87310982,5.58234],[115.36838615,5.39112103],[115.55197215,5.43157053],[115.41726196,5.36883986],[115.54634738,5.07179368],[115.33710432,4.89338732],[114.404,5.7],[112.52411977,7.6467059],[113.6961747,8.99318311]]]]}},{"type":"Feature","id":"marine-8484","properties":{"code1":"vn","name1":"Vietnam","code2":"","name2":"","code3":"","name3":"","aidCode1":"","aidName1":"","aidCode2":"","aidName2":"","aidCode3":"","aidName3":"","selectionAid":false,"preserveOverviewDetail":false,"selectionAidRadiusNm":null},"geometry":{"type":"MultiPolygon","coordinates":[[[[105.80730051,6.04582817],[102.95842786,7.66184509],[103.05300481,7.78971599],[102.20323728,8.78188206],[103.40378631,9.80208734],[103.94332726,10.51210989],[104.19437735,10.33134496],[104.51592004,10.41380368],[104.62534225,10.14519775],[105.08422506,10.00742912],[105.32134998,9.67810905],[105.07970524,9.94825935],[104.8911885,9.83324873],[104.83859456,8.73825347],[106.1760292,9.36408997],[105.97146845,9.43036485],[106.13045633,9.41485202],[106.06036365,9.75900137],[105.11364317,10.71910381],[104.94469142,11.55647993],[105.24311292,11.41086125],[105.20586002,10.87270427],[105.58549023,10.44589877],[106.74010921,10.27310085],[106.61611855,10.98758435],[106.84558415,10.78705406],[106.77341414,11.00614357],[106.76244974,10.69594288],[107.20165825,10.44262075],[108.96325302,11.31615627],[109.22830546,11.72073305],[109.15765154,12.44983923],[109.28263772,12.34883261],[109.3359375,12.79715395],[109.43201494,12.56235182],[109.33181655,13.08610451],[109.20596242,13.0078125],[109.29381156,13.89220214],[109.10355115,14.47992086],[108.97191715,14.37532544],[108.90118265,14.51784801],[109.00334311,14.41246414],[109.06573427,14.71920693],[108.90294242,15.07971847],[108.7805593,14.96701705],[108.88876831,15.12154555],[108.64532185,15.15960455],[108.87431836,15.15171695],[108.80857122,15.41285777],[108.75279415,15.29560685],[108.40281916,15.8561697],[108.09312618,15.82341897],[108.08270013,15.56280458],[108.10879481,15.85934711],[107.86143422,15.82657444],[108.36557865,15.86916971],[108.32467794,16.13990498],[108.22204065,15.97624266],[108.07326353,16.11008596],[108.19467592,16.21020806],[107.61092806,16.54523027],[107.57658625,16.39862895],[107.394189,16.68245876],[107.60472906,16.568735],[107.20186663,16.8980906],[107.18199825,16.73284042],[107.09837985,17.09730542],[106.48395038,17.70180094],[106.31916475,17.61632085],[106.43105173,17.72187126],[106.20041871,17.80966115],[106.46816015,17.71067286],[106.43540466,18.12208295],[106.09465551,18.25863564],[105.77872515,18.75222337],[105.55086136,18.50767302],[105.76522088,18.67645943],[105.60918844,19.00332832],[105.81373036,19.61123133],[106.32886171,20.29015577],[106.17095006,20.54396844],[106.60592484,20.47142196],[106.56479394,20.74771726],[106.75932693,20.70889914],[106.62297595,21.01096666],[107.19929337,20.93447006],[107.38202155,21.30655575],[108.0750705,21.48276627],[108.37916667,20.40138889],[107.20083333,19.42388889],[107.15944444,18.71444444],[107.96666667,17.78333333],[109.30024317,16.97448531],[112.55050364,15.99152397],[112.84590474,12.19176896],[112.30837077,8.97514501],[111.90580412,8.13384065],[111.31856017,7.45951484],[109.58126039,6.41524893],[109.28694444,6.8375],[105.80730051,6.04582817]]]]}},{"type":"Feature","id":"marine-8485","properties":{"code1":"sg","name1":"Singapore","code2":"","name2":"","code3":"","name3":"","aidCode1":"sg","aidName1":"Singapore","aidCode2":"","aidName2":"","aidCode3":"","aidName3":"","selectionAid":true,"preserveOverviewDetail":false,"selectionAidRadiusNm":null},"geometry":{"type":"MultiPolygon","coordinates":[[[[103.81126537,1.47670392],[104.09262313,1.28168724],[103.55064647,1.21482707],[103.81126537,1.47670392]]]]}},{"type":"Feature","id":"marine-8486","properties":{"code1":"cn","name1":"China","code2":"","name2":"","code3":"","name3":"","aidCode1":"","aidName1":"","aidCode2":"","aidName2":"","aidCode3":"","aidName3":"","selectionAid":false,"preserveOverviewDetail":false,"selectionAidRadiusNm":null},"geometry":{"type":"MultiPolygon","coordinates":[[[[124.22229171,39.9148941],[124.03775718,38.88509966],[123.45684359,38.1356028],[124.036839,36.68837184],[123.90087916,35.85425801],[122.90312581,34.81462689],[123.77183606,32.84427047],[125.925,30.77],[126.18630098,30.04205114],[125.53507637,28.94162225],[124.94265435,28.31348369],[121.75298154,26.52132726],[119.04180466,24.04965552],[118.5230697,23.33873643],[118.29364628,21.77204496],[116.74001369,21.8513043],[115.50975218,21.16658093],[114.3115732,19.04944042],[114.27427156,18.22577247],[113.3276201,16.703778],[112.58262863,15.97930829],[109.53628742,16.86204289],[107.96666667,17.78333333],[107.15944444,18.71444444],[107.15944444,19.21527778],[107.20083333,19.42388889],[108.37916667,20.40138889],[108.10170473,21.4972679],[108.34217095,21.72717714],[108.44676101,21.54526484],[108.46202481,21.85103667],[108.86889327,21.63814056],[108.79375005,21.83445871],[108.99170744,21.6019417],[109.18491745,21.74339783],[109.043118,21.45191598],[109.16736615,21.39588773],[109.54299748,21.50546777],[109.50661492,21.65041995],[109.93661201,21.48654211],[109.66546071,20.90002346],[109.92806125,20.32353175],[110.22075796,20.27028108],[110.49097931,20.55703247],[110.30288863,20.66483128],[110.38678825,20.8198837],[110.02972162,20.88413394],[110.18089151,20.86432302],[110.21455204,21.07667315],[110.52855861,20.93110323],[110.32828796,21.07313025],[110.35976315,21.43574822],[110.63253784,21.2290951],[110.74143875,21.41626465],[111.63803923,21.51646972],[111.78283453,21.65809822],[111.67978752,21.796875],[112.01455915,21.62920356],[111.91694343,21.91092217],[112.40473175,21.73675227],[112.36757326,21.98785257],[112.63950086,21.78847945],[112.83202946,22.0124104],[112.89140844,21.86279142],[113.02426207,21.94690216],[113.04898727,22.434044],[112.59285593,22.32421875],[112.92269051,22.51478791],[113.09618056,22.21463835],[113.17333353,22.58358276],[112.79340553,23.09617627],[113.26802981,23.05634213],[113.06020725,23.23296905],[113.37630165,23.41303825],[113.22361386,23.11420322],[113.51167798,23.04397786],[113.83700466,23.22653532],[113.84446991,23.42125034],[114.07537568,23.09934485],[114.5992403,23.16388726],[114.51282275,23.3719449],[114.60532224,23.16536915],[113.5976181,23.04422164],[113.65789151,22.75673318],[114.10544515,22.53544354],[113.91320491,22.41792226],[114.25993526,22.30194557],[114.37474465,22.61255932],[114.60495162,22.49797416],[114.52143705,22.70782411],[114.69405925,22.79316795],[114.89221084,22.57841015],[114.8721199,22.72216976],[115.31425071,22.8895601],[115.55593908,22.66989243],[115.62842286,23.05289125],[115.81538761,22.74055922],[116.24114478,22.9343996],[116.13063586,23.02284265],[116.48318017,22.94120622],[116.49120057,23.25461638],[116.72146213,23.27473033],[116.14063811,23.49355257],[116.76481915,23.33477306],[116.49749756,24.08203125],[116.82526398,23.45551801],[116.98894417,23.67644846],[117.22322607,23.62391663],[117.16841471,23.78182375],[117.23019016,23.60822773],[117.43905425,23.75812376],[117.35923946,23.94969845],[117.58575106,23.90182054],[117.58286691,23.72079945],[117.70836616,24.01678061],[118.13508832,24.26303434],[117.43883765,24.52759326],[117.67233276,24.48858786],[117.62560546,24.68391597],[117.80292916,24.47842705],[118.59674728,24.52991033],[118.75788474,24.77768958],[118.17535996,25.05825937],[118.87561238,24.89631808],[119.02588117,24.95803416],[118.89007986,25.26211262],[119.05593145,25.11507571],[119.36921644,25.26513398],[119.08950734,25.41957212],[119.31473243,25.56728435],[119.28640008,25.42422581],[119.63918555,25.47840416],[119.45166945,25.69335604],[119.69667542,26.02233517],[119.1796875,25.91015625],[119.20063555,26.10236895],[118.81029212,26.30069911],[119.47277701,25.99558055],[119.94796765,26.36567855],[119.56636775,26.48217416],[119.76942837,26.43956947],[119.60892427,26.59082031],[119.73608196,26.7264353],[119.62843204,27.08972025],[119.78662455,26.7068814],[120.06532896,26.79808032],[119.83476365,26.52245092],[120.13329744,26.6468991],[120.05124986,26.89453125],[120.40524018,27.0989691],[120.20683062,27.22000206],[120.41590941,27.1710366],[120.68099284,27.4714272],[120.67644632,27.69157398],[120.44536841,27.78909254],[120.69758534,27.71207583],[120.86613405,27.86646104],[120.08857977,28.31436431],[120.82426953,27.98727775],[121.18031454,28.38395512],[121.34117806,28.1525439],[121.61118507,28.24962902],[121.50598931,28.66664541],[121.14195168,28.84075582],[121.64249682,28.71028423],[121.52787602,28.93545926],[121.70172596,28.91451776],[121.45434916,29.10644412],[121.79863215,29.37621522],[121.78597605,29.16992176],[121.97383475,29.22099006],[121.9954828,29.6006664],[121.49558544,29.3949151],[121.49827754,29.54475462],[122.13892186,29.88909078],[121.31985915,29.97523677],[121.73960638,29.9746567],[121.23184586,30.34704924],[120.66263032,30.14104354],[120.87589717,29.81640422],[120.86689401,30.01456451],[120.60793316,30.12106454],[120.6595813,30.36002815],[120.12613857,30.18428636],[120.25601637,29.98249924],[119.95396602,30.03941631],[120.42626643,30.38407731],[120.79458857,30.29565811],[121.24593365,30.69055057],[121.96835625,30.88155985],[121.72847354,31.27843022],[120.73566663,31.98641241],[120.1436429,31.91319585],[119.69320595,32.24699783],[118.81014216,32.14936745],[118.49944806,31.77709925],[118.76583385,32.14335871],[119.68657863,32.32320881],[119.13990545,32.81273246],[119.35209596,33.05425775],[119.14154923,33.05978215],[119.22800791,33.18709767],[119.52539456,32.33779931],[119.83374214,32.3054378],[119.86634195,32.49950731],[120.02084208,31.98106062],[120.72491884,32.04053831],[120.94593477,31.81833196],[121.82921815,31.68699324],[121.81167674,31.96361482],[120.91523421,32.60965526],[120.89592862,33.00511003],[120.6101588,33.61422205],[120.45417166,33.61145651],[120.57757604,33.63955605],[120.26411605,34.30903995],[119.17787087,34.87350607],[119.62781668,35.59811437],[120.18795824,35.94399858],[120.21885264,36.22078764],[120.28939414,36.06294537],[120.71380711,36.13431597],[120.63926363,36.3228476],[120.97428048,36.53980112],[120.84392357,36.60962606],[121.44726157,36.84341347],[121.63144004,36.73702896],[122.20095956,37.03117704],[122.34590816,36.83243203],[122.6899929,37.41409385],[122.11588502,37.56403851],[121.54374766,37.43528998],[120.72337663,37.82402766],[120.54183483,37.75220346],[120.63122964,37.62662828],[120.23243856,37.68903804],[119.73011887,37.12025654],[119.25919831,37.05856371],[118.92746055,37.27999747],[118.93507135,37.53697431],[119.30703986,37.65202904],[118.828125,38.14648426],[118.68207145,38.1397264],[118.74669564,37.98507237],[118.64205563,38.13803887],[118.11136901,38.14394355],[118.06725335,37.97987902],[117.62222087,38.49456942],[117.70670974,39.12389445],[117.53557992,39.18530214],[117.72341704,39.11171377],[117.76060855,39.46072435],[117.74861813,39.09848535],[119.02925956,39.19197977],[119.55411983,39.94287717],[120.45369005,40.20660186],[121.18780673,40.94874501],[121.74804676,40.85379457],[121.95498276,41.15789437],[121.8332864,40.86591625],[122.26227832,40.69223845],[122.09452045,40.78882194],[122.28600895,40.87699246],[122.09484184,40.79885232],[122.33186746,40.47520375],[121.47268295,39.80817521],[121.53563631,39.60812855],[121.30999351,39.59555447],[121.52424657,39.36223674],[121.92244124,39.40307283],[121.10867321,38.93604934],[121.13281214,38.73462951],[121.88428998,38.96315014],[122.41851676,39.46690667],[123.55398977,39.7704581],[123.66761816,40.08538532],[123.62305665,39.93457031],[124.22229171,39.9148941]]]]}},{"type":"Feature","id":"marine-8487","properties":{"code1":"jp","name1":"Japan","code2":"","name2":"","code3":"","name3":"","aidCode1":"","aidName1":"","aidCode2":"","aidName2":"","aidCode3":"","aidName3":"","selectionAid":false,"preserveOverviewDetail":false,"selectionAidRadiusNm":null},"geometry":{"type":"MultiPolygon","coordinates":[[[[157.637793,24.29975393],[157.35407033,23.02568347],[156.54333176,21.91375898],[155.3487594,21.18196278],[153.95909518,20.93369991],[152.54829258,21.20896835],[151.37420581,21.95395128],[150.58275312,23.07542502],[150.32000689,24.35787956],[150.61252746,25.63520863],[151.40342607,26.68773242],[152.59554494,27.39875624],[154.00486226,27.64326382],[155.42516793,27.37896732],[156.59346459,26.66147366],[157.38048932,25.5663177],[157.637793,24.29975393]]],[[[141.07675363,45.87429614],[142.79007386,45.66957228],[144.14152131,45.18591957],[145.23113379,45.66946756],[145.66468525,44.44763153],[145.25635521,43.75084094],[145.8514729,43.40987811],[147.85314056,40.32101508],[146.77481297,39.92673159],[146.39124679,39.59332937],[146.1636596,38.51739965],[145.06535365,36.40852831],[144.75066721,34.69073914],[143.81871324,33.41277417],[143.77102529,32.56854098],[144.17530786,30.53391315],[145.36635957,29.44854752],[145.94479749,27.94449709],[145.89753146,26.00483443],[145.11765639,24.47648306],[145.10020682,23.90344839],[141.34482613,20.87931087],[139.5280843,21.39605936],[139.61517186,19.90181787],[139.02746069,18.53209458],[137.8773868,17.52070776],[136.38062226,17.07551873],[134.68773274,17.33994215],[133.32473011,18.31087215],[132.58539596,19.77741616],[132.65578281,21.40208939],[131.45376654,21.12337041],[130.21873672,21.23709525],[129.09253796,21.73188239],[128.22839163,22.52137024],[127.26104649,21.80955921],[125.58814207,21.14043668],[123.54476075,22.25356295],[122.51570944,23.73844129],[122.44080325,24.62024866],[122.87481186,25.21519515],[123.41684802,25.05342023],[124.78466057,25.36715937],[125.67969338,25.95934092],[124.94265435,28.31348369],[126.13011648,29.91309991],[126.09193096,30.30304133],[127.63333333,28.6],[128,29.31666667],[129.15,30.31666667],[128.83333333,31.78333333],[128.23333333,31.78333333],[127.83333333,32.2],[127.93333333,32.45],[128.3,32.45],[128.3,32.95],[127.69833333,32.95],[127.87166667,33.27],[129.20166667,34.82833333],[130.27333333,35.11666667],[132.10247556,36.95183545],[133.80608782,39.08933244],[133.75117521,39.72531938],[135.86145203,40.56138306],[137.58496065,43.1880515],[139.01317346,44.57870439],[139.71374745,46.09947626],[141.07675363,45.87429614]]]]}},{"type":"Feature","id":"marine-8488","properties":{"code1":"ki","name1":"Gilbert Islands","code2":"","name2":"","code3":"","name3":"","aidCode1":"ki","aidName1":"Gilbert Islands","aidCode2":"","aidName2":"","aidCode3":"","aidName3":"","selectionAid":true,"preserveOverviewDetail":false,"selectionAidRadiusNm":null},"geometry":{"type":"MultiPolygon","coordinates":[[[[-179.99655,-3.75202778],[-180,-1.5828704],[-179.81983333,-2.65544722],[-179.99655,-3.75202778]]],[[[176.37145556,3.61498611],[176.85562222,2.01132222],[178.41882222,1.38097222],[179.50680833,0.03093611],[179.99883056,-1.5794],[179.92365833,-3.96485278],[177.28280833,-4.36169722],[176.14774722,-4.0752],[173.57529722,-4.13131667],[172.99585833,-4.29237778],[171.9488,-3.19034167],[171.072175,-3.8499],[170.02933333,-4.18800278],[168.92858056,-4.16672222],[167.87475833,-3.77454167],[168.56024444,1.77731389],[170.07873889,2.00928611],[170.83274722,4.25986389],[172.37841111,4.56841667],[175.50714444,5.617075],[176.07118056,4.72538611],[176.37145556,3.61498611]]]]}},{"type":"Feature","id":"marine-8490","properties":{"code1":"eg","name1":"Egypt","code2":"","name2":"","code3":"","name3":"","aidCode1":"","aidName1":"","aidCode2":"","aidName2":"","aidCode3":"","aidName3":"","selectionAid":false,"preserveOverviewDetail":false,"selectionAidRadiusNm":null},"geometry":{"type":"MultiPolygon","coordinates":[[[[33.28546311,32.58290858],[33.32954329,32.52621533],[33.3681533,32.4712958],[33.37384036,32.46324772],[33.37953373,32.45523407],[33.38523343,32.44725485],[33.39093944,32.43931009],[33.39665176,32.43139979],[33.40237041,32.42352396],[33.40809537,32.4156826],[33.41370575,32.40804044],[33.41382067,32.40784229],[33.41927639,32.39849443],[33.42474028,32.38919114],[33.486234,32.28508914],[33.5414894,32.1959492],[33.57383113,32.12621928],[33.58518185,32.10157633],[33.59717017,32.07554911],[33.60650249,32.04968987],[33.60942978,32.04250156],[33.62808055,31.98959818],[33.62832055,31.98891395],[33.62947774,31.98564804],[33.63092262,31.98051712],[33.63340842,31.97179744],[33.63591139,31.96312428],[33.63843154,31.95449765],[33.63939929,31.95122521],[33.64096303,31.94590143],[33.64350819,31.93734207],[33.64607062,31.92882953],[33.64865031,31.92036382],[33.65124727,31.91194496],[33.65386148,31.90357296],[33.66134186,31.8799056],[33.66375369,31.87675209],[33.69825291,31.8440192],[33.72311081,31.81882149],[33.7235141,31.81842049],[33.85159989,31.68691144],[33.91444133,31.62400557],[33.96340536,31.5716633],[33.99345172,31.59636822],[34.16587956,31.38665978],[34.21394522,31.32820186],[34.21707654,31.32439351],[34.21343197,31.3215836],[34.20529259,31.31530826],[34.19356573,31.30626702],[34.18480456,31.30151105],[34.1731472,31.29215825],[34.16737854,31.2890625],[34.13658583,31.27011645],[34.12714803,31.26478064],[34.10624206,31.25311744],[34.1015625,31.25083697],[34.09584133,31.24795364],[34.08126036,31.24060519],[34.06100643,31.2303977],[34.05158496,31.22604275],[34.01765263,31.21108353],[34.00012946,31.20438325],[33.99917316,31.20200622],[33.99543846,31.2018007],[33.9838891,31.19785273],[33.97634578,31.19697952],[33.9598453,31.19081891],[33.95708466,31.18854237],[33.94060433,31.18357205],[33.91784656,31.1743263],[33.90678,31.1707437],[33.90366793,31.17072225],[33.86881065,31.15920162],[33.86086917,31.15841508],[33.8350327,31.15175605],[33.83082652,31.15390134],[33.83108306,31.15677953],[33.82701814,31.15337491],[33.7976855,31.1432898],[33.78360224,31.13881338],[33.76583815,31.13501513],[33.76078296,31.13287556],[33.75,31.13058031],[33.72649932,31.12591314],[33.72376776,31.12447357],[33.71865284,31.12441242],[33.6815083,31.11781621],[33.66852534,31.11795235],[33.66070712,31.11643505],[33.60745263,31.11356032],[33.57030892,31.11356032],[33.53978348,31.11526382],[33.5117892,31.11975634],[33.49409664,31.12418091],[33.49303234,31.124686],[33.48163855,31.13204205],[33.47740376,31.13696694],[33.47684085,31.13731265],[33.47367036,31.13753974],[33.48242831,31.1305567],[33.48171735,31.12879944],[33.48460937,31.12862384],[33.48725545,31.12615275],[33.48712432,31.12605953],[33.48318148,31.12714624],[33.48294306,31.12571263],[33.48104,31.12856615],[33.47277582,31.1299721],[33.47299576,31.13184071],[33.47097731,31.1350553],[33.46862864,31.13577962],[33.46442032,31.13959193],[33.46337128,31.13977456],[33.46217287,31.13894725],[33.46218956,31.13853335],[33.46364987,31.13543105],[33.46455204,31.13390255],[33.46766865,31.13253701],[33.46950495,31.12996984],[33.46517944,31.13123715],[33.45791721,31.13499665],[33.45191514,31.14261508],[33.44434702,31.14279735],[33.44721651,31.14412796],[33.44706094,31.14504695],[33.44105113,31.15132105],[33.43763685,31.15284276],[33.43354583,31.15073216],[33.43085122,31.15217006],[33.42883146,31.15144813],[33.42606294,31.15261161],[33.42541885,31.15312338],[33.42563355,31.15359414],[33.42897165,31.15225303],[33.43637121,31.15444505],[33.43328786,31.15812814],[33.43184805,31.15802503],[33.43323755,31.15966153],[33.43083274,31.15863705],[33.4313271,31.16019642],[33.42363965,31.16020393],[33.42309844,31.16306865],[33.42427194,31.16426074],[33.42988944,31.16266358],[33.43908024,31.15772176],[33.43826342,31.15645671],[33.44021332,31.15443254],[33.44436085,31.15586126],[33.45404303,31.15076077],[33.45216477,31.15016341],[33.44788611,31.15287316],[33.44459772,31.15281785],[33.44806266,31.14874911],[33.44722617,31.14786434],[33.44929397,31.14647007],[33.45029783,31.14678752],[33.45009983,31.14817131],[33.44737196,31.15139687],[33.45160055,31.14961338],[33.45284081,31.14784145],[33.46005344,31.14694953],[33.46305001,31.14540303],[33.46289754,31.14714551],[33.42698157,31.16494215],[33.42495728,31.16736841],[33.4097805,31.17536962],[33.3984375,31.17996645],[33.3984375,31.18024552],[33.37570918,31.18826544],[33.36389554,31.19165576],[33.35724914,31.19245553],[33.34585714,31.19623566],[33.34083271,31.19656205],[33.31742203,31.20225644],[33.29774284,31.20368767],[33.29105115,31.20451391],[33.286291,31.20587111],[33.27373517,31.21017873],[33.27270043,31.21100485],[33.27235556,31.21171296],[33.27393782,31.21480525],[33.273754,31.21502042],[33.27366042,31.21500266],[33.26944625,31.20800996],[33.26944685,31.20775163],[33.27026534,31.20604265],[33.27194881,31.20531964],[33.27321506,31.20141935],[33.27417576,31.20168066],[33.27313054,31.20546615],[33.27636886,31.20373225],[33.27701521,31.20491397],[33.27874136,31.20488393],[33.28047752,31.20271266],[33.28439367,31.20086336],[33.28810012,31.20185137],[33.28815901,31.20376646],[33.29062641,31.2037816],[33.30107987,31.20215595],[33.30708587,31.19980395],[33.32557011,31.19592762],[33.35337007,31.18535745],[33.36094964,31.18111014],[33.36586177,31.17993605],[33.36752844,31.17348135],[33.37329054,31.17091823],[33.38121974,31.16452837],[33.38516045,31.16907835],[33.38336515,31.17009521],[33.38386238,31.17176616],[33.40287232,31.16284883],[33.41224146,31.16130614],[33.4126935,31.15941894],[33.40593028,31.1591686],[33.40503228,31.15941286],[33.39063764,31.1660465],[33.38675344,31.16701675],[33.38533997,31.16684127],[33.38414764,31.16565836],[33.38302934,31.16343796],[33.38303173,31.1627115],[33.38554013,31.15711653],[33.38513231,31.15400422],[33.38103473,31.14615667],[33.37199092,31.13773143],[33.37202954,31.13383305],[33.37469041,31.12694502],[33.37488484,31.12094974],[33.37351644,31.12050855],[33.37042272,31.11543524],[33.36479783,31.11328125],[33.36402452,31.11328125],[33.36406982,31.11316085],[33.36048937,31.11202526],[33.34816361,31.11178613],[33.33098841,31.1092453],[33.32562017,31.11061132],[33.32237613,31.11084402],[33.31466544,31.11061585],[33.31214488,31.11002934],[33.30640554,31.10759628],[33.30618191,31.10520315],[33.30390286,31.10332322],[33.29276681,31.09966791],[33.28551447,31.09569156],[33.27905321,31.09470642],[33.27761531,31.09403038],[33.2772721,31.09205425],[33.27123594,31.09200966],[33.26768815,31.09025037],[33.26666856,31.08852875],[33.26069093,31.08684552],[33.25945675,31.08562803],[33.26007736,31.08381546],[33.25731301,31.08697796],[33.25736284,31.08867204],[33.25627232,31.08762717],[33.25493515,31.08943474],[33.24943125,31.0890485],[33.24570262,31.08553875],[33.24065506,31.07685804],[33.23551154,31.0730561],[33.23118544,31.07261467],[33.22996986,31.07362068],[33.22795641,31.07204676],[33.22657371,31.07348013],[33.22547233,31.07236755],[33.21580374,31.07314515],[33.19906998,31.06912565],[33.19671202,31.06648886],[33.19596231,31.06086183],[33.19698715,31.05986237],[33.19125426,31.05745316],[33.18507135,31.05266166],[33.17502427,31.04821622],[33.16744244,31.04702961],[33.16517878,31.0483973],[33.16308236,31.04615974],[33.15349913,31.04467165],[33.15169704,31.04206133],[33.15220857,31.04313505],[33.14910316,31.04507685],[33.14790177,31.04466081],[33.14793527,31.04258788],[33.14729333,31.04469192],[33.13921213,31.04288936],[33.13840103,31.04433632],[33.13536513,31.04310954],[33.13426554,31.04387104],[33.13901782,31.04544806],[33.14310646,31.04991925],[33.14192677,31.05189991],[33.13955045,31.05139732],[33.13971925,31.05508602],[33.1447643,31.05489171],[33.14644825,31.05336988],[33.14864635,31.05815101],[33.14747405,31.06012201],[33.14302754,31.06030226],[33.14419186,31.06240428],[33.14948583,31.06454313],[33.14501226,31.06848645],[33.14416552,31.07056606],[33.14495647,31.07238257],[33.14291096,31.07572842],[33.14534116,31.07731974],[33.14954245,31.07716751],[33.15225935,31.08014774],[33.15614617,31.08141065],[33.1589148,31.08142626],[33.16015625,31.08038271],[33.16053724,31.08185196],[33.15735614,31.08307326],[33.15078962,31.08017087],[33.14642072,31.0800215],[33.1436156,31.08211207],[33.13490295,31.08548486],[33.13098943,31.08590555],[33.12240875,31.09107947],[33.11749494,31.09254134],[33.11934912,31.09439015],[33.11842334,31.09974885],[33.11402142,31.1005702],[33.11720574,31.10352623],[33.12019825,31.10467803],[33.12403858,31.09982443],[33.12427831,31.10100782],[33.12682581,31.10101795],[33.13069332,31.10415363],[33.13556075,31.10470593],[33.13098848,31.10543334],[33.12413621,31.10405433],[33.12315023,31.10445166],[33.12202311,31.105618],[33.12160265,31.10779274],[33.12134564,31.10801792],[33.11765146,31.10872054],[33.11508965,31.11129522],[33.11419535,31.11328125],[33.11398423,31.11449385],[33.10978508,31.11546743],[33.11015713,31.11721897],[33.11217177,31.11826634],[33.11218941,31.11875284],[33.11012685,31.11995995],[33.11041033,31.12095416],[33.10900414,31.12218046],[33.10434675,31.12322152],[33.10607564,31.12590528],[33.10616517,31.12870193],[33.10408354,31.13469171],[33.10600555,31.13532114],[33.10944927,31.13427126],[33.11417556,31.13526285],[33.11335993,31.14201415],[33.11615717,31.14190042],[33.11933565,31.13735914],[33.11728036,31.13432765],[33.1176542,31.13262355],[33.12002885,31.13108385],[33.12999344,31.13056493],[33.13422465,31.12694156],[33.13852334,31.12957895],[33.14221656,31.12886536],[33.14489818,31.12705874],[33.14637423,31.12372458],[33.15602553,31.11328125],[33.15647388,31.11328125],[33.15647388,31.11258376],[33.15999103,31.10996997],[33.16029823,31.11035144],[33.15679932,31.11328125],[33.15700305,31.11328125],[33.14782083,31.12433743],[33.14764154,31.12791586],[33.14565814,31.13077223],[33.13185096,31.13511336],[33.12714863,31.13971996],[33.12655413,31.1460793],[33.12293458,31.15078652],[33.12328005,31.15463316],[33.11515236,31.16049445],[33.11349881,31.16400707],[33.10853982,31.16816735],[33.11052084,31.16935921],[33.10996556,31.17203116],[33.10561657,31.17547381],[33.0961529,31.17731917],[33.09372067,31.17896152],[33.09391212,31.18058085],[33.09702504,31.18027401],[33.09919584,31.18287802],[33.09827626,31.18316865],[33.10142946,31.18518376],[33.10380983,31.18474245],[33.10520005,31.18306518],[33.10884428,31.18405926],[33.10575116,31.18502784],[33.10507965,31.18705678],[33.10657597,31.18817532],[33.10848272,31.18788898],[33.10889792,31.18900621],[33.11224592,31.18586052],[33.11477351,31.18477488],[33.11710274,31.18543267],[33.11741984,31.1871829],[33.11371732,31.18656421],[33.11154366,31.18994451],[33.109815,31.19022131],[33.09454298,31.18206584],[33.08855033,31.18000162],[33.06219852,31.16548204],[33.05519772,31.16226494],[33.04947794,31.16032076],[33.046875,31.16047084],[33.04157341,31.16018915],[33.04121435,31.16004753],[33.03491545,31.15524745],[33.03042138,31.15437055],[33.02557135,31.15146744],[33.01074314,31.13271773],[33.00280821,31.11789727],[32.9987061,31.11556172],[32.99767566,31.11328125],[32.99679112,31.11328125],[32.99196446,31.10823238],[32.98671401,31.10465336],[32.9831717,31.10296857],[32.97928035,31.10213566],[32.97002375,31.10192466],[32.96456575,31.10192645],[32.95795131,31.10293961],[32.95481265,31.1013689],[32.95442092,31.10085154],[32.95421135,31.09974456],[32.95437336,31.09948647],[32.95860481,31.09712875],[32.96358228,31.09826446],[32.96517634,31.09451485],[32.96472716,31.0921483],[32.9687649,31.09185338],[32.97350943,31.08881807],[32.97463775,31.09029365],[32.98082244,31.09226978],[32.98096228,31.09403455],[32.99371493,31.09244514],[33.00955927,31.09396827],[33.01375175,31.09306896],[33.02426398,31.08708215],[33.02453995,31.08708692],[33.0261842,31.09031332],[33.02593243,31.09222925],[33.02919197,31.09368527],[33.02785778,31.09440851],[33.02497184,31.09289885],[33.02496684,31.09101164],[33.02247536,31.0913105],[33.02272212,31.0942533],[33.02523625,31.09453166],[33.02416205,31.09771597],[33.02688825,31.09868264],[33.02779675,31.10015035],[33.0240252,31.10177553],[33.02499688,31.10580921],[33.02704716,31.10728085],[33.02626264,31.10990655],[33.02717113,31.11147761],[33.02749836,31.11176884],[33.03111017,31.11289263],[33.03143382,31.11328125],[33.03143382,31.11339915],[33.03232491,31.11539483],[33.03303051,31.11570716],[33.03519523,31.11631691],[33.04329503,31.11722791],[33.046875,31.11870801],[33.046875,31.11917984],[33.05636418,31.12124133],[33.06079805,31.11951637],[33.06275475,31.12077022],[33.06300783,31.12057316],[33.06416738,31.11761737],[33.06277216,31.11413968],[33.06141245,31.11361515],[33.06148887,31.11328125],[33.06174135,31.11328125],[33.06193185,31.11251307],[33.05828345,31.11020947],[33.05280256,31.11069715],[33.046875,31.10100436],[33.04612303,31.09878373],[33.0459851,31.09764421],[33.046875,31.09458697],[33.04755425,31.09363341],[33.04798973,31.09351313],[33.05125415,31.09542215],[33.05300021,31.0952636],[33.05487096,31.09020364],[33.046875,31.08621645],[33.04603446,31.08569145],[33.04156065,31.08644235],[33.03589797,31.08813918],[33.02658725,31.08822405],[33.02508354,31.08412015],[33.01950514,31.07966447],[33.01764226,31.08025718],[33.01705825,31.08193791],[33.01656997,31.08199263],[33.01474142,31.08171463],[33.01204431,31.07994127],[33.01204968,31.07656932],[33.0094279,31.07021487],[33.01018465,31.06688714],[33.0174216,31.07037365],[33.02626812,31.06571257],[33.02655041,31.06550932],[33.02655542,31.06390965],[33.02606905,31.06263244],[33.02295446,31.05981815],[33.01697993,31.05784357],[33.00763154,31.04881525],[32.98764336,31.04939401],[32.98512101,31.05150974],[32.97479308,31.05378723],[32.97164786,31.05709851],[32.96685946,31.05733287],[32.97884953,31.06124043],[32.97735846,31.06343114],[32.97849572,31.06498015],[32.97491205,31.06664646],[32.97381961,31.06958866],[32.97021377,31.07107365],[32.97661161,31.07366717],[32.97565424,31.07419217],[32.9764111,31.07516694],[32.97012424,31.07801938],[32.97086275,31.07932174],[32.98394787,31.07822394],[32.98328185,31.07599366],[32.98434877,31.07316506],[32.98744214,31.07021344],[32.99064791,31.07005095],[32.98900545,31.07218134],[32.99039996,31.07286513],[32.98977983,31.07398355],[32.98544288,31.07634103],[32.98476505,31.07893026],[32.98186386,31.08067751],[32.982252,31.08251822],[32.98423386,31.08382905],[32.98279774,31.08646202],[32.97897542,31.08651507],[32.9761095,31.0834403],[32.97082174,31.08366275],[32.96923757,31.08467305],[32.97029114,31.08603168],[32.96726704,31.08689237],[32.96605337,31.09011006],[32.96260905,31.09049952],[32.95501626,31.09592533],[32.94945645,31.09615684],[32.94871271,31.09815836],[32.94491434,31.09758735],[32.93885315,31.09846902],[32.93199086,31.10312593],[32.92834497,31.10320675],[32.92372572,31.10125434],[32.91985607,31.09777284],[32.91894305,31.09268117],[32.92033541,31.09222436],[32.91985393,31.0949887],[32.92676866,31.09704483],[32.92815077,31.09608006],[32.92661524,31.09527886],[32.92835295,31.09383976],[32.92980671,31.09587812],[32.93454182,31.09673107],[32.93571496,31.09860146],[32.9387598,31.09639621],[32.93854976,31.09544766],[32.93637025,31.09585691],[32.93888712,31.08974433],[32.93772733,31.08710182],[32.93423176,31.08560705],[32.93349552,31.08396947],[32.92694223,31.083498],[32.92568946,31.0829401],[32.92528856,31.07899177],[32.92148042,31.07877731],[32.92674184,31.07590187],[32.92573965,31.07457161],[32.92318416,31.07465744],[32.92313397,31.07598782],[32.92208171,31.07603073],[32.91677022,31.07345581],[32.91516674,31.07135296],[32.91291177,31.0709238],[32.91150892,31.07401371],[32.90724957,31.07676017],[32.91060674,31.07783306],[32.91411436,31.07645977],[32.92238235,31.07980716],[32.92313397,31.08109474],[32.91807306,31.08139515],[32.93009913,31.08482826],[32.93029726,31.08741367],[32.92808688,31.08712852],[32.92350757,31.08868802],[32.91917837,31.08667052],[32.91529405,31.08801174],[32.91384315,31.08607841],[32.91018796,31.08603084],[32.91037464,31.08764458],[32.90354943,31.08741832],[32.89566743,31.09060454],[32.89004004,31.08624291],[32.88118732,31.08837056],[32.87822735,31.08735955],[32.87335432,31.08765256],[32.87219846,31.08526278],[32.86712468,31.08480406],[32.86780131,31.08632505],[32.87138104,31.08690441],[32.87388992,31.08917356],[32.87066925,31.09027505],[32.86139274,31.08589053],[32.85727763,31.08173835],[32.85230315,31.07976425],[32.84138083,31.07869685],[32.82920885,31.07078075],[32.8188076,31.06794536],[32.81444788,31.06389856],[32.81209755,31.06358147],[32.81209981,31.06263864],[32.80667937,31.0593214],[32.79044807,31.04416776],[32.78887117,31.04330385],[32.78323376,31.04188335],[32.76997113,31.04062045],[32.76632225,31.04086995],[32.75472605,31.04539835],[32.74839771,31.04567456],[32.743873,31.04337895],[32.74114597,31.03963745],[32.73278618,31.03275943],[32.72158921,31.0317142],[32.7185657,31.02901781],[32.70974851,31.02909934],[32.69960821,31.03115642],[32.69924712,31.03145635],[32.69905031,31.03230011],[32.69954646,31.03299785],[32.70158005,31.03428793],[32.70571601,31.03576457],[32.70767248,31.03628862],[32.71477914,31.03590107],[32.71421194,31.04337847],[32.71637857,31.04785562],[32.7151736,31.04927301],[32.71456206,31.04954875],[32.70805335,31.05088687],[32.70665455,31.05098915],[32.70436835,31.05069065],[32.70245314,31.04927194],[32.6953125,31.04966521],[32.68790936,31.04859245],[32.68162346,31.05111611],[32.68062341,31.04842246],[32.68248105,31.04556906],[32.67675233,31.04359806],[32.6723423,31.04484582],[32.66884363,31.04762065],[32.6740241,31.05185652],[32.67739475,31.05155027],[32.68138838,31.05296552],[32.6842761,31.05192566],[32.69482458,31.05664062],[32.6953125,31.05664062],[32.70543611,31.05828524],[32.71357977,31.05821967],[32.72054315,31.06079435],[32.72830248,31.06088734],[32.73409641,31.06319904],[32.74307775,31.06389058],[32.74838448,31.06624603],[32.75680184,31.06650352],[32.75980794,31.06804836],[32.76070964,31.07002246],[32.76271391,31.07079506],[32.76642144,31.07019424],[32.77353895,31.07483041],[32.77558184,31.07468522],[32.77801907,31.07630706],[32.78186977,31.07637775],[32.78714526,31.07896161],[32.79363573,31.07864368],[32.79280555,31.07997692],[32.79680777,31.08232856],[32.79906917,31.08194721],[32.80280077,31.08504093],[32.80830896,31.08573294],[32.81125236,31.08822727],[32.81723547,31.08968294],[32.81773746,31.09130788],[32.82250512,31.09408951],[32.82954204,31.09601355],[32.84377313,31.10516012],[32.85254538,31.10941851],[32.86468697,31.11382222],[32.88336885,31.12039542],[32.90298772,31.13127351],[32.90881574,31.13374114],[32.91088366,31.13443851],[32.91959906,31.13682652],[32.92415345,31.13471258],[32.92730165,31.13489783],[32.92779684,31.13513064],[32.92852771,31.13665426],[32.92838097,31.1371001],[32.92578316,31.14155698],[32.92251396,31.1475538],[32.9220494,31.14739287],[32.89547753,31.13173807],[32.87727606,31.12282574],[32.86392605,31.11780274],[32.86349678,31.11759984],[32.85594285,31.11328125],[32.85532045,31.11328125],[32.81319273,31.09224725],[32.81108296,31.09028876],[32.80090785,31.08830452],[32.79365146,31.08435214],[32.79308617,31.08546472],[32.78949904,31.08461726],[32.77916014,31.08011472],[32.75790215,31.07332766],[32.75732243,31.07316411],[32.71909845,31.06431591],[32.6953125,31.06054676],[32.67801595,31.05834424],[32.66295314,31.05691957],[32.63441384,31.05589962],[32.63124907,31.05589545],[32.61451185,31.05672181],[32.60990465,31.05787265],[32.60242057,31.05840135],[32.59810698,31.05940115],[32.58739865,31.06236756],[32.57742918,31.06550682],[32.57565775,31.06633072],[32.56343615,31.07201505],[32.5630672,31.07223643],[32.55601156,31.07647002],[32.54922116,31.08079493],[32.53099525,31.09588277],[32.51364601,31.10727108],[32.51063478,31.10982728],[32.50733554,31.11328125],[32.50728953,31.11479545],[32.50573122,31.11499941],[32.50654972,31.11915755],[32.50552833,31.12259185],[32.49942458,31.12932241],[32.49816644,31.12920213],[32.49801993,31.13140941],[32.49701417,31.13158774],[32.49661326,31.13039684],[32.49603236,31.13299096],[32.48367286,31.14465022],[32.47697902,31.15402591],[32.46612465,31.16533518],[32.45141387,31.17507195],[32.44915557,31.17762506],[32.43943071,31.18289351],[32.43786442,31.18705428],[32.43465877,31.18996406],[32.42740226,31.19262171],[32.40318418,31.20614982],[32.37879002,31.21735895],[32.3788439,31.22218192],[32.37293828,31.22449076],[32.37243533,31.22264993],[32.37143576,31.22502291],[32.3700335,31.22473204],[32.36145711,31.22874176],[32.35740972,31.22837806],[32.35737264,31.22614646],[32.35873616,31.22544003],[32.35653305,31.22455871],[32.35518455,31.2216711],[32.3570559,31.22038543],[32.35428083,31.20972395],[32.35234904,31.20711148],[32.35311532,31.20441246],[32.35152304,31.1997081],[32.34935975,31.20397234],[32.35096204,31.20607448],[32.35035145,31.20830417],[32.35486531,31.22390974],[32.35697973,31.2256602],[32.35598373,31.22842824],[32.35688448,31.23868454],[32.36001503,31.24853015],[32.36000264,31.24922955],[32.35877085,31.24957585],[32.35736775,31.24559808],[32.35438204,31.23307514],[32.34961486,31.23284042],[32.34961426,31.23254836],[32.34879625,31.22517574],[32.34737647,31.2232455],[32.34905708,31.21912825],[32.34757221,31.21828532],[32.34375,31.2109375],[32.34375,31.21065843],[32.3428452,31.21028233],[32.33991206,31.20157886],[32.33861506,31.19096577],[32.33063376,31.16835237],[32.31507754,31.11328125],[32.31513071,31.11328125],[32.31411397,31.10996425],[32.31212592,31.10512137],[32.31195652,31.10444617],[32.31001103,31.09366035],[32.31001663,31.09302127],[32.31350446,30.99093175],[32.31513071,30.9744699],[32.31513071,30.94461501],[32.31545591,30.9375],[32.31550813,30.9375],[32.31583273,30.93289626],[32.31907892,30.82798552],[32.31972814,30.81682467],[32.32073641,30.80725133],[32.32159805,30.80200136],[32.33303761,30.76171875],[32.33305716,30.76171875],[32.34375,30.72405136],[32.34375,30.72181904],[32.34391606,30.72190416],[32.34626305,30.70981443],[32.34625471,30.70875466],[32.34562695,30.70003676],[32.34375,30.69363844],[32.34375,30.69112706],[32.32746995,30.6214143],[32.30972767,30.5859375],[32.30979025,30.5859375],[32.3062669,30.57851291],[32.30532503,30.56888235],[32.30531144,30.56785047],[32.30813897,30.56090522],[32.30818152,30.55681014],[32.3127712,30.54724026],[32.32782233,30.52998185],[32.33568311,30.51962495],[32.33930087,30.51299477],[32.33947182,30.51260364],[32.34375,30.49274552],[32.34391582,30.49031055],[32.35029745,30.45895207],[32.35189128,30.4531008],[32.35210431,30.45258665],[32.36053145,30.43726885],[32.36068952,30.43686342],[32.36060214,30.4332391],[32.36351311,30.4195317],[32.36532772,30.41466951],[32.36561692,30.41417265],[32.36930037,30.41015625],[32.37054491,30.41015625],[32.37186182,30.40725064],[32.37442434,30.40571284],[32.37359512,30.40344155],[32.37385142,30.40282214],[32.37489283,30.40135932],[32.38034642,30.3969177],[32.38088036,30.39469814],[32.38342094,30.39463043],[32.38643956,30.38910627],[32.38915515,30.38828802],[32.39343298,30.38460958],[32.39963412,30.37266028],[32.40291715,30.36944544],[32.40501273,30.36888456],[32.41391742,30.35724056],[32.41538632,30.35702336],[32.41642988,30.35898936],[32.41168082,30.36441648],[32.41524482,30.36914134],[32.42704952,30.36348701],[32.42823637,30.36142182],[32.43606198,30.35667253],[32.44078958,30.35138571],[32.44520116,30.33582973],[32.44831395,30.33021903],[32.44833911,30.3268913],[32.44291282,30.31785798],[32.44662845,30.30815864],[32.44542408,30.30645764],[32.44547665,30.3031522],[32.44801712,30.29890025],[32.44726467,30.29141557],[32.44948864,30.29025745],[32.45034111,30.28625286],[32.45561075,30.28571415],[32.46208835,30.27853632],[32.46625245,30.27860415],[32.46841955,30.27584755],[32.47632456,30.27548075],[32.48059785,30.27345526],[32.48121893,30.27334535],[32.48567653,30.27353156],[32.48831546,30.2717278],[32.49182057,30.27200556],[32.50392592,30.26786005],[32.51249886,30.26437604],[32.51731777,30.2649188],[32.52337205,30.26107085],[32.52389061,30.26095653],[32.52831626,30.2616502],[32.53143287,30.26452756],[32.53553426,30.26468182],[32.53698206,30.25927067],[32.54141748,30.25522494],[32.54316676,30.25078714],[32.55314326,30.24354446],[32.56268632,30.2350775],[32.5626291,30.234375],[32.56287241,30.234375],[32.56166661,30.23109257],[32.56191385,30.22560441],[32.56343865,30.22236454],[32.56258595,30.2208693],[32.56961286,30.21770895],[32.57379365,30.21019256],[32.57424617,30.20153892],[32.57569528,30.19901454],[32.57262766,30.19208956],[32.57374597,30.18674064],[32.57222271,30.18398166],[32.57250726,30.17398763],[32.57092834,30.16531813],[32.57092834,30.16001666],[32.57165325,30.1059072],[32.57270324,30.07294512],[32.57415056,30.05859375],[32.57426155,30.05859375],[32.57462025,30.05179882],[32.58807063,29.98083508],[32.58800852,29.96861005],[32.58531082,29.95628715],[32.58195424,29.94935632],[32.58000374,29.94625115],[32.57434905,29.93899596],[32.56859696,29.93521285],[32.55966282,29.92631555],[32.55962324,29.92623937],[32.56619883,29.92281616],[32.56096673,29.92008007],[32.55902433,29.91733646],[32.56553996,29.9147253],[32.56980646,29.90724897],[32.57017982,29.90709126],[32.57065666,29.90785527],[32.569628,29.90968716],[32.57499444,29.91136217],[32.57483375,29.91689396],[32.57728457,29.91724134],[32.58314025,29.91456926],[32.58858144,29.90908527],[32.59190392,29.89783227],[32.59315145,29.89737606],[32.59459662,29.89896572],[32.60120106,29.89637065],[32.60630631,29.89303446],[32.60757363,29.89195383],[32.61708021,29.8828125],[32.61754453,29.8828125],[32.62474453,29.8731358],[32.62733662,29.87394094],[32.62929702,29.87283337],[32.63200581,29.87050664],[32.63377106,29.86795735],[32.63454246,29.86676884],[32.63454235,29.86342955],[32.63283706,29.85724664],[32.63216281,29.85569215],[32.62915015,29.85152221],[32.63167954,29.84504485],[32.62565374,29.83569157],[32.61059296,29.82325733],[32.60877407,29.82063103],[32.61159956,29.81839168],[32.62145126,29.81712973],[32.62182295,29.81694138],[32.62986255,29.81025755],[32.63105726,29.80681145],[32.63449872,29.80588305],[32.63697541,29.80206752],[32.64019597,29.79322481],[32.64440715,29.7900846],[32.64637661,29.78674614],[32.64947522,29.78329647],[32.65697694,29.77781391],[32.66078246,29.77264166],[32.66378582,29.76711977],[32.66660261,29.75732815],[32.67044663,29.75676012],[32.67265892,29.75917256],[32.68143606,29.75406683],[32.68807423,29.74297416],[32.68900847,29.73915482],[32.69092762,29.73772848],[32.69333065,29.73240316],[32.6953125,29.73214281],[32.6953125,29.73186386],[32.69547725,29.73190117],[32.69602525,29.73046505],[32.69844687,29.71345067],[32.69814336,29.71028376],[32.69659555,29.70703125],[32.6953125,29.70479906],[32.6953125,29.70424104],[32.68769956,29.69331276],[32.69041777,29.68090081],[32.68672931,29.67260635],[32.68764555,29.67230165],[32.68758023,29.66982806],[32.68628645,29.66570842],[32.68410385,29.66092396],[32.68225682,29.65992475],[32.68123245,29.65643072],[32.68260646,29.65259516],[32.68600154,29.64911008],[32.68764794,29.63049996],[32.69176722,29.61978352],[32.69201755,29.61796415],[32.69172323,29.61590624],[32.68950474,29.60886764],[32.67962253,29.60036266],[32.67927396,29.59974885],[32.67928565,29.59700728],[32.68092585,29.59498751],[32.68133676,29.59479785],[32.6953125,29.59095967],[32.6953125,29.59068084],[32.6975497,29.5902704],[32.70320582,29.58709705],[32.70441031,29.58814883],[32.70825565,29.58821952],[32.70970726,29.58685446],[32.71410215,29.57904661],[32.71431744,29.57841516],[32.71448696,29.57583725],[32.71270502,29.57151365],[32.71626413,29.56697404],[32.71637416,29.56025398],[32.72019672,29.55934095],[32.72125983,29.55731642],[32.72082496,29.5522294],[32.72648334,29.54804027],[32.72492135,29.54116535],[32.72084725,29.53615415],[32.72072935,29.53539765],[32.72188783,29.53125],[32.72281384,29.52884817],[32.72198248,29.52104855],[32.72206497,29.52015471],[32.72371435,29.51689005],[32.72371495,29.51320136],[32.71808195,29.50697207],[32.71812892,29.50664532],[32.72103393,29.50674927],[32.72371495,29.50495684],[32.72998905,29.49765706],[32.73404551,29.49007332],[32.73487961,29.48248231],[32.73122466,29.47417891],[32.72493756,29.46752083],[32.72440434,29.46349442],[32.73718846,29.47057486],[32.73419333,29.47169542],[32.73313212,29.47357821],[32.73377621,29.47547305],[32.73714328,29.47652662],[32.73967373,29.47108352],[32.73568428,29.46723378],[32.735484,29.46258783],[32.73245084,29.45990551],[32.73506057,29.45446515],[32.73800445,29.45621514],[32.73919642,29.45565581],[32.74129987,29.45777071],[32.74024332,29.45926726],[32.73892105,29.45813847],[32.74109793,29.46525621],[32.74426126,29.46437001],[32.74618793,29.45962143],[32.74620307,29.4560585],[32.74969935,29.45408213],[32.75194144,29.45113707],[32.75259626,29.44773245],[32.75057733,29.44611001],[32.75065124,29.44479287],[32.76852262,29.43720877],[32.77169526,29.43410385],[32.77712655,29.4349246],[32.78290546,29.43294632],[32.78825104,29.42848194],[32.78941405,29.42308235],[32.79228246,29.42104328],[32.79815721,29.41142595],[32.80142927,29.40916991],[32.80709207,29.40931177],[32.81039381,29.40830696],[32.81189775,29.40594196],[32.81901336,29.40047383],[32.82571876,29.38310421],[32.82123435,29.37971163],[32.81770015,29.36773241],[32.81784534,29.35966516],[32.81588292,29.35818684],[32.81577015,29.35647786],[32.81602204,29.35546875],[32.81644165,29.35546875],[32.81855893,29.35423136],[32.82933497,29.34570587],[32.83174992,29.33940637],[32.83142865,29.33323824],[32.82851481,29.32783628],[32.82849467,29.32737422],[32.82978272,29.32382822],[32.82958043,29.31714904],[32.83010685,29.31577182],[32.83112025,29.31395066],[32.83417857,29.31386626],[32.84220004,29.31077147],[32.84601724,29.30526864],[32.84683204,29.29974902],[32.84721887,29.29949522],[32.85168695,29.29860675],[32.85649741,29.29943621],[32.86490142,29.29418945],[32.87001896,29.28833866],[32.87024546,29.28790855],[32.87082088,29.28163755],[32.87346327,29.27981782],[32.87365484,29.27752078],[32.87759602,29.27476096],[32.87836993,29.27047074],[32.88034928,29.26911354],[32.88048434,29.26879156],[32.88059628,29.26729941],[32.88029981,29.26626384],[32.87467766,29.25464463],[32.87720037,29.24679124],[32.88215208,29.24252057],[32.88413155,29.23362696],[32.88451064,29.23319364],[32.89777517,29.22409213],[32.90327322,29.22360694],[32.90771794,29.22170615],[32.92496085,29.20482051],[32.93504596,29.20740652],[32.94086742,29.20728028],[32.95348811,29.20280635],[32.95526075,29.19734347],[32.95730507,29.19377506],[32.96389806,29.18549335],[32.96648145,29.1796875],[32.96648455,29.17839897],[32.97210264,29.17392194],[32.97553897,29.16725135],[32.97635114,29.16661727],[32.97717035,29.16632783],[32.99056566,29.16543067],[32.99698436,29.16255414],[32.99936485,29.16061687],[33.00136566,29.15775645],[33.00374091,29.15692306],[33.0039047,29.15668285],[33.00485706,29.15243125],[33.01026392,29.14463317],[33.01579213,29.14101493],[33.01631796,29.13643992],[33.01799655,29.13438797],[33.02111101,29.13346565],[33.02387536,29.13469374],[33.02683651,29.13394046],[33.02988446,29.13106358],[33.03258574,29.12709296],[33.03479397,29.12182486],[33.03592837,29.12036991],[33.03815794,29.11804843],[33.046875,29.11272323],[33.04948437,29.11133575],[33.05575895,29.10581005],[33.05595303,29.10559905],[33.05696905,29.10184991],[33.06308425,29.09914255],[33.06518447,29.09659004],[33.06531525,29.09185028],[33.06878448,29.09297311],[33.07621014,29.08660603],[33.07773626,29.08239186],[33.0768975,29.0769062],[33.07459652,29.07236338],[33.07575154,29.06676781],[33.08029807,29.06474805],[33.08504641,29.06002736],[33.09661674,29.05647063],[33.09813046,29.04607391],[33.10291362,29.04351234],[33.11122847,29.04338038],[33.11307144,29.04463541],[33.11617982,29.04452324],[33.11834872,29.04187107],[33.12171078,29.04409063],[33.1257323,29.03985941],[33.12785423,29.03305936],[33.13326585,29.03170812],[33.1347841,29.02933395],[33.13832617,29.03018165],[33.14368606,29.02560985],[33.15361226,29.02211773],[33.15639651,29.01802111],[33.15665233,29.01269495],[33.15896797,29.00879848],[33.16151774,29.00700486],[33.16672456,29.00591242],[33.17347443,29.00647271],[33.17403746,29.00629878],[33.17703605,29.00390625],[33.17711866,29.00390625],[33.18113732,29.00101674],[33.18154895,29.00043452],[33.18072641,28.98850656],[33.1783601,28.98138726],[33.17495108,28.97682977],[33.17329741,28.97056365],[33.17385435,28.96595848],[33.17074966,28.95438063],[33.17109656,28.94630051],[33.16632295,28.94328654],[33.16702092,28.94140685],[33.16841483,28.94381404],[33.17166758,28.94295347],[33.16631055,28.9372884],[33.1665498,28.93698692],[33.16813338,28.93725622],[33.17200518,28.94140625],[33.17407274,28.94189024],[33.17755341,28.94024074],[33.1818068,28.93230176],[33.18415594,28.93080354],[33.18421233,28.92910767],[33.18777561,28.92454827],[33.18913674,28.92018545],[33.18598711,28.91201437],[33.18271983,28.91059208],[33.17972493,28.90470326],[33.17509484,28.89951611],[33.17365134,28.89396775],[33.17714465,28.89280951],[33.17917132,28.88998604],[33.17988956,28.8849442],[33.17449534,28.87596393],[33.17301261,28.87027454],[33.17349756,28.85274434],[33.1748172,28.85221302],[33.17470121,28.8478142],[33.17874467,28.83913076],[33.17855155,28.83465385],[33.18174005,28.83430564],[33.18444276,28.828125],[33.18233812,28.82588208],[33.18249226,28.82177341],[33.18273437,28.82155251],[33.18861294,28.8229357],[33.19666111,28.81332362],[33.20588541,28.80706418],[33.21010447,28.80651724],[33.21192825,28.79687595],[33.21542025,28.79336715],[33.2191838,28.78144085],[33.23086214,28.77136695],[33.23306334,28.76771986],[33.23306334,28.76744556],[33.22918987,28.75824416],[33.22866106,28.75404346],[33.22233844,28.74232686],[33.22196054,28.73648083],[33.21877396,28.73344791],[33.21987712,28.72849667],[33.21760023,28.72665274],[33.2156347,28.72200167],[33.20902705,28.71567404],[33.20771635,28.70717072],[33.20858717,28.69899511],[33.20586264,28.69511795],[33.20672905,28.69349885],[33.20227861,28.68547845],[33.20319402,28.68263555],[33.19848955,28.6732558],[33.19827998,28.6716783],[33.19850361,28.67041707],[33.20558107,28.65724325],[33.20467651,28.65604877],[33.20580924,28.65234375],[33.20583963,28.65234375],[33.20703983,28.64912546],[33.21080244,28.64495385],[33.20954525,28.64319944],[33.22005916,28.63299716],[33.22225714,28.62800205],[33.22226036,28.62701154],[33.22140312,28.62071931],[33.21965516,28.61856425],[33.20940685,28.61917424],[33.20588672,28.62124956],[33.20751524,28.61826754],[33.21960855,28.61745632],[33.21939123,28.61540174],[33.22416007,28.60568345],[33.22384477,28.58665323],[33.23305416,28.57327688],[33.23764634,28.56119561],[33.24173725,28.55458605],[33.24748504,28.55071914],[33.25169003,28.54931617],[33.25753474,28.54902315],[33.24531424,28.55248594],[33.24259901,28.55521381],[33.24514306,28.55533421],[33.24702644,28.55706596],[33.24627638,28.55914855],[33.24289155,28.56085575],[33.24439084,28.56304514],[33.2423377,28.56550694],[33.24412835,28.56628764],[33.24371457,28.56830251],[33.24189436,28.56804144],[33.23977602,28.57292116],[33.23585832,28.57491863],[33.23646641,28.57935977],[33.24322665,28.58100104],[33.25720882,28.58193445],[33.26201665,28.57712996],[33.26492882,28.56903815],[33.26925957,28.56304812],[33.27048516,28.55686796],[33.26989663,28.55316782],[33.27137172,28.55120063],[33.27088654,28.54867423],[33.2690016,28.547719],[33.27119195,28.54474127],[33.27053046,28.54287934],[33.26677823,28.54203701],[33.26441395,28.54585063],[33.26377094,28.54619086],[33.25841856,28.54656947],[33.25778747,28.5465157],[33.25738585,28.5461297],[33.25830245,28.54239047],[33.25860548,28.54192281],[33.26617837,28.53829968],[33.26997042,28.53487384],[33.27756762,28.53065705],[33.27879906,28.52445686],[33.28472126,28.51037061],[33.29427814,28.50610507],[33.30123401,28.49528468],[33.31018937,28.48859024],[33.31280804,28.48797226],[33.31546545,28.48475575],[33.31972277,28.48305452],[33.32397926,28.47934151],[33.32435191,28.47885644],[33.32514226,28.4765625],[33.32520854,28.4765625],[33.32498086,28.4747138],[33.33062196,28.47303843],[33.33530045,28.46999073],[33.33583725,28.46850038],[33.35126305,28.46538794],[33.35299146,28.46446896],[33.35555756,28.4622364],[33.35827911,28.45779026],[33.36330974,28.45591521],[33.36563945,28.45378482],[33.36872005,28.44742715],[33.36807203,28.43737245],[33.37250745,28.43122113],[33.37406135,28.42672014],[33.37967634,28.42094254],[33.38052165,28.41862011],[33.39284754,28.40664065],[33.39638424,28.40666127],[33.39714408,28.40298951],[33.3984375,28.40262282],[33.4006201,28.40254438],[33.40108311,28.40203595],[33.40288401,28.39941251],[33.40290904,28.39331973],[33.40466416,28.38959944],[33.40491414,28.38935626],[33.40771174,28.38969004],[33.41486621,28.38513052],[33.41701043,28.37980557],[33.42294455,28.37436414],[33.42868495,28.37135506],[33.43340921,28.36435485],[33.44995451,28.35633516],[33.45655632,28.35459065],[33.46295834,28.34963894],[33.47453725,28.34678042],[33.47626972,28.34385026],[33.48320258,28.34148824],[33.49018025,28.33729792],[33.49703252,28.32832992],[33.5058248,28.32014406],[33.50989234,28.31821275],[33.51530755,28.31751275],[33.51784492,28.31515515],[33.52539992,28.31497645],[33.5329957,28.3127321],[33.54552937,28.30078125],[33.5458976,28.30078125],[33.54920673,28.29821873],[33.55049205,28.29764497],[33.55340385,28.29690444],[33.56054938,28.29655945],[33.56610966,28.29451776],[33.56726706,28.29342902],[33.57318318,28.2822144],[33.57648444,28.27176106],[33.58683383,28.26870883],[33.58706915,28.25687385],[33.58808851,28.25436831],[33.59396577,28.25196874],[33.59346175,28.24426723],[33.59763443,28.24265671],[33.59739268,28.24119031],[33.59969187,28.23758376],[33.60765076,28.23061812],[33.60916281,28.23202157],[33.60647631,28.23714042],[33.60861325,28.23692775],[33.60964501,28.23858714],[33.6120578,28.23853016],[33.61644018,28.23585534],[33.61807835,28.23261356],[33.62287641,28.22785795],[33.6265558,28.20822477],[33.62567425,28.18865693],[33.62808788,28.18002522],[33.63207924,28.17557347],[33.63843036,28.17164755],[33.64866972,28.16849637],[33.64917803,28.16131258],[33.65232456,28.16629255],[33.66209412,28.16554666],[33.66662741,28.16332304],[33.66920972,28.15768695],[33.66867542,28.14829803],[33.67063677,28.13320386],[33.67173696,28.13180566],[33.68033707,28.12899637],[33.68354797,28.125],[33.68398333,28.125],[33.68433261,28.11931074],[33.68611038,28.11500096],[33.68631732,28.11457145],[33.69036853,28.11080742],[33.69307303,28.10474801],[33.69344342,28.10431445],[33.70398915,28.09298825],[33.70985365,28.08854568],[33.71025062,28.0856024],[33.71046138,28.08518398],[33.71365857,28.08169591],[33.7139039,28.07927644],[33.71332276,28.07687235],[33.70983636,28.07298696],[33.71403432,28.06637466],[33.71722412,28.06642687],[33.71876037,28.06795013],[33.72328114,28.06807303],[33.73135233,28.06370246],[33.73396087,28.06077135],[33.73313355,28.05898905],[33.73459542,28.05661023],[33.73503876,28.05638027],[33.73601854,28.05650961],[33.73512042,28.05845416],[33.73617578,28.05880105],[33.7441318,28.05531681],[33.74478292,28.05173397],[33.75,28.05273426],[33.75621915,28.04970074],[33.75675321,28.04955745],[33.75928736,28.05027103],[33.76070607,28.04896772],[33.76701295,28.03756428],[33.76713145,28.03723204],[33.76449776,28.03194857],[33.76019096,28.02700353],[33.76236463,28.01939034],[33.77930856,28.01239061],[33.78072393,28.00935352],[33.78490734,28.01050878],[33.79073024,28.00926626],[33.79638433,28.00433743],[33.80010664,27.99791634],[33.80288446,27.99561274],[33.80354703,27.98951221],[33.81157601,27.98777223],[33.82206774,27.97311366],[33.82629037,27.97234643],[33.84144056,27.96338046],[33.8582381,27.95627713],[33.85876226,27.95587671],[33.8646605,27.94921875],[33.86508536,27.94921875],[33.86850512,27.94346404],[33.87191403,27.94033051],[33.87238562,27.93958735],[33.87530005,27.93285584],[33.87560594,27.93258774],[33.87938011,27.93112957],[33.8809334,27.93346941],[33.88299501,27.93429935],[33.8838346,27.93441856],[33.89303243,27.93235493],[33.90587115,27.93772066],[33.90866375,27.93826377],[33.90981471,27.93826365],[33.91349685,27.93736064],[33.91575193,27.93632364],[33.92078972,27.93145895],[33.92099845,27.93105555],[33.92120934,27.92508376],[33.92588162,27.91935742],[33.92934942,27.91701376],[33.93300355,27.91216505],[33.94589364,27.90008545],[33.94618523,27.89972854],[33.95049906,27.89299655],[33.95047414,27.89046836],[33.95165646,27.89027214],[33.95308304,27.89257777],[33.96292615,27.89170516],[33.96507704,27.89112008],[33.96639264,27.88695276],[33.97187197,27.88695312],[33.97439146,27.88551247],[33.97901654,27.88580942],[33.98674417,27.88435018],[33.98727834,27.88393855],[33.98970032,27.87761545],[33.99337435,27.87345541],[33.99513924,27.86947536],[33.99836254,27.86553407],[34.00242972,27.86343753],[34.00976658,27.85394204],[34.00980926,27.85142303],[34.01474845,27.84766662],[34.01922846,27.84607816],[34.02157855,27.84330225],[34.02601051,27.84146798],[34.03086925,27.83315301],[34.03765273,27.82950222],[34.0431143,27.82381296],[34.04713106,27.81552458],[34.05277431,27.81266117],[34.05473292,27.81044805],[34.07049251,27.80227733],[34.07532454,27.80196226],[34.0798738,27.79904723],[34.0897001,27.79602122],[34.09294987,27.78889155],[34.09335816,27.78881025],[34.1015625,27.79436386],[34.1015625,27.79464281],[34.10286868,27.79512107],[34.11019993,27.79522955],[34.1137017,27.79659593],[34.11685097,27.79656637],[34.12307405,27.79527283],[34.13102555,27.79471481],[34.1377182,27.79499125],[34.14400983,27.79121947],[34.14748037,27.79097986],[34.16294932,27.78421092],[34.16291475,27.78682911],[34.16804564,27.78918803],[34.19293952,27.78301907],[34.20302534,27.7734375],[34.20346177,27.77129173],[34.20617795,27.76893127],[34.21291244,27.76525784],[34.21524882,27.7608633],[34.22139215,27.75468266],[34.22873056,27.74391174],[34.24051726,27.73753655],[34.24253094,27.73284054],[34.24183714,27.72613835],[34.24308765,27.72471035],[34.24776661,27.72328997],[34.24796224,27.7232902],[34.25045204,27.72350776],[34.25179327,27.72436953],[34.25239098,27.72620738],[34.25126505,27.72975314],[34.24708104,27.73239446],[34.24727511,27.73599136],[34.25442445,27.72783053],[34.25792098,27.72727752],[34.25872135,27.73042083],[34.26100373,27.73160195],[34.25689316,27.73814416],[34.25517106,27.74837124],[34.25208735,27.75426865],[34.25310695,27.75599742],[34.25238442,27.76156795],[34.25431442,27.76235545],[34.25561845,27.76585341],[34.24593866,27.76722658],[34.23920047,27.76423657],[34.22504306,27.76550174],[34.22421432,27.76494026],[34.22548211,27.76343822],[34.22383297,27.76236534],[34.21437287,27.77323854],[34.21126664,27.77534723],[34.20741558,27.7797271],[34.20632374,27.78174245],[34.20546281,27.78477025],[34.20565021,27.78947783],[34.20613492,27.79041696],[34.20877445,27.78967476],[34.21309221,27.79091895],[34.21270835,27.79392636],[34.21362197,27.79506445],[34.21406257,27.79521334],[34.21781874,27.79104376],[34.22001088,27.78966534],[34.22447026,27.78829837],[34.22492337,27.78829396],[34.23340404,27.79434395],[34.23380935,27.79430401],[34.23457515,27.79410458],[34.23679388,27.79226565],[34.2388581,27.78663027],[34.24049616,27.78605413],[34.24102736,27.78605926],[34.24835944,27.78940523],[34.25433612,27.7898736],[34.25520706,27.79100835],[34.25868535,27.79130316],[34.25897717,27.79165542],[34.2623353,27.79983723],[34.26449025,27.81176233],[34.26878214,27.81691945],[34.26811111,27.82038581],[34.26639914,27.82209945],[34.263852,27.82216704],[34.26348865,27.82374752],[34.26599276,27.82533467],[34.26983905,27.8252902],[34.2722975,27.83149433],[34.27708256,27.83858776],[34.27684188,27.84521627],[34.27309668,27.85063815],[34.27355576,27.85371912],[34.28291535,27.85471296],[34.28438127,27.85688186],[34.28579593,27.85683191],[34.28719187,27.8550055],[34.28590405,27.84979534],[34.28806341,27.84854686],[34.29107594,27.85373282],[34.29428005,27.85645235],[34.29368865,27.85767841],[34.28984475,27.85829365],[34.28936517,27.86076486],[34.29201162,27.86249542],[34.29637945,27.8611598],[34.29960585,27.85017085],[34.30170596,27.84820867],[34.30591404,27.84691608],[34.30980444,27.84926331],[34.31650746,27.84751987],[34.31978536,27.86229765],[34.32483005,27.86703181],[34.32252431,27.87365544],[34.32003391,27.8765434],[34.32136166,27.88071096],[34.32678986,27.88285482],[34.32993066,27.88613045],[34.32703614,27.88995004],[34.32703722,27.89408183],[34.33137321,27.90545976],[34.32734752,27.90921426],[34.32784033,27.91082704],[34.32804108,27.91115916],[34.33305323,27.91347504],[34.33825946,27.91252446],[34.34135282,27.91018558],[34.34638667,27.90875948],[34.34840906,27.91224742],[34.34884012,27.91325414],[34.35424316,27.91626036],[34.35468924,27.91640151],[34.35717583,27.91641617],[34.35775185,27.91522551],[34.36135817,27.91412902],[34.36605704,27.91562665],[34.36653817,27.91605556],[34.36924636,27.92129683],[34.36922205,27.92366564],[34.36680734,27.92760396],[34.3668102,27.92788112],[34.36924243,27.9311589],[34.37985241,27.93363202],[34.38672745,27.93951154],[34.38505292,27.94639885],[34.38501954,27.94921875],[34.38489723,27.94921875],[34.38578546,27.95175731],[34.39361691,27.95239365],[34.39784193,27.95636284],[34.3981775,27.95967662],[34.40073264,27.96183383],[34.40831935,27.96184504],[34.41196442,27.96396565],[34.41636574,27.96399176],[34.41803014,27.96525991],[34.42311656,27.97178125],[34.42544556,27.9719094],[34.42701626,27.97448063],[34.42688894,27.9758321],[34.42358732,27.97876441],[34.42483675,27.98244905],[34.42581713,27.98397517],[34.42606986,27.98419821],[34.43151331,27.98570561],[34.43215787,27.98615193],[34.43256044,27.98692024],[34.43325925,27.99211144],[34.43458354,27.9931854],[34.43957603,28.01792204],[34.44280708,28.02569115],[34.44287431,28.02856755],[34.44232905,28.03197026],[34.43711376,28.03963077],[34.43768084,28.04832125],[34.44040954,28.05681002],[34.43993866,28.06180024],[34.4361484,28.06611335],[34.43123674,28.06914365],[34.42878473,28.07567275],[34.42795122,28.08507562],[34.43115735,28.08710384],[34.43230772,28.09022665],[34.43507445,28.09243345],[34.43550432,28.09339595],[34.43740213,28.10194302],[34.43907785,28.10291755],[34.43749523,28.10676014],[34.43829167,28.11118138],[34.441594,28.11282563],[34.44320464,28.11589634],[34.44198513,28.11836422],[34.4438951,28.12388253],[34.44364893,28.125],[34.44363177,28.125],[34.44319177,28.1259402],[34.44167435,28.12621951],[34.44197905,28.13141942],[34.44018555,28.13608158],[34.44018233,28.13960147],[34.44052863,28.14060056],[34.44387138,28.14666331],[34.44407475,28.14697325],[34.44783115,28.14846396],[34.44961107,28.15138757],[34.44876206,28.15750742],[34.45051181,28.17325735],[34.44813311,28.18271923],[34.44790745,28.18320036],[34.44596207,28.18562865],[34.44252586,28.18544507],[34.44375312,28.18796337],[34.43951821,28.19294083],[34.43517256,28.19698656],[34.43451595,28.19265664],[34.43011904,28.19695735],[34.42377102,28.19935966],[34.4257133,28.20437193],[34.42882955,28.20483267],[34.42869902,28.20618355],[34.42456508,28.20925808],[34.42129397,28.20708406],[34.41903234,28.20885646],[34.41875291,28.20926046],[34.42058206,28.21335316],[34.41521764,28.22107136],[34.41498446,28.22153318],[34.41206264,28.23017132],[34.41138864,28.23264265],[34.41138864,28.23642445],[34.41553772,28.24307394],[34.41672647,28.24814284],[34.41350508,28.25676358],[34.41017365,28.26146746],[34.41032422,28.26644993],[34.40885723,28.27082956],[34.40867412,28.28984904],[34.40732026,28.29297638],[34.40785813,28.29694855],[34.41008937,28.30078125],[34.41032875,28.30078125],[34.41057205,28.30166733],[34.40890455,28.30413318],[34.40883541,28.30534673],[34.40976727,28.31134891],[34.40992141,28.31181407],[34.41262555,28.31513584],[34.41017318,28.31950223],[34.41009247,28.31989157],[34.41088593,28.32243013],[34.41352904,28.32655025],[34.41948617,28.33311105],[34.42187166,28.34319615],[34.42219293,28.34361291],[34.42821383,28.34774518],[34.43119621,28.35292172],[34.43650305,28.35484314],[34.44128823,28.35850096],[34.44258285,28.37018168],[34.44865668,28.37848926],[34.44853926,28.38303792],[34.44657207,28.38698637],[34.44665885,28.39449215],[34.44993007,28.39840007],[34.45041621,28.39953005],[34.45209455,28.40885842],[34.45296645,28.41015625],[34.453125,28.41015625],[34.453125,28.41155136],[34.45668173,28.41585398],[34.45789552,28.41933525],[34.45784771,28.42226112],[34.455603,28.42637491],[34.45646954,28.43429744],[34.45696771,28.43539715],[34.45916486,28.43758488],[34.46324329,28.43827062],[34.46412075,28.43841815],[34.46706593,28.44018924],[34.46772444,28.44062436],[34.47061753,28.44419515],[34.47070379,28.44453047],[34.47148001,28.44754803],[34.47066724,28.45646524],[34.47274995,28.45799005],[34.47376037,28.46088433],[34.47732615,28.46316028],[34.47937465,28.46821725],[34.48388648,28.47086871],[34.48482585,28.4765625],[34.48507237,28.47670531],[34.4935801,28.47907364],[34.49775505,28.47899175],[34.50127113,28.47676051],[34.50249016,28.47800875],[34.50553811,28.47774577],[34.50677395,28.4763962],[34.50462794,28.47378445],[34.49891686,28.47329617],[34.50120914,28.47180355],[34.50527096,28.47178924],[34.50586699,28.47144551],[34.50771678,28.47037876],[34.51177144,28.4765625],[34.51182437,28.4765625],[34.51493204,28.48199153],[34.51524127,28.48266494],[34.5165782,28.48799088],[34.51782,28.4929378],[34.5177536,28.49738038],[34.52125585,28.49999642],[34.52006423,28.50653636],[34.51237655,28.51738095],[34.51523292,28.5309329],[34.51612473,28.54392326],[34.51901483,28.55258918],[34.53583248,28.57011717],[34.54501402,28.57968652],[34.54520647,28.58494891],[34.54549122,28.59273505],[34.55313635,28.61081958],[34.55856395,28.61169016],[34.56081164,28.6162405],[34.56366932,28.61796522],[34.5660552,28.61793622],[34.56648397,28.61793101],[34.56940043,28.62155795],[34.57574725,28.62398446],[34.5740898,28.63064875],[34.57373035,28.63209403],[34.57763875,28.63889766],[34.5790339,28.63847142],[34.57980394,28.63823616],[34.57817256,28.63527036],[34.57879674,28.63441682],[34.58013093,28.63531685],[34.58059347,28.6379863],[34.58011147,28.64022494],[34.57980907,28.64162946],[34.57455051,28.64722097],[34.5755043,28.65234375],[34.57680643,28.65438092],[34.58306944,28.65700424],[34.58595991,28.65974343],[34.58686507,28.66306913],[34.58453083,28.6697942],[34.58949447,28.67293346],[34.59404135,28.68013394],[34.59973061,28.68464446],[34.60064685,28.68842995],[34.60681684,28.69411255],[34.60702884,28.6943078],[34.60710363,28.69469125],[34.60795927,28.69907832],[34.61246099,28.70550165],[34.6133908,28.70682836],[34.61343688,28.70747085],[34.61354613,28.70899415],[34.61496297,28.71055028],[34.61720073,28.71300805],[34.62278068,28.72584474],[34.62703264,28.73011661],[34.62629315,28.73341295],[34.62628651,28.73344255],[34.62040687,28.74318755],[34.62064171,28.75348771],[34.62347364,28.75631905],[34.62385035,28.75927687],[34.62601161,28.76144397],[34.62711776,28.76461539],[34.62755871,28.76587963],[34.62715456,28.7670993],[34.62388313,28.77697206],[34.62533891,28.78334844],[34.62453258,28.80426264],[34.62597394,28.81103754],[34.62464094,28.81372166],[34.62142706,28.81630301],[34.62133825,28.81672943],[34.62404084,28.8219403],[34.62127745,28.828125],[34.62094498,28.828125],[34.62062657,28.82882237],[34.62109804,28.83858025],[34.62235463,28.84230006],[34.62318504,28.84329498],[34.62698758,28.84590888],[34.63188553,28.85201252],[34.63609463,28.85301682],[34.64488196,28.85511351],[34.6483314,28.86007237],[34.64776695,28.86541081],[34.64650298,28.86854158],[34.64487755,28.87256765],[34.64633357,28.87565682],[34.64681864,28.87668598],[34.6462901,28.87748265],[34.64478481,28.87975156],[34.64617714,28.88222682],[34.64787686,28.88524854],[34.64756715,28.89133787],[34.6495223,28.89498436],[34.64858615,28.89965236],[34.64674616,28.90222752],[34.64748883,28.90800893],[34.6454312,28.91355615],[34.64298701,28.92014551],[34.64521891,28.92247254],[34.64843226,28.92582285],[34.64855635,28.92871881],[34.64833844,28.93177736],[34.64040625,28.93973637],[34.64011645,28.94092095],[34.63949025,28.94881058],[34.63960612,28.94969213],[34.64207244,28.95537233],[34.6420721,28.95581086],[34.64206934,28.95932984],[34.64236414,28.95976245],[34.64456967,28.960806],[34.64923322,28.96301258],[34.65352344,28.9697721],[34.65389121,28.96994805],[34.66088552,28.9715867],[34.66348004,28.97219455],[34.66378844,28.97210508],[34.66794014,28.97090054],[34.66815575,28.97288495],[34.66826284,28.97387063],[34.68095853,28.97709134],[34.68291795,28.97758841],[34.68324268,28.97779036],[34.68664634,28.98239791],[34.68677962,28.98308635],[34.68592052,28.99062045],[34.68482816,29.00020015],[34.68507737,29.00073822],[34.68654466,29.00390625],[34.68664932,29.00390625],[34.68555546,29.00526142],[34.68448961,29.01349521],[34.68409956,29.01430702],[34.68176936,29.01589721],[34.67871857,29.01797915],[34.67864525,29.01961815],[34.67454255,29.02251291],[34.67532015,29.02727816],[34.67541075,29.02783334],[34.67477095,29.03032064],[34.67313421,29.03113937],[34.67352736,29.03415144],[34.67210352,29.03411198],[34.67073513,29.03536938],[34.66863644,29.03729784],[34.66694093,29.04021847],[34.66511762,29.04089177],[34.66446948,29.03983533],[34.663782,29.04028773],[34.66338921,29.04087412],[34.66472006,29.04168141],[34.66474783,29.04198492],[34.66371977,29.04312372],[34.66374016,29.04368615],[34.664662,29.04632783],[34.66941667,29.05073142],[34.67203701,29.05422795],[34.67362916,29.05784523],[34.67305005,29.06466162],[34.67013895,29.07082975],[34.67192948,29.07405603],[34.67119086,29.07823217],[34.67308724,29.08096314],[34.67321062,29.08407867],[34.67964223,29.09155323],[34.67969453,29.09161401],[34.68087184,29.09614384],[34.68086528,29.09851518],[34.68086493,29.09864128],[34.67554176,29.10615885],[34.67910266,29.10948014],[34.68318617,29.12177777],[34.68516417,29.12298578],[34.68731511,29.12429941],[34.68588565,29.12709269],[34.68511331,29.12860191],[34.6864374,29.13023338],[34.68717504,29.13114226],[34.68765855,29.13550913],[34.69073701,29.14002955],[34.69010735,29.14322555],[34.69247425,29.1476022],[34.69255698,29.14800644],[34.69234276,29.15152717],[34.69072034,29.15461324],[34.6902107,29.15558267],[34.69167566,29.16167474],[34.69215035,29.16273427],[34.69594657,29.16694558],[34.70118845,29.16940117],[34.70903479,29.17068808],[34.71806896,29.1721698],[34.72014666,29.1796875],[34.72082046,29.18206831],[34.722386,29.18760002],[34.72964682,29.19236574],[34.73015177,29.19269717],[34.73207214,29.19519527],[34.73338234,29.19689965],[34.73605347,29.20723975],[34.73676663,29.20765322],[34.73874187,29.20879841],[34.73960876,29.21032262],[34.73971498,29.21080005],[34.73857546,29.21304572],[34.73868921,29.21380548],[34.73924208,29.21749806],[34.74039812,29.21927398],[34.74117005,29.22045982],[34.74097904,29.22113294],[34.7399528,29.22474957],[34.74094605,29.22786963],[34.73926306,29.23402607],[34.73749948,29.23612463],[34.73347497,29.25404334],[34.73534226,29.25760913],[34.74041355,29.26157916],[34.74086618,29.26255739],[34.74292171,29.26699984],[34.7414757,29.28290677],[34.74619114,29.29234433],[34.74616635,29.29558957],[34.74227655,29.30287504],[34.7421674,29.3071674],[34.74206674,29.31112587],[34.74355054,29.31304157],[34.75127401,29.31627401],[34.75246584,29.31677282],[34.75304809,29.31804809],[34.75390506,29.31992507],[34.75329185,29.32353961],[34.75498736,29.32634711],[34.75830853,29.32762468],[34.76411462,29.33742535],[34.77289104,29.33943832],[34.77431853,29.33931853],[34.77714837,29.33908105],[34.77960408,29.34091365],[34.77573881,29.34073881],[34.77558243,29.34073174],[34.77597781,29.34097781],[34.77972472,29.34330976],[34.78147984,29.34696746],[34.78266883,29.34990776],[34.78282773,29.35078526],[34.78246576,29.3540933],[34.78231525,29.35546875],[34.78244293,29.35775995],[34.78438795,29.36061883],[34.7846204,29.36165643],[34.78473675,29.36677015],[34.78670955,29.3704257],[34.78907335,29.37360084],[34.79339313,29.37495387],[34.79412615,29.37502372],[34.79999948,29.37447202],[34.80007602,29.37449513],[34.80298293,29.37537253],[34.8046875,29.37779021],[34.8046875,29.37890625],[34.80535758,29.37987876],[34.80938756,29.38387287],[34.81101215,29.38842022],[34.81100392,29.38942623],[34.81088657,29.39004219],[34.80889595,29.40049064],[34.81321478,29.40176415],[34.81640172,29.39980861],[34.81670046,29.3996253],[34.81809175,29.40004265],[34.81751077,29.40177254],[34.81598437,29.40631747],[34.81670058,29.41084361],[34.81911123,29.41199267],[34.81948042,29.41430283],[34.82441914,29.41849625],[34.82742766,29.4193337],[34.82929826,29.4198544],[34.8298583,29.42013574],[34.83299124,29.42226446],[34.83344626,29.42311704],[34.83250028,29.42580577],[34.83249176,29.42583001],[34.82846284,29.43110788],[34.83347332,29.42832053],[34.83647168,29.43129444],[34.84095799,29.43229001],[34.84217286,29.43255961],[34.84402,29.43463755],[34.84775035,29.43883403],[34.85268903,29.44438982],[34.85587955,29.45352554],[34.85572576,29.45478485],[34.85504091,29.46039271],[34.85744107,29.46424961],[34.85881734,29.47150815],[34.86541469,29.47416271],[34.86595297,29.4743793],[34.86976957,29.48204195],[34.87984801,29.48614705],[34.88843966,29.48964655],[34.89209507,29.48964621],[34.89477634,29.48964596],[34.89868772,29.48845446],[34.90145366,29.48950325],[34.90227675,29.48981535],[34.91286188,29.46414146],[34.91469095,29.4601841],[34.91941674,29.44995944],[34.91211422,29.44065263],[34.91065504,29.43297733],[34.91069925,29.43138983],[34.91034153,29.42501623],[34.91028749,29.42405339],[34.90226249,29.40910658],[34.90052328,29.40500763],[34.89456342,29.39256251],[34.89419142,29.39167096],[34.8927647,29.38968839],[34.88706908,29.379523],[34.88671092,29.37830866],[34.88624913,29.37714241],[34.88580119,29.37615907],[34.88535216,29.37520638],[34.88513953,29.37475526],[34.88445882,29.37335827],[34.88375905,29.37196811],[34.88304023,29.37058478],[34.88230235,29.36920828],[34.88154541,29.36783861],[34.88076942,29.36647577],[34.87997438,29.36511975],[34.87972838,29.36471207],[34.87416551,29.35124618],[34.8735272,29.34975686],[34.87286725,29.34827108],[34.87218566,29.34678885],[34.87148245,29.34531017],[34.8707576,29.34383502],[34.87045367,29.34323588],[34.87039111,29.3430918],[34.86924371,29.34119713],[34.86922892,29.34117141],[34.86804005,29.33918674],[34.86681233,29.33721717],[34.86554576,29.3352627],[34.86424036,29.33332335],[34.86289612,29.3313991],[34.86151304,29.32948996],[34.85845005,29.32540993],[34.85781706,29.32457945],[34.85722266,29.32381125],[34.85719845,29.32374407],[34.85685532,29.32281464],[34.85650496,29.32188768],[34.85614737,29.3209632],[34.85578253,29.32004117],[34.85541047,29.31912162],[34.85537503,29.31903596],[34.84992426,29.30667092],[34.84816137,29.30271639],[34.84593666,29.29824718],[34.84282684,29.29265432],[34.83942178,29.28712262],[34.83572155,29.28165211],[34.83544227,29.281274],[34.83382775,29.27899777],[34.83311571,29.27595516],[34.83173283,29.2710287],[34.83164437,29.27002341],[34.83083777,29.26395402],[34.82976361,29.25794],[34.82842193,29.25198135],[34.82820435,29.25118315],[34.8281226,29.25068355],[34.82766964,29.24646536],[34.82709026,29.24332052],[34.82707306,29.24324066],[34.82645382,29.239311],[34.8257901,29.23579409],[34.82572915,29.23532679],[34.8250816,29.2313204],[34.8250262,29.23103389],[34.82450673,29.22834751],[34.82437065,29.22733218],[34.82370703,29.22333034],[34.82292086,29.21936368],[34.82201215,29.21543221],[34.82112893,29.21209516],[34.82087672,29.2113288],[34.81940253,29.20647607],[34.81836791,29.20177768],[34.81729292,29.19807685],[34.81704428,29.19731014],[34.81610685,29.19438037],[34.81480922,29.19071873],[34.81339704,29.18709288],[34.8118703,29.1835028],[34.81022903,29.17994852],[34.80961582,29.1787197],[34.80910209,29.17765467],[34.80864208,29.17637726],[34.80721155,29.17275714],[34.80566701,29.16917264],[34.79959866,29.15618727],[34.79827695,29.15361577],[34.79733202,29.15159696],[34.79634821,29.14968333],[34.79550146,29.14692709],[34.79386014,29.14222268],[34.7920332,29.13755219],[34.79002068,29.13291561],[34.7878226,29.12831294],[34.78543899,29.12374419],[34.78286987,29.11920937],[34.78011528,29.11470848],[34.77772824,29.11108173],[34.77767953,29.11084052],[34.77679338,29.10754532],[34.77558032,29.10350666],[34.77424838,29.099498],[34.77287531,29.0957326],[34.77282961,29.09551125],[34.77189297,29.09156259],[34.77186552,29.09140976],[34.77099852,29.08728375],[34.77001089,29.08318818],[34.76890264,29.07912303],[34.76803754,29.07628263],[34.76771357,29.07507828],[34.76746784,29.07426176],[34.76673501,29.07098038],[34.76494873,29.06397075],[34.76476832,29.06290689],[34.76442606,29.06104268],[34.7640585,29.05918328],[34.76366563,29.0573287],[34.76324746,29.05547894],[34.76280398,29.053634],[34.76259363,29.05280827],[34.76241932,29.05177785],[34.76233138,29.0512979],[34.76256339,29.04982103],[34.76284704,29.04783762],[34.7631019,29.04585968],[34.76332798,29.04388722],[34.76339085,29.04326044],[34.76480327,29.03005949],[34.76514085,29.02510912],[34.76521523,29.02256167],[34.76547301,29.0201591],[34.76580851,29.01520885],[34.76594695,29.01027194],[34.76588836,29.00534836],[34.76563278,29.00043811],[34.76518023,28.99554121],[34.76497798,28.99402049],[34.76497523,28.99344452],[34.76508382,28.99062018],[34.76507434,28.98569326],[34.76498857,28.98367563],[34.76419632,28.97820865],[34.76277064,28.97135779],[34.7626817,28.97091759],[34.76075977,28.96371273],[34.75839093,28.9566025],[34.75557527,28.94958691],[34.75231289,28.94266598],[34.75187485,28.94185981],[34.74889658,28.93577773],[34.74507888,28.92897461],[34.74119325,28.92285196],[34.7408411,28.92226059],[34.73638235,28.91559354],[34.73582653,28.91484657],[34.7354634,28.91332883],[34.73539862,28.91271303],[34.73531223,28.91071395],[34.73526623,28.90514321],[34.73525329,28.90426588],[34.73523468,28.90338933],[34.73521038,28.90251355],[34.73518039,28.90163855],[34.73514473,28.90076433],[34.73510338,28.89989088],[34.73505635,28.89901821],[34.73500364,28.89814631],[34.73494525,28.89727519],[34.73488117,28.89640485],[34.73348644,28.87901719],[34.73346187,28.87496254],[34.73416594,28.87005028],[34.7341928,28.86979979],[34.73485694,28.86530334],[34.73538938,28.86053406],[34.73575337,28.85574104],[34.73594892,28.85092427],[34.73597606,28.84608375],[34.7358348,28.84121947],[34.73552518,28.83633144],[34.73537663,28.83480489],[34.73445817,28.83187354],[34.73269174,28.82687095],[34.73073765,28.82190442],[34.72859591,28.81697394],[34.72723574,28.81411596],[34.72635302,28.81206293],[34.72404607,28.80716425],[34.72387671,28.8068338],[34.7232436,28.80197664],[34.72284044,28.79954992],[34.72261724,28.7972258],[34.72104501,28.78934133],[34.72083962,28.78773127],[34.71915196,28.77913387],[34.71901138,28.77799263],[34.71798257,28.77266425],[34.71741652,28.76818734],[34.71549473,28.75847502],[34.71500786,28.75668607],[34.71353397,28.74877364],[34.71346543,28.74851162],[34.7117327,28.73902665],[34.71154539,28.73830451],[34.71150604,28.73808457],[34.71019595,28.72920409],[34.70802473,28.71956224],[34.70513508,28.71012515],[34.70152718,28.70089288],[34.69968982,28.69705876],[34.69851432,28.69468916],[34.69552929,28.68877438],[34.69218026,28.67877805],[34.69190024,28.6780762],[34.69023831,28.67400069],[34.68921538,28.67106862],[34.68822399,28.66761736],[34.68629122,28.65955072],[34.68540971,28.65545056],[34.68454759,28.64955761],[34.68397954,28.64580052],[34.68386913,28.64451255],[34.6828305,28.63684156],[34.68268962,28.63609602],[34.68176777,28.62873214],[34.681356,28.626408],[34.68068692,28.62061978],[34.68019011,28.61762849],[34.68009102,28.6125828],[34.67954188,28.60455302],[34.67892324,28.59923779],[34.67880238,28.59649348],[34.67807019,28.58843498],[34.67695818,28.58031719],[34.67546643,28.5721401],[34.67359501,28.5639037],[34.67188838,28.55761427],[34.66936064,28.54862107],[34.66885012,28.54690228],[34.6687391,28.54655801],[34.66673427,28.54435284],[34.65990596,28.53169926],[34.65270508,28.5189991],[34.6504687,28.51517484],[34.65038431,28.5144787],[34.64576867,28.49271507],[34.63901547,28.47100522],[34.63725865,28.46652887],[34.63518347,28.46163419],[34.63403714,28.45912068],[34.62990076,28.45169763],[34.62954562,28.45103915],[34.62585962,28.44261198],[34.62092242,28.43120665],[34.61898991,28.42632909],[34.61780331,28.4239481],[34.61621974,28.42089975],[34.61509973,28.41882889],[34.61461822,28.41785692],[34.61304292,28.41480606],[34.61141215,28.41177222],[34.60972591,28.4087554],[34.60971139,28.40873039],[34.60351105,28.39924485],[34.59674147,28.38997152],[34.58940281,28.38091046],[34.58663749,28.37781608],[34.58567488,28.37471583],[34.58459657,28.3709062],[34.5841516,28.36959957],[34.58126164,28.36035364],[34.57741185,28.34999278],[34.57301461,28.33983588],[34.57211175,28.3380186],[34.56850228,28.32972183],[34.56776554,28.32824585],[34.56762795,28.32793113],[34.56285126,28.31865785],[34.55844254,28.30890553],[34.55456023,28.29898202],[34.55329122,28.29516505],[34.55147615,28.29078294],[34.55070061,28.2890511],[34.54925934,28.28533058],[34.54697576,28.27989954],[34.54665,28.2791823],[34.54503478,28.27507824],[34.54505331,28.27435316],[34.54503912,28.2706588],[34.54516367,28.26815737],[34.54528625,28.26195752],[34.54525946,28.2594862],[34.54542673,28.25575179],[34.54551035,28.24956406],[34.54548738,28.24831573],[34.54568298,28.24334773],[34.54569746,28.24119781],[34.54555345,28.24064736],[34.54473012,28.23767429],[34.54444281,28.23669232],[34.54397314,28.2346368],[34.54146963,28.22438237],[34.54058482,28.2193626],[34.54039627,28.21832773],[34.54020229,28.21729695],[34.54000288,28.21627027],[34.53979805,28.21524768],[34.53958778,28.21422918],[34.5393721,28.21321477],[34.53917465,28.21231261],[34.53915803,28.21219913],[34.53899695,28.21114343],[34.53883001,28.21009213],[34.53865722,28.20904526],[34.53761167,28.20294393],[34.53709402,28.20031817],[34.5369315,28.19895759],[34.53634198,28.19490776],[34.53565482,28.19092602],[34.53487001,28.18701239],[34.53398757,28.18316686],[34.53300749,28.17938945],[34.53192978,28.17568017],[34.53075444,28.17203904],[34.52948148,28.16846605],[34.5281109,28.16496122],[34.52477695,28.15715713],[34.52364826,28.15364877],[34.52301418,28.1517917],[34.52234859,28.14995061],[34.52165151,28.1481255],[34.52133145,28.14733076],[34.52101844,28.14626788],[34.52042742,28.14438889],[34.51980363,28.14252652],[34.51914708,28.14068078],[34.51845776,28.13885166],[34.51792012,28.13750216],[34.51778107,28.13701612],[34.51720258,28.13513069],[34.51475176,28.12765723],[34.51272981,28.11824926],[34.51264598,28.11787877],[34.51258567,28.11774471],[34.51231074,28.1169058],[34.51061059,28.11245306],[34.50871048,28.10812514],[34.50862466,28.10795339],[34.50704415,28.10365104],[34.50518476,28.09929748],[34.50462895,28.09816449],[34.50346632,28.09485573],[34.50165264,28.0904734],[34.50064437,28.08837492],[34.4998749,28.0860685],[34.49811289,28.08165366],[34.4966729,28.07858454],[34.49632507,28.077476],[34.49542619,28.07492568],[34.49444425,28.07242511],[34.49337927,28.0699743],[34.49281149,28.0687868],[34.49240153,28.06747115],[34.49150137,28.06492145],[34.49051217,28.06242511],[34.48943393,28.05998214],[34.48919752,28.05949819],[34.48878911,28.05900002],[34.48875265,28.05893894],[34.48786136,28.05751389],[34.48694906,28.05612186],[34.48601577,28.05476288],[34.48506149,28.05343693],[34.48277928,28.05041145],[34.48173383,28.04909581],[34.48165452,28.04900107],[34.48078111,28.04765239],[34.47980891,28.04623579],[34.47880775,28.04485906],[34.47777762,28.04352223],[34.47693002,28.04248426],[34.47674773,28.04218505],[34.47580219,28.04073162],[34.47482398,28.0393232],[34.4738131,28.03795977],[34.47276955,28.03664134],[34.47220063,28.03596818],[34.46819103,28.02936188],[34.46616999,28.02406123],[34.46608857,28.02385153],[34.46600587,28.02364233],[34.46592189,28.02343363],[34.46583664,28.02322544],[34.46575011,28.02301774],[34.4656623,28.02281056],[34.46557321,28.02260387],[34.46556369,28.02258214],[34.46552014,28.022383],[34.46547013,28.02216093],[34.46541876,28.02193939],[34.46400738,28.01602073],[34.46391164,28.01568001],[34.4638411,28.01464916],[34.46369113,28.01327545],[34.4634857,28.01190901],[34.46322481,28.01054986],[34.46290845,28.00919799],[34.46277441,28.00871324],[34.46271786,28.00782961],[34.4625739,28.00645511],[34.46237443,28.0050879],[34.46211943,28.00372797],[34.46180892,28.00237533],[34.46163781,28.0017464],[34.46145784,27.99872475],[34.46143511,27.99839646],[34.46140921,27.99806818],[34.46138012,27.9977399],[34.46134786,27.99741162],[34.46131243,27.99708333],[34.46127381,27.99675505],[34.46123202,27.99642677],[34.46118706,27.99609848],[34.46113891,27.9957702],[34.46108759,27.99544192],[34.4609679,27.99472094],[34.46124266,27.9875768],[34.4615428,27.98628792],[34.46203716,27.98121273],[34.46201338,27.9803703],[34.46264149,27.9761701],[34.46279232,27.97099288],[34.46234629,27.96563851],[34.46130347,27.96010697],[34.4596639,27.95439821],[34.45876857,27.95204165],[34.45907949,27.94900238],[34.45919447,27.94381397],[34.45890595,27.93850572],[34.45821397,27.9330776],[34.4558947,27.92133056],[34.46052726,27.88843603],[34.46071855,27.88648476],[34.46222449,27.88202069],[34.46406315,27.87577659],[34.46571193,27.86930146],[34.46717085,27.86259526],[34.4684399,27.85565792],[34.46935453,27.84958242],[34.46965607,27.84865577],[34.47148916,27.8424024],[34.47317772,27.835973],[34.47472177,27.82936752],[34.47612129,27.82258592],[34.47790184,27.81271438],[34.49028811,27.77377085],[34.50861294,27.73161967],[34.53287689,27.68625472],[34.53761045,27.67864194],[34.55050558,27.65642325],[34.5597118,27.63948267],[34.5633421,27.63359056],[34.57624072,27.61139801],[34.58651401,27.5927031],[34.58907387,27.58851982],[34.60197502,27.56634348],[34.6132953,27.54590972],[34.61480561,27.54342834],[34.62770867,27.52126175],[34.64053164,27.49825695],[34.64164591,27.49617223],[34.65328526,27.46962365],[34.66785223,27.43234793],[34.67530622,27.41509815],[34.68859545,27.38097134],[34.69732397,27.3605277],[34.7093469,27.32955857],[34.71933918,27.30591473],[34.73010451,27.27811102],[34.73050829,27.27714725],[34.73355492,27.23808862],[34.73782073,27.19751019],[34.73898625,27.18862867],[34.7488831,27.16477357],[34.75639808,27.14761078],[34.7605404,27.1403388],[34.76382738,27.13487419],[34.76735425,27.12894816],[34.77085936,27.12299572],[34.77434271,27.11701686],[34.77780429,27.11101157],[34.77827973,27.11017791],[34.78109878,27.10549139],[34.78284851,27.10222352],[34.79049473,27.08754624],[34.79168319,27.08520098],[34.79328721,27.08330523],[34.79678239,27.07920469],[34.80029603,27.07511263],[34.80035311,27.07504664],[34.80377458,27.07100466],[34.80727064,27.06690472],[34.81064639,27.06297469],[34.81078295,27.06281225],[34.81426157,27.05870449],[34.8177585,27.05460514],[34.82094014,27.05090245],[34.82126863,27.05051186],[34.82474818,27.04640472],[34.82824598,27.04230595],[34.82938101,27.04098552],[34.8323979,27.03997698],[34.84272046,27.036417],[34.84460774,27.03565126],[34.85181412,27.0326576],[34.8709973,27.02177475],[34.89216389,27.0093943],[34.91296089,26.99685119],[34.93338854,26.9841454],[34.95344712,26.9712769],[34.97313686,26.95824568],[35.09979711,26.87172386],[35.10958423,26.86491083],[35.10991256,26.864678],[35.12468316,26.84987792],[35.139319,26.83474134],[35.15359014,26.81949882],[35.16350184,26.80855971],[35.16752342,26.80415818],[35.18115732,26.78873066],[35.21615287,26.74775611],[35.25878202,26.69935335],[35.28647677,26.6681422],[35.29681425,26.65614186],[35.30694521,26.64402505],[35.3168697,26.63179172],[35.32658782,26.61944184],[35.33609963,26.60697539],[35.34540521,26.59439231],[35.35450463,26.58169258],[35.36339797,26.56887615],[35.37208528,26.55594298],[35.38056665,26.54289304],[35.39154417,26.52542688],[35.40068684,26.51030623],[35.40956504,26.49503274],[35.41817885,26.47960637],[35.42652837,26.46402704],[35.4346137,26.44829468],[35.44243491,26.43240922],[35.4499921,26.41637059],[35.45728536,26.40017873],[35.46431477,26.38383355],[35.4710804,26.36733498],[35.4898108,26.31935831],[35.49383165,26.30873573],[35.49775291,26.29804656],[35.50157458,26.28729078],[35.50529669,26.27646836],[35.50891925,26.26557928],[35.51244228,26.25462353],[35.51586579,26.24360106],[35.51918979,26.23251187],[35.52241431,26.22135593],[35.52553935,26.2101332],[35.54731315,26.12886256],[35.55361271,26.10335905],[35.55947633,26.07749843],[35.56490409,26.05128038],[35.56989606,26.02470458],[35.57445232,25.99777069],[35.57857295,25.97047838],[35.57892276,25.96785382],[35.57884699,25.96012502],[35.57830954,25.93821208],[35.57744812,25.91615295],[35.57626282,25.89394751],[35.57475374,25.87159567],[35.57292093,25.8490973],[35.5718448,25.8377972],[35.57059152,25.82451537],[35.61301692,25.7626494],[35.63233643,25.67536508],[35.64738553,25.61837949],[35.66464297,25.56242095],[35.68410648,25.50749117],[35.70577367,25.45359181],[35.72367638,25.41394039],[35.73616043,25.38776499],[35.75570921,25.34889057],[35.78397242,25.29809162],[35.7998586,25.27213793],[35.80086778,25.27048392],[35.80187461,25.26882863],[35.80287909,25.26717207],[35.80388121,25.26551423],[35.80488099,25.26385513],[35.80587841,25.26219474],[35.80687348,25.26053309],[35.8078662,25.25887016],[35.80885657,25.25720596],[35.80984458,25.25554048],[35.81417907,25.24821072],[35.84602464,25.19910607],[35.85765455,25.182682],[35.87291864,25.16024157],[35.87919484,25.1506307],[35.88828724,25.1378704],[35.90362169,25.11547558],[35.91853456,25.09279727],[35.93302608,25.06983529],[35.94709643,25.04658946],[35.96074582,25.02305962],[35.97397445,24.99924556],[35.98678249,24.97514712],[35.99102094,24.96680499],[35.99982952,24.9587891],[36.00472219,24.9544961],[36.02156989,24.93918866],[36.04357131,24.9199165],[36.06590364,24.9010613],[36.08856675,24.88262327],[36.0984922,24.87484483],[36.11142389,24.86442959],[36.1150968,24.86158074],[36.13171704,24.84833087],[36.14603266,24.83660077],[36.14777479,24.83444716],[36.16356209,24.81425094],[36.17891453,24.7939111],[36.19383241,24.77342758],[36.20831601,24.75280033],[36.20891043,24.7519216],[36.21614044,24.7410214],[36.22325138,24.73008465],[36.23024329,24.71911137],[36.23711621,24.70810153],[36.24387019,24.69705513],[36.25050525,24.68597216],[36.25702144,24.67485262],[36.26341879,24.66369649],[36.26969735,24.65250376],[36.27585715,24.64127442],[36.27888979,24.63561901],[36.28260636,24.6282213],[36.2873342,24.61898955],[36.29213119,24.60979897],[36.29530528,24.60383104],[36.29691414,24.60059977],[36.30161072,24.5913486],[36.30637691,24.5821389],[36.3112127,24.57297067],[36.31171177,24.57204217],[36.31590207,24.56371448],[36.32063706,24.5544854],[36.32544214,24.54529809],[36.3281289,24.54025798],[36.33020851,24.53608736],[36.34428697,24.50840151],[36.35571378,24.48431184],[36.36309145,24.46818443],[36.37379786,24.4438918],[36.38711612,24.41122784],[36.39947734,24.37829087],[36.41088229,24.34508067],[36.41744745,24.32404471],[36.42029571,24.31551277],[36.42092414,24.31472462],[36.42318245,24.31212692],[36.44973254,24.27987777],[36.46369628,24.26364464],[36.46925795,24.25707817],[36.47046653,24.25571312],[36.47734804,24.24782004],[36.48414724,24.23989905],[36.49086415,24.23195017],[36.49749881,24.22397337],[36.49847739,24.22277793],[36.50445669,24.21610772],[36.51140114,24.20823779],[36.51826099,24.20033915],[36.52503627,24.19241181],[36.53172698,24.18445576],[36.5376408,24.17730787],[36.57775823,24.13312633],[36.61955067,24.09122226],[36.66301719,24.05159833],[36.99471127,23.77695227],[37.01233502,23.76188739],[37.0298551,23.74645092],[37.0472715,23.7306427],[37.06458423,23.71446259],[37.07042466,23.70884534],[37.07880989,23.69741227],[37.09766553,23.67047624],[37.10760732,23.65559519],[37.11102346,23.64706448],[37.12038373,23.62181942],[37.12642133,23.60487024],[37.13517399,23.57926765],[37.1460357,23.54465351],[37.15192154,23.52410953],[37.15667734,23.50990575],[37.1673612,23.47517765],[37.17096005,23.4623789],[37.17814023,23.44050026],[37.19016846,23.40064611],[37.20331609,23.36287233],[37.20604086,23.35490744],[37.20872758,23.34691625],[37.21137627,23.33889875],[37.21137849,23.33889193],[37.21427993,23.33105509],[37.21714677,23.32318597],[37.21997653,23.31529122],[37.22120614,23.31180399],[37.22507643,23.29896632],[37.22890573,23.28586233],[37.23137178,23.27715012],[37.2327953,23.27279237],[37.23690378,23.25984789],[37.24091134,23.24684459],[37.244818,23.23378244],[37.24566913,23.23084816],[37.24880861,23.22076802],[37.25275266,23.20772607],[37.25502471,23.19998371],[37.25764291,23.19166239],[37.16728801,23.12166329],[37.07096509,23.09630209],[36.66534746,23.09308271],[36.64659546,23.09337521],[36.53345331,23.09482275],[36.47220255,23.09829132],[36.33769952,23.1058675],[36.30463099,23.10773016],[36.24349699,23.11163528],[36.18859744,23.11698559],[36.14047869,23.14757204],[36.11344482,23.16469054],[36.0826591,23.18423618],[36.07401595,23.1898036],[36.05468118,23.20937735],[36.02614555,23.24013723],[36.00097673,23.26920097],[35.99633844,23.27369818],[35.93989687,23.33313193],[35.64327679,23.16787198],[35.61351073,23.15433025],[35.61025012,23.16498566],[35.59495163,23.1799792],[35.58841276,23.19923246],[35.58858621,23.20243144],[35.58539856,23.203125],[35.58462191,23.203125],[35.57618201,23.21035135],[35.57044256,23.21302211],[35.57010686,23.21360254],[35.56991827,23.21436405],[35.57095385,23.21960425],[35.5703696,23.23268557],[35.56704545,23.24155283],[35.56704545,23.24480021],[35.57032084,23.25898015],[35.56057703,23.28018224],[35.5595715,23.28477454],[35.55588186,23.28603375],[35.55566931,23.28642964],[35.55552447,23.28713036],[35.55364752,23.30701685],[35.55100167,23.31481957],[35.55216932,23.32178915],[35.55449355,23.32381976],[35.55251944,23.33146942],[35.55448794,23.36335528],[35.55336761,23.36932683],[35.55088425,23.37269628],[35.54982555,23.36861956],[35.54953694,23.36889994],[35.54624856,23.37463653],[35.546103,23.37511384],[35.54728973,23.37773335],[35.54544592,23.37842703],[35.54545808,23.37890625],[35.54549074,23.37890625],[35.54522777,23.38335264],[35.54313123,23.38932538],[35.5445559,23.39406395],[35.54444051,23.39440751],[35.54101706,23.39608014],[35.53821993,23.40085888],[35.54035783,23.40429103],[35.54024613,23.40506101],[35.54009533,23.4056344],[35.53823042,23.4080739],[35.53682137,23.41418135],[35.53186858,23.42677677],[35.53055036,23.42872608],[35.52561271,23.43224537],[35.51788151,23.44123626],[35.51396811,23.44867933],[35.51044536,23.44875145],[35.50988162,23.4492197],[35.5078125,23.45172977],[35.5078125,23.45256686],[35.50753903,23.45306921],[35.50751865,23.45412946],[35.5078125,23.45479906],[35.5078125,23.45507813],[35.50255561,23.45855856],[35.50369656,23.46006036],[35.49503148,23.4646703],[35.49333954,23.46725345],[35.49291575,23.474442],[35.48986626,23.48305035],[35.48845541,23.48299396],[35.48842001,23.48026037],[35.48636377,23.48152065],[35.48749447,23.48388255],[35.48986626,23.48471761],[35.48839891,23.49070406],[35.48844397,23.49674106],[35.4854629,23.49819624],[35.48680246,23.49499345],[35.48518205,23.49398768],[35.48171627,23.50200832],[35.48961294,23.50484765],[35.49134254,23.50710487],[35.49165642,23.50781655],[35.49153698,23.51029146],[35.48780274,23.51032686],[35.48659003,23.51193845],[35.48675716,23.51258075],[35.48947763,23.51665545],[35.48962343,23.51202393],[35.49174047,23.51211524],[35.49193895,23.51854944],[35.50207436,23.53581357],[35.50228131,23.53637385],[35.50153375,23.53960395],[35.49885642,23.53661156],[35.49815893,23.53820515],[35.49903333,23.54112196],[35.50121486,23.54311407],[35.50135982,23.54366076],[35.50226402,23.54806554],[35.50178194,23.55370641],[35.50264692,23.5546875],[35.50263786,23.5546875],[35.50405645,23.55833948],[35.50480068,23.56731701],[35.50766015,23.58258915],[35.5078125,23.58258915],[35.5078125,23.58426344],[35.50861704,23.58495724],[35.50831902,23.58770466],[35.5078125,23.58761156],[35.5078125,23.58789062],[35.50734687,23.58786106],[35.50224078,23.59173095],[35.50195098,23.59218025],[35.50163054,23.59635425],[35.50011563,23.59830284],[35.50106645,23.60466564],[35.49721873,23.61813104],[35.49707091,23.61904287],[35.49656355,23.62930071],[35.49466026,23.63131106],[35.49185407,23.63153613],[35.49329507,23.62304068],[35.48894715,23.62455213],[35.48890841,23.63122535],[35.48629415,23.63601315],[35.48889732,23.63893211],[35.48690045,23.64426124],[35.48697865,23.64491296],[35.48959065,23.64911735],[35.49240911,23.65075612],[35.49452198,23.65011466],[35.49514711,23.64474177],[35.49771535,23.63836014],[35.49807584,23.63760722],[35.50177264,23.63248014],[35.50216568,23.63204563],[35.50718546,23.63138354],[35.5078125,23.63141727],[35.50874472,23.63219714],[35.50895071,23.63267446],[35.5078125,23.63560271],[35.5078125,23.640625],[35.50750816,23.64076436],[35.50750816,23.64606583],[35.5078125,23.66741073],[35.512905,23.68326998],[35.51035321,23.68693471],[35.51008618,23.68705785],[35.5078125,23.68638384],[35.5078125,23.68498886],[35.50700533,23.68563902],[35.50632334,23.69498396],[35.50632274,23.69735873],[35.50766015,23.70228791],[35.5078125,23.70228791],[35.5078125,23.70479906],[35.50575435,23.70934665],[35.50574887,23.71001983],[35.50712895,23.71239316],[35.50703788,23.71313655],[35.50651383,23.71647131],[35.50371814,23.72082114],[35.50395477,23.72428155],[35.50263786,23.73046875],[35.5023241,23.73046875],[35.501194,23.73587692],[35.50161731,23.74184465],[35.50131238,23.74259496],[35.49439454,23.74573076],[35.49390781,23.74802566],[35.48803854,23.75033343],[35.48501301,23.75553787],[35.4851557,23.75637555],[35.48771501,23.75900257],[35.49868536,23.75902545],[35.49686635,23.76072454],[35.49874723,23.76326132],[35.5017457,23.76453745],[35.50385964,23.76417375],[35.50677252,23.76224387],[35.5047965,23.75649154],[35.50477338,23.75211811],[35.50551462,23.75088203],[35.5078125,23.75111604],[35.5078125,23.75139511],[35.51309252,23.75618851],[35.51246405,23.76334524],[35.51444137,23.7694391],[35.51444137,23.77045095],[35.51101232,23.78145564],[35.51070952,23.78217745],[35.50950897,23.78449357],[35.50847065,23.78495491],[35.5078125,23.78515625],[35.50336325,23.78564286],[35.49868762,23.78383863],[35.49166834,23.77164757],[35.49292195,23.76858032],[35.49043644,23.76650906],[35.48292685,23.76908123],[35.48101234,23.77190292],[35.48120654,23.77537465],[35.47955978,23.77951384],[35.47410417,23.78292096],[35.47659898,23.78752947],[35.47378945,23.78898478],[35.47219348,23.79638445],[35.47369456,23.80703223],[35.47643614,23.81371593],[35.47891784,23.81475091],[35.48183167,23.81962383],[35.48041105,23.82090461],[35.47824121,23.82062924],[35.48171115,23.82350445],[35.48003006,23.82996547],[35.48046601,23.83366084],[35.47796345,23.84061408],[35.47791171,23.84553993],[35.48115051,23.84693515],[35.48073566,23.85243165],[35.48184693,23.85281205],[35.48442197,23.85066283],[35.48566532,23.85095394],[35.49033713,23.86184013],[35.4901216,23.87081432],[35.48569751,23.88897944],[35.48594344,23.8780688],[35.48790622,23.87193084],[35.48749995,23.86051011],[35.48592937,23.86033225],[35.48045182,23.87114024],[35.48080075,23.87686133],[35.48275185,23.88049352],[35.48104644,23.88387227],[35.48272598,23.88930225],[35.48140395,23.89589608],[35.48396563,23.90031445],[35.48159015,23.90353882],[35.48372436,23.90625],[35.48156726,23.90625],[35.48098016,23.90706456],[35.48068166,23.90819073],[35.48261034,23.90975845],[35.48258507,23.91121852],[35.4797312,23.91085792],[35.48028123,23.91388798],[35.47705293,23.91692317],[35.47961688,23.91808605],[35.48010266,23.92184174],[35.47292066,23.92673266],[35.47503662,23.92980266],[35.47344267,23.93177116],[35.47585404,23.93404412],[35.47912383,23.92737985],[35.48137474,23.92728054],[35.48435891,23.93285263],[35.48615134,23.93236673],[35.48681498,23.93513477],[35.48918796,23.9351294],[35.49168384,23.93939996],[35.49118245,23.94112432],[35.49362254,23.94205582],[35.49522078,23.94939184],[35.49813652,23.95108426],[35.49987328,23.94887614],[35.5016638,23.94847727],[35.50159705,23.95065212],[35.50007296,23.95150244],[35.50144768,23.95386171],[35.49747384,23.95497215],[35.49783385,23.95750761],[35.49563313,23.95775425],[35.49793327,23.95946038],[35.49990737,23.96526325],[35.49751341,23.96805334],[35.49719894,23.97303796],[35.49729645,23.97339165],[35.50217044,23.97662365],[35.50613403,23.97739947],[35.5078125,23.97739947],[35.51084244,23.97837615],[35.51149643,23.97753894],[35.51858807,23.97749758],[35.53085601,23.97216773],[35.53418875,23.97234774],[35.54434013,23.96962011],[35.54911661,23.9662683],[35.55347145,23.96533561],[35.55734122,23.96303606],[35.55994988,23.95967066],[35.55802345,23.95809472],[35.54834223,23.95588684],[35.53505254,23.95004141],[35.52454793,23.94338191],[35.52323234,23.94204736],[35.52417958,23.94103622],[35.53390574,23.94478464],[35.55220103,23.95486605],[35.56393611,23.9562844],[35.56670368,23.95537651],[35.56811011,23.95317435],[35.57239604,23.95086384],[35.57316184,23.94786668],[35.5769788,23.94422746],[35.57752061,23.94012165],[35.58196056,23.93900692],[35.58595836,23.93293953],[35.58891773,23.93169296],[35.60956562,23.92641115],[35.62123108,23.92694986],[35.64086986,23.93030035],[35.64803064,23.92489004],[35.67284274,23.91560948],[35.67629135,23.91136825],[35.68953061,23.90940106],[35.69248855,23.90991378],[35.7008152,23.91821825],[35.71368706,23.92360878],[35.71613264,23.9271332],[35.72283637,23.93221188],[35.72823942,23.9332571],[35.72763038,23.93131244],[35.73294246,23.9313637],[35.73377597,23.93294418],[35.74252307,23.93842316],[35.74831355,23.93828964],[35.75700605,23.93635428],[35.76400745,23.93272734],[35.76593483,23.93091321],[35.77703094,23.91132152],[35.78369141,23.90625],[35.78406191,23.90625],[35.78514242,23.90490246],[35.78656304,23.90245283],[35.78850985,23.89513207],[35.79012954,23.89416683],[35.79284716,23.90108895],[35.79288857,23.904832],[35.79290426,23.90625],[35.79284656,23.90625],[35.79283702,23.90773034],[35.79172087,23.90985453],[35.79135105,23.91001278],[35.78169382,23.91414523],[35.78133774,23.91447175],[35.77929616,23.91893804],[35.77291918,23.92501831],[35.76927257,23.93692327],[35.76931584,23.94319236],[35.76778984,23.94838953],[35.76387501,23.95261455],[35.76425374,23.95660293],[35.75832701,23.96484756],[35.75814044,23.96508038],[35.75444675,23.96877492],[35.75090528,23.97045183],[35.74722958,23.97463465],[35.73104703,23.98434675],[35.71577895,23.99177206],[35.69294906,24.00049722],[35.6839838,24.00188506],[35.67581165,24.00167406],[35.66724491,24.00595355],[35.66646564,24.00607574],[35.65175462,24.00555062],[35.64200008,24.00174534],[35.63583767,24.00142014],[35.63302553,24.00396144],[35.62861621,24.00418055],[35.62485814,24.00783241],[35.61813354,24.01035333],[35.61172354,24.01447821],[35.60115087,24.01593041],[35.59860074,24.01719415],[35.59822416,24.01745725],[35.59758806,24.02040732],[35.59772265,24.02090347],[35.6003772,24.0232563],[35.60052645,24.02413225],[35.59945655,24.02916086],[35.60115063,24.03548777],[35.60113025,24.03593278],[35.59909225,24.04199767],[35.59966254,24.05113387],[35.59536564,24.06506383],[35.59036255,24.07237387],[35.58905888,24.07880998],[35.58864081,24.07963634],[35.58654785,24.08203125],[35.58637905,24.08203125],[35.58444262,24.08297682],[35.58393717,24.08323157],[35.58349848,24.08677375],[35.57456052,24.09623551],[35.57415426,24.09660852],[35.56305528,24.10195744],[35.55929506,24.10766375],[35.55558658,24.10947216],[35.55168664,24.10930157],[35.54420161,24.11519897],[35.53280997,24.11476743],[35.52883744,24.11613536],[35.51300955,24.12765062],[35.51301384,24.13021755],[35.51105082,24.13089323],[35.50876224,24.13295066],[35.5078125,24.13476563],[35.5078125,24.13560271],[35.50409305,24.13915551],[35.49975324,24.13920045],[35.49242175,24.13694584],[35.48771966,24.13670743],[35.49049926,24.13355935],[35.49371803,24.13432395],[35.5078125,24.125],[35.50796914,24.12087154],[35.50849414,24.11935472],[35.50969195,24.1166079],[35.51249063,24.11413646],[35.51256275,24.11369812],[35.51188433,24.10969543],[35.50870228,24.10888946],[35.5078125,24.10825884],[35.5078125,24.10770094],[35.50673437,24.10698485],[35.49886465,24.10693967],[35.49741447,24.10715747],[35.49274123,24.11051035],[35.49092555,24.11540043],[35.49082685,24.11605203],[35.49240303,24.11793101],[35.48987186,24.12320852],[35.48997664,24.12384248],[35.49135804,24.12585807],[35.49367952,24.12717736],[35.49312782,24.12814534],[35.48464715,24.13270891],[35.48361337,24.13567722],[35.48068833,24.13833225],[35.47335815,24.14061677],[35.47215021,24.14371061],[35.46947825,24.14592493],[35.46663368,24.14590824],[35.46589363,24.14778793],[35.46031976,24.15221357],[35.45898402,24.15615702],[35.45403683,24.15841532],[35.45213211,24.16153455],[35.44698882,24.16423154],[35.44140947,24.17504573],[35.43618906,24.17998385],[35.43410492,24.18373323],[35.43068385,24.18608892],[35.42511606,24.19714165],[35.42815971,24.20428324],[35.43179095,24.20676804],[35.43181586,24.20839286],[35.42596877,24.21254134],[35.42673373,24.21756256],[35.42419386,24.21978176],[35.42249501,24.22356284],[35.41687596,24.22503626],[35.41486895,24.23979545],[35.40371561,24.25719631],[35.40326083,24.2578125],[35.40286374,24.2578125],[35.39019251,24.27392542],[35.38853323,24.27415371],[35.3814677,24.28324294],[35.36950672,24.29521775],[35.36284935,24.30616903],[35.36518812,24.3079164],[35.36337948,24.31259716],[35.35937333,24.31398594],[35.35612357,24.31808925],[35.34944701,24.32197964],[35.34667838,24.32218945],[35.34537625,24.32032776],[35.34291756,24.32161462],[35.33949256,24.3241837],[35.33374095,24.33185804],[35.33011186,24.33287776],[35.32836902,24.33588493],[35.32553518,24.33661366],[35.3252511,24.33695221],[35.32270634,24.34668791],[35.3186444,24.35214746],[35.31946981,24.35259271],[35.31927395,24.36058605],[35.30633545,24.36205494],[35.30525458,24.36045253],[35.30787921,24.36092663],[35.30851615,24.35973024],[35.30641377,24.35848117],[35.3059622,24.35847414],[35.29779422,24.35890222],[35.29104876,24.36165488],[35.28830373,24.36512804],[35.28516984,24.36692297],[35.27662516,24.36919284],[35.27200747,24.37293351],[35.26687634,24.37466955],[35.26147854,24.38126886],[35.26019394,24.38990867],[35.25983083,24.39018512],[35.24393106,24.39398575],[35.23306966,24.40196621],[35.23268831,24.402336],[35.22259188,24.41533375],[35.22045302,24.42362714],[35.21499658,24.43359375],[35.21479261,24.43359375],[35.21081364,24.43685794],[35.20755553,24.44445443],[35.20293474,24.44686866],[35.20272815,24.44880128],[35.20413995,24.44875658],[35.20786226,24.45400131],[35.20647383,24.45465267],[35.20641291,24.45752764],[35.2049489,24.45910156],[35.20032907,24.46025264],[35.19785404,24.46329045],[35.19648397,24.46598756],[35.19641685,24.47107446],[35.19386101,24.47476745],[35.18394494,24.48143828],[35.17133236,24.48251474],[35.16373372,24.48897386],[35.15952206,24.49540615],[35.15625,24.49665165],[35.15625,24.49693084],[35.15277934,24.50125146],[35.14137602,24.50844014],[35.13740146,24.51447976],[35.13610041,24.51902676],[35.13755298,24.52525115],[35.14643955,24.53171623],[35.15026915,24.53804708],[35.14736116,24.55203676],[35.15136886,24.55539155],[35.15609658,24.55664063],[35.15625,24.55664063],[35.15909755,24.55794692],[35.15970635,24.55835772],[35.16153884,24.56072247],[35.16597176,24.55973387],[35.16689634,24.55983484],[35.16756761,24.56096292],[35.16699815,24.56531811],[35.16544521,24.56738281],[35.16337204,24.56915808],[35.15731168,24.57164645],[35.15625,24.57226563],[35.15518165,24.57368648],[35.15241444,24.57363272],[35.14872956,24.57774127],[35.14494765,24.57977784],[35.13758552,24.59277344],[35.13755298,24.59723771],[35.13598525,24.59869826],[35.13655376,24.60242307],[35.13642585,24.60289335],[35.13488185,24.60727107],[35.13295555,24.609375],[35.13262844,24.609375],[35.13093841,24.61131072],[35.11803901,24.61182642],[35.11770725,24.61176002],[35.11683512,24.61006248],[35.11698294,24.609375],[35.11701715,24.609375],[35.11842823,24.60781884],[35.11658645,24.60722136],[35.11522174,24.60745525],[35.11241961,24.609375],[35.11207461,24.609375],[35.11721695,24.61523128],[35.11786592,24.61453521],[35.11927366,24.61892664],[35.10839093,24.62911081],[35.10709751,24.63245225],[35.10207593,24.63368988],[35.09959364,24.63654804],[35.09952927,24.64630175],[35.10383475,24.65632427],[35.10923243,24.66435695],[35.10788512,24.66566575],[35.09764254,24.66648316],[35.09230018,24.66858423],[35.08598065,24.67756736],[35.08371365,24.68494892],[35.08400071,24.69022882],[35.08454144,24.69466507],[35.08872736,24.70302963],[35.08931565,24.71260774],[35.08914363,24.71360767],[35.08608043,24.721964],[35.0800029,24.73399746],[35.07892716,24.74088061],[35.07419562,24.74642313],[35.0709089,24.75344396],[35.06457996,24.75482214],[35.06081402,24.76157641],[35.05288196,24.77042937],[35.05026674,24.77262735],[35.0464251,24.77274001],[35.04573655,24.77752423],[35.04059625,24.78515625],[35.04039407,24.78515625],[35.03772271,24.78902924],[35.02744567,24.79752815],[35.01744318,24.80309594],[35.00349295,24.81705391],[35.0000422,24.82329905],[34.99645507,24.82521856],[34.99430585,24.83079183],[34.99482882,24.83485258],[34.99375975,24.8406409],[34.99375975,24.84183657],[34.99545503,24.85926402],[34.98790562,24.86449945],[34.98807216,24.87456024],[34.98589695,24.88405263],[34.98806357,24.88835287],[34.98751605,24.89596117],[34.97897434,24.90313637],[34.97633076,24.90827453],[34.97345746,24.91080844],[34.96879995,24.91955662],[34.96747541,24.92628551],[34.96561146,24.92770183],[34.96306086,24.92672801],[34.96070302,24.93069017],[34.95298493,24.93711913],[34.94864762,24.93982172],[34.94650996,24.93925965],[34.94694567,24.94258714],[34.94283235,24.94670105],[34.94139922,24.95193088],[34.93882632,24.95295525],[34.93840325,24.95411992],[34.93987048,24.9555037],[34.93947423,24.95627975],[34.93680716,24.95792997],[34.93646145,24.95867026],[34.93589151,24.9609375],[34.93593883,24.96261108],[34.93976843,24.97150516],[34.93999243,24.97196841],[34.94779265,24.98281383],[34.94507396,24.99067175],[34.94457424,24.99997306],[34.93205833,25.00933564],[34.9280467,25.01402366],[34.92484105,25.02229846],[34.91643631,25.02887833],[34.91483212,25.04089618],[34.90354013,25.05845284],[34.90296674,25.06426835],[34.90010238,25.06826472],[34.90167522,25.06957078],[34.89839315,25.07291472],[34.89700115,25.0762794],[34.89134312,25.07794631],[34.88367403,25.08724284],[34.88254261,25.09083533],[34.88023686,25.09218192],[34.88099611,25.10059273],[34.87902474,25.10301554],[34.87925208,25.10541475],[34.87401223,25.11324215],[34.87395334,25.12262845],[34.86597967,25.13419056],[34.86471784,25.13671875],[34.86477053,25.13671875],[34.86297226,25.14051056],[34.85554063,25.14988935],[34.85401893,25.15420747],[34.85483026,25.15667844],[34.85210502,25.16331375],[34.85043883,25.16690373],[34.84728467,25.17134082],[34.84504914,25.17309546],[34.84422255,25.17633855],[34.82176805,25.19457102],[34.81943071,25.20047724],[34.81505585,25.20582485],[34.81221485,25.20589936],[34.8073585,25.20353293],[34.80720651,25.20386243],[34.80860722,25.20616293],[34.81205964,25.20838892],[34.81230891,25.20999801],[34.81217945,25.21049714],[34.81015241,25.21423507],[34.8046875,25.21930802],[34.8046875,25.21986604],[34.80218947,25.22836816],[34.79609275,25.23730421],[34.79583156,25.24322462],[34.79725373,25.24706936],[34.79202056,25.25209308],[34.79143834,25.25795186],[34.78661895,25.26582408],[34.78290927,25.27143466],[34.77688205,25.27898395],[34.76556742,25.29132915],[34.76062655,25.29645646],[34.75925636,25.29766405],[34.75709021,25.29890525],[34.75648475,25.29903138],[34.75397301,25.29870093],[34.75116408,25.30177164],[34.75061095,25.30248165],[34.74614513,25.3125],[34.74604225,25.3125],[34.74427044,25.3177917],[34.74426794,25.31893682],[34.74723077,25.32855666],[34.74455237,25.32981515],[34.74218786,25.33764482],[34.73783493,25.33797085],[34.74025297,25.34222353],[34.74082756,25.34597361],[34.74190843,25.34646833],[34.74184823,25.3469094],[34.7386018,25.35707045],[34.73500192,25.36292553],[34.7330296,25.36958647],[34.72929382,25.37462521],[34.72778165,25.37623072],[34.71968818,25.38201511],[34.70492101,25.39887464],[34.70241904,25.39959562],[34.70125997,25.40084446],[34.70092857,25.40133917],[34.69457281,25.41562676],[34.69426632,25.4167937],[34.69340718,25.43088281],[34.69535637,25.43235254],[34.69465292,25.43449616],[34.69280255,25.43438435],[34.69184005,25.43562603],[34.69087315,25.44093263],[34.69168568,25.44592011],[34.6904608,25.45064521],[34.68810785,25.45221722],[34.68558335,25.45188892],[34.68253827,25.45828962],[34.67825973,25.46344245],[34.67798448,25.46434462],[34.67858505,25.47339022],[34.67574048,25.47977126],[34.67689645,25.48174667],[34.67686903,25.48500681],[34.67636025,25.48672855],[34.67535925,25.48828125],[34.67513192,25.48828125],[34.67185855,25.49096966],[34.6640172,25.50199294],[34.66047144,25.50443578],[34.65253854,25.50651073],[34.65178072,25.50715137],[34.64965272,25.50992703],[34.64954007,25.51019096],[34.64971352,25.51242185],[34.65159452,25.51299536],[34.65196204,25.51530492],[34.64609706,25.52154064],[34.64333701,25.52976668],[34.64108443,25.53199124],[34.63809311,25.532076],[34.64141512,25.5340656],[34.64260185,25.53607607],[34.64155173,25.54362834],[34.63929248,25.5453124],[34.64092755,25.54849482],[34.64131141,25.55665135],[34.63712156,25.56888807],[34.63737655,25.57512033],[34.63671446,25.57737803],[34.63612151,25.57852316],[34.63134861,25.58307564],[34.62253964,25.59533978],[34.60069585,25.61030745],[34.59523845,25.62075853],[34.59233105,25.62241626],[34.58848357,25.62764525],[34.58962452,25.63136971],[34.58601904,25.63510394],[34.58418393,25.64529192],[34.58167946,25.64914751],[34.58023965,25.65483713],[34.58024335,25.65806222],[34.58292496,25.66037285],[34.5831573,25.66101766],[34.58307755,25.66184998],[34.58144367,25.6640625],[34.58062816,25.6640625],[34.57336175,25.66635466],[34.57230616,25.66680956],[34.56752646,25.66994214],[34.56708086,25.67574465],[34.5667876,25.67628205],[34.56313264,25.67788124],[34.56284702,25.67891121],[34.56303751,25.68217266],[34.56631196,25.69642007],[34.56524682,25.70083535],[34.56512201,25.70120966],[34.55769944,25.70560455],[34.55769944,25.70706356],[34.5600816,25.70672035],[34.55741358,25.71375835],[34.55341172,25.71779251],[34.55150604,25.72242725],[34.54588366,25.72508812],[34.54512203,25.72920787],[34.54226351,25.73358536],[34.5383569,25.74474335],[34.53854752,25.74585915],[34.53940487,25.74654567],[34.54142165,25.74678242],[34.54120731,25.74714124],[34.53967786,25.74932027],[34.53671634,25.75164545],[34.53193915,25.75279796],[34.52455342,25.75893927],[34.51802707,25.76922095],[34.51746404,25.76962757],[34.51081097,25.77424502],[34.50341451,25.77539062],[34.49359262,25.78637874],[34.49172688,25.78659308],[34.48665166,25.78383291],[34.4864068,25.78510165],[34.48862827,25.78781736],[34.48565245,25.79199207],[34.48545456,25.79746091],[34.47608995,25.81289613],[34.47506475,25.81792104],[34.46946955,25.82851362],[34.45851767,25.83537054],[34.453125,25.8359375],[34.45266068,25.8359375],[34.44473553,25.83498907],[34.43913686,25.83805597],[34.43336666,25.83810353],[34.43486595,25.83984375],[34.43514383,25.83984375],[34.43630266,25.84193647],[34.43440306,25.8460803],[34.43412042,25.84653401],[34.43064845,25.84654021],[34.42775655,25.85004735],[34.42145085,25.86694884],[34.41562092,25.86567831],[34.41495287,25.86793017],[34.41779637,25.86985016],[34.42262816,25.86876094],[34.42333007,25.87206948],[34.41876996,25.87656832],[34.41713965,25.88039267],[34.41396976,25.88237214],[34.41192532,25.89567733],[34.41309965,25.90471542],[34.40870786,25.91110861],[34.40763104,25.91615355],[34.40422106,25.92397285],[34.40162385,25.92839575],[34.39903796,25.93176842],[34.39585853,25.93278015],[34.39698231,25.93740344],[34.38808525,25.94119394],[34.38279474,25.94913554],[34.37714398,25.96381402],[34.37172258,25.96663833],[34.37005913,25.9687227],[34.35194731,25.97638512],[34.34963572,25.97861075],[34.34548068,25.98422432],[34.34268045,25.98929691],[34.34142804,25.99252486],[34.34063184,25.9982208],[34.3332113,26.00906801],[34.33004713,26.015625],[34.32982957,26.015625],[34.32719731,26.02191615],[34.32642448,26.02224827],[34.32546723,26.02063525],[34.32487702,26.02144885],[34.32604206,26.02469206],[34.31650805,26.04761517],[34.31638396,26.05513406],[34.31343091,26.06652856],[34.30889106,26.0693289],[34.30466592,26.08270633],[34.29975986,26.08874488],[34.29130244,26.09445083],[34.28501177,26.09570277],[34.2828207,26.09867346],[34.28406656,26.10249674],[34.28528643,26.10290587],[34.28786361,26.10153568],[34.28723955,26.1072247],[34.2892065,26.11118174],[34.28728175,26.11314166],[34.28731084,26.11593521],[34.28424585,26.11823285],[34.28024685,26.11917007],[34.27231753,26.12529695],[34.26717591,26.13327146],[34.26608408,26.14270103],[34.26316965,26.14771092],[34.25696397,26.15104783],[34.25289011,26.1567924],[34.24349594,26.16249514],[34.24344206,26.16703773],[34.23888373,26.18080902],[34.23850751,26.18157566],[34.23013735,26.19140625],[34.22994018,26.19140625],[34.21660781,26.21221375],[34.21398544,26.23010898],[34.21053922,26.24299586],[34.20160115,26.25264645],[34.20251036,26.25423431],[34.20612598,26.25543916],[34.20453286,26.25851321],[34.20486426,26.26018393],[34.20348525,26.26269531],[34.19236004,26.27327657],[34.18742955,26.28283811],[34.18728054,26.28325236],[34.18583345,26.28870058],[34.18583345,26.29499757],[34.18882716,26.30641186],[34.18510437,26.31431782],[34.18387377,26.32188976],[34.18012285,26.32517195],[34.17629802,26.33321857],[34.17371631,26.33426273],[34.16837871,26.34151018],[34.16057694,26.34462166],[34.15611863,26.34923422],[34.15577924,26.34966612],[34.15456307,26.35577381],[34.14967644,26.35853267],[34.14912605,26.35914946],[34.14737356,26.36475754],[34.14476955,26.3671875],[34.14453471,26.3671875],[34.13492346,26.37766051],[34.13425875,26.38462615],[34.12900603,26.38781357],[34.12841952,26.38923311],[34.12746012,26.39279032],[34.12745893,26.39318454],[34.12900662,26.3938266],[34.12898171,26.39526451],[34.12652314,26.39636862],[34.12540674,26.39853704],[34.1167314,26.40278852],[34.10946846,26.40773046],[34.10926461,26.40806651],[34.10743225,26.41638863],[34.10382426,26.42360747],[34.10557282,26.42602324],[34.1015625,26.4296875],[34.1015625,26.43080354],[34.09910524,26.43542826],[34.09776425,26.44156742],[34.09759712,26.44185603],[34.09056735,26.44702601],[34.08877075,26.45148444],[34.08392477,26.45675325],[34.08228898,26.46430051],[34.08170426,26.47820282],[34.07969034,26.48503101],[34.07263601,26.4979074],[34.07270145,26.50599885],[34.07117057,26.50726116],[34.06709516,26.50718093],[34.06726015,26.50859487],[34.07114005,26.51004827],[34.07226706,26.5132395],[34.06972528,26.51404905],[34.06977332,26.51709282],[34.06816792,26.51670742],[34.06459296,26.52386844],[34.06099272,26.52781403],[34.05495846,26.53135026],[34.05323613,26.53986156],[34.05203474,26.54193366],[34.05111682,26.54296875],[34.05071545,26.54296875],[34.04288435,26.55033386],[34.04134417,26.54859865],[34.04216444,26.55208206],[34.04105544,26.55422056],[34.04049551,26.55469084],[34.03638542,26.55481005],[34.03879464,26.5577358],[34.03551555,26.56286025],[34.03611958,26.56575692],[34.03733444,26.56653786],[34.03721845,26.56942892],[34.03527415,26.57142854],[34.03032994,26.57213283],[34.03285134,26.57490385],[34.03134167,26.58047438],[34.02833176,26.58662415],[34.02031076,26.59679186],[34.02007651,26.59753931],[34.02043355,26.61010671],[34.01367867,26.61402607],[34.01255941,26.61645865],[34.00378156,26.61851954],[34.00043523,26.62041295],[34.00054586,26.62291038],[33.99626446,26.62618172],[33.99766564,26.62751222],[33.99655771,26.63178182],[33.99001694,26.63501287],[33.98193145,26.63591146],[33.97905743,26.64060915],[33.97272205,26.64559591],[33.97031867,26.64910746],[33.96932733,26.64889038],[33.97128785,26.64484501],[33.96201932,26.64683151],[33.95742774,26.64980435],[33.94701195,26.65277505],[33.94395554,26.65739954],[33.94212103,26.66312504],[33.93615293,26.66748893],[33.93594575,26.66784668],[33.93573976,26.67460334],[33.93255103,26.67900527],[33.93506885,26.68286908],[33.93593895,26.68967235],[33.93976641,26.69629133],[33.94046724,26.70015574],[33.93830156,26.70115125],[33.93767714,26.70278573],[33.93755651,26.70362532],[33.93836975,26.70708895],[33.93833888,26.71216226],[33.93747926,26.71875],[33.9375,26.71875],[33.93757713,26.72249734],[33.93838012,26.72473586],[33.93877256,26.72528791],[33.94279563,26.72859514],[33.9446907,26.73181105],[33.94236636,26.73218954],[33.94162571,26.73367596],[33.94449544,26.74046922],[33.94386888,26.74285054],[33.94598556,26.74480546],[33.94825375,26.7444787],[33.95496178,26.75096655],[33.96060383,26.75136554],[33.95656705,26.75239563],[33.95185757,26.75582886],[33.94725382,26.76393986],[33.94316423,26.76579416],[33.93819392,26.77779615],[33.93784451,26.77924526],[33.93865704,26.78494525],[33.93534505,26.7901082],[33.93928444,26.79408908],[33.94436204,26.79716587],[33.94898117,26.80809665],[33.94777954,26.81314397],[33.94484293,26.81455445],[33.94382632,26.81640101],[33.94195557,26.82455206],[33.94222045,26.82626843],[33.94257975,26.82727206],[33.94562542,26.83265614],[33.94585955,26.83286774],[33.95213807,26.83579934],[33.95347047,26.84249425],[33.96097052,26.85839117],[33.96517861,26.86167455],[33.96642661,26.86213183],[33.96794987,26.86234176],[33.97173953,26.86157644],[33.97590125,26.85577714],[33.98062575,26.85449386],[33.98145545,26.85126603],[33.9858005,26.84520912],[33.98825884,26.84553134],[33.99200964,26.84381211],[33.99690604,26.84383631],[33.99759555,26.84390533],[34.00181723,26.84610176],[34.00402951,26.85236227],[34.00402653,26.85702312],[33.99648297,26.86213994],[33.99100745,26.87092996],[33.98847055,26.87739253],[33.98815787,26.88292217],[33.99312484,26.89453125],[33.99334133,26.89453125],[33.99634647,26.89989805],[33.99627686,26.90066612],[33.99588191,26.90149844],[33.99037898,26.90226126],[33.98996592,26.90218985],[33.97753847,26.89825296],[33.97572255,26.89517736],[33.97332334,26.89453125],[33.97312486,26.89453125],[33.97334576,26.89241111],[33.97313666,26.89196992],[33.96980977,26.89018285],[33.96687496,26.89453125],[33.96675515,26.89453125],[33.96675515,26.89522874],[33.96279895,26.89780104],[33.96481693,26.89994228],[33.95766628,26.91603827],[33.95220804,26.91889083],[33.94328606,26.9306128],[33.93841314,26.93224227],[33.92623818,26.96499562],[33.92179441,26.96585548],[33.91988397,26.96341646],[33.9196465,26.96387208],[33.92027175,26.96638596],[33.92511416,26.96833372],[33.92061555,26.98014092],[33.91549981,26.98287272],[33.91385472,26.98609793],[33.90529561,26.98766506],[33.89882493,26.99285161],[33.90331256,26.9965111],[33.90996695,26.99871945],[33.91199243,27.00366676],[33.91025364,27.00479186],[33.90936911,27.00797021],[33.90307152,27.01066184],[33.89786243,27.01548028],[33.88798785,27.02737904],[33.88493383,27.03180706],[33.88457656,27.03332317],[33.88508487,27.0413568],[33.88985884,27.04627883],[33.89432073,27.04759431],[33.90411615,27.04424524],[33.9024322,27.04668236],[33.90435946,27.04963982],[33.90432715,27.05076516],[33.90355313,27.05291104],[33.90079165,27.05571604],[33.89985335,27.05761564],[33.89897478,27.0618093],[33.89564455,27.06389332],[33.89450276,27.06745076],[33.89168835,27.0703125],[33.89131427,27.0703125],[33.88257134,27.07947552],[33.87803531,27.08057332],[33.87522697,27.07992983],[33.86981595,27.0827558],[33.86794245,27.08489716],[33.86425388,27.08505285],[33.86198282,27.08374393],[33.85675013,27.08586216],[33.85449564,27.08708966],[33.85424316,27.08747113],[33.8535099,27.09203625],[33.84963608,27.09394455],[33.84795785,27.09649324],[33.84394443,27.09734893],[33.84390152,27.09941292],[33.84252358,27.09867907],[33.84062386,27.10001671],[33.83710122,27.09968817],[33.83398724,27.10092056],[33.83278131,27.10280025],[33.8331089,27.10761011],[33.83078063,27.11002564],[33.82896745,27.1102401],[33.82774007,27.11485016],[33.82769132,27.11599338],[33.82915413,27.12073374],[33.8319633,27.12236595],[33.83088565,27.14093375],[33.83128846,27.14330757],[33.83289027,27.14302301],[33.83146477,27.14466917],[33.83234668,27.15434766],[33.83146715,27.16308594],[33.82813156,27.16343606],[33.82831752,27.16465437],[33.82636654,27.16662157],[33.82823503,27.17257834],[33.82695603,27.17451072],[33.82898426,27.17590582],[33.82900751,27.17843604],[33.82722402,27.17953968],[33.82992184,27.18302298],[33.83390665,27.18439353],[33.83364153,27.18565321],[33.83547938,27.1862843],[33.83446097,27.18912196],[33.84039807,27.19444585],[33.84383917,27.19578517],[33.84609437,27.19522047],[33.84621656,27.19764626],[33.84930515,27.19690037],[33.85197902,27.19981086],[33.85210097,27.20019162],[33.84846985,27.20747304],[33.84721065,27.20775354],[33.84328175,27.21302855],[33.84273994,27.22085941],[33.84070027,27.22448766],[33.8418498,27.22779667],[33.84827876,27.23205256],[33.84912765,27.23410535],[33.85009396,27.23991084],[33.84990835,27.24271727],[33.84975517,27.24318016],[33.84619403,27.24609375],[33.84479618,27.24609375],[33.84250641,27.24693286],[33.83299887,27.25917232],[33.82909846,27.26024282],[33.82378221,27.25968814],[33.82292163,27.26246035],[33.82165265,27.26306164],[33.81805611,27.26179171],[33.80873954,27.26188636],[33.8061167,27.26638722],[33.80321896,27.26704705],[33.80091524,27.26978076],[33.78543735,27.27325153],[33.78218257,27.27553725],[33.78186405,27.27836907],[33.7740941,27.28121865],[33.7730453,27.28429115],[33.77012861,27.28448033],[33.76228964,27.29215407],[33.76058865,27.29315305],[33.7587558,27.29200721],[33.75518048,27.2932837],[33.75307846,27.30148757],[33.75,27.30217636],[33.75,27.30245531],[33.73751307,27.30474365],[33.73601902,27.30583334],[33.72788847,27.30615425],[33.72328508,27.30788708],[33.72178638,27.31307447],[33.71833825,27.31470394],[33.71441495,27.31455481],[33.70719898,27.32774174],[33.70430756,27.3300395],[33.69582856,27.33322322],[33.69262755,27.34133804],[33.69422758,27.3424232],[33.69544566,27.35112572],[33.69019794,27.3548001],[33.68549705,27.35587215],[33.68380094,27.37325335],[33.67876184,27.37061274],[33.67630661,27.37117803],[33.6750741,27.37285626],[33.67552805,27.37737572],[33.67930818,27.37933946],[33.68026805,27.38251507],[33.68123603,27.38179874],[33.68005455,27.37336004],[33.68205392,27.37652266],[33.68470895,27.37683892],[33.68894076,27.38961852],[33.68605685,27.39772916],[33.68673933,27.4002496],[33.68336225,27.40103555],[33.68204558,27.40480351],[33.67847967,27.40927994],[33.67780054,27.41818452],[33.67278183,27.421875],[33.67264354,27.421875],[33.66572535,27.4281255],[33.66462004,27.43304312],[33.66292024,27.43297708],[33.66115844,27.43058074],[33.65999246,27.43110848],[33.65687025,27.43951285],[33.65440524,27.44182467],[33.64382446,27.44846904],[33.64080477,27.44898283],[33.63933277,27.45002735],[33.63682878,27.45248437],[33.63668084,27.45272231],[33.63353097,27.46048546],[33.63196075,27.46110177],[33.62923455,27.46556592],[33.6284281,27.47814548],[33.62544191,27.48730588],[33.62188911,27.49035525],[33.62137473,27.49480414],[33.61581314,27.49813163],[33.60589886,27.4977535],[33.60358775,27.49897635],[33.59821773,27.50846088],[33.59141076,27.51485717],[33.59163082,27.51877093],[33.59053826,27.52014744],[33.5735445,27.52413011],[33.57277107,27.52420986],[33.56459296,27.52268124],[33.56261325,27.52292526],[33.55893993,27.52475941],[33.55824494,27.52578914],[33.55668712,27.53180242],[33.55569911,27.54226375],[33.56013596,27.5531882],[33.56097615,27.56289995],[33.55804098,27.56689048],[33.55749547,27.58494675],[33.55238354,27.58711112],[33.54807627,27.59736526],[33.54811883,27.59765625],[33.54762328,27.59765625],[33.54610014,27.60199046],[33.5375185,27.61369967],[33.52913117,27.62190604],[33.52401984,27.62538505],[33.52206504,27.63011694],[33.51492393,27.63399994],[33.51355112,27.63787496],[33.51314044,27.63808083],[33.50874448,27.63751221],[33.50813651,27.63918245],[33.50128126,27.64193583],[33.49417686,27.64243674],[33.49393427,27.64276135],[33.49289131,27.65058434],[33.49551356,27.65148485],[33.49745297,27.64992225],[33.49860036,27.65499103],[33.5019958,27.66052115],[33.50738192,27.66460061],[33.51240695,27.67084706],[33.5292201,27.68217087],[33.53357792,27.68350637],[33.5400182,27.68089128],[33.53940594,27.67898321],[33.5441004,27.67472351],[33.544456,27.67079043],[33.54906833,27.66927505],[33.55034781,27.66658604],[33.55578482,27.66498947],[33.56118143,27.65924907],[33.56333923,27.65888965],[33.55336452,27.67328215],[33.55667281,27.6751101],[33.55759823,27.67689693],[33.55971575,27.67742205],[33.57052481,27.67011952],[33.57963896,27.66083276],[33.57942081,27.65501595],[33.58460975,27.64891565],[33.58752441,27.64176655],[33.59037793,27.64221764],[33.59187484,27.64124322],[33.59395277,27.64322221],[33.59535801,27.65053022],[33.59491336,27.65279508],[33.59471345,27.6530776],[33.58415091,27.65843284],[33.58368957,27.66081405],[33.58567452,27.66387725],[33.58225906,27.66421115],[33.58057272,27.66776526],[33.57739973,27.6689378],[33.57722795,27.6692059],[33.57742572,27.6779685],[33.57533121,27.68177783],[33.56897354,27.68300533],[33.55858648,27.68278611],[33.54944575,27.68444312],[33.54501212,27.69071257],[33.54678524,27.69325781],[33.54608464,27.69984174],[33.54777706,27.70244873],[33.54598296,27.70333231],[33.54244101,27.7021147],[33.5395509,27.70561266],[33.53778708,27.7060461],[33.53788221,27.71144974],[33.54169655,27.71555102],[33.5438652,27.72268271],[33.55012298,27.72893524],[33.54879785,27.73081243],[33.55681002,27.75053096],[33.55934632,27.7542634],[33.55924976,27.75657487],[33.55802155,27.75659657],[33.55378211,27.76292944],[33.5374279,27.7522099],[33.53605902,27.75257885],[33.52919185,27.74947143],[33.51992393,27.74975276],[33.51937318,27.74996841],[33.51367486,27.76038706],[33.51148915,27.76659167],[33.50799477,27.76685393],[33.50486636,27.76804066],[33.50246894,27.76983821],[33.50230098,27.7734375],[33.50217211,27.7734375],[33.50117815,27.78270924],[33.49629045,27.79013932],[33.49261045,27.79187262],[33.48955882,27.79560471],[33.48957467,27.79844284],[33.47902393,27.79968476],[33.47000265,27.80788732],[33.46976614,27.81240284],[33.47225165,27.82044566],[33.47450924,27.8224076],[33.47729635,27.83105564],[33.47921514,27.83421648],[33.48533177,27.83771265],[33.48581171,27.83783483],[33.48963726,27.83691764],[33.49755096,27.83183372],[33.5058825,27.83134961],[33.50873625,27.83210301],[33.51145565,27.83144188],[33.5119102,27.83110785],[33.51577795,27.82624912],[33.52549923,27.82558811],[33.52834904,27.82136226],[33.54112184,27.81187534],[33.55149782,27.81049871],[33.55458558,27.81551886],[33.55678976,27.81607282],[33.55950093,27.81493485],[33.5622009,27.81147516],[33.56626904,27.80900288],[33.56657815,27.80027676],[33.57083285,27.79649615],[33.57254636,27.78773463],[33.57466626,27.78812563],[33.57660937,27.79166198],[33.57927,27.79317594],[33.58372831,27.79028368],[33.58692372,27.79151666],[33.59221745,27.7894901],[33.58805776,27.79232562],[33.58850348,27.79527163],[33.58332825,27.80213165],[33.58280122,27.80930197],[33.58110237,27.81313896],[33.58473015,27.82025015],[33.58044934,27.83021665],[33.58161676,27.83549511],[33.58508515,27.83575571],[33.58360124,27.84184575],[33.58559716,27.84457457],[33.58487356,27.84731221],[33.57345653,27.85257077],[33.57108402,27.85872722],[33.56226742,27.86777461],[33.55990565,27.87327456],[33.55947566,27.88764107],[33.55691695,27.8931334],[33.54736137,27.9028058],[33.54426575,27.90336895],[33.54162514,27.90586352],[33.53907585,27.90908205],[33.53468215,27.91687918],[33.53434467,27.92252004],[33.53143036,27.92702615],[33.53152156,27.92903781],[33.52218938,27.93530893],[33.51962233,27.94299197],[33.51687574,27.94423115],[33.51226175,27.94921875],[33.51183462,27.94921875],[33.50904262,27.95213377],[33.49537957,27.97103143],[33.49500847,27.97158015],[33.49139452,27.97902823],[33.48337472,27.98828805],[33.47750402,27.99057341],[33.4634763,27.99925804],[33.45197535,28.00245798],[33.45181024,28.00354946],[33.44048464,28.01163805],[33.43706608,28.01784217],[33.43225503,28.02074003],[33.42384601,28.02139163],[33.41997623,28.02525353],[33.42130554,28.02730846],[33.4189043,28.02823126],[33.41651583,28.03233147],[33.41066635,28.03420806],[33.40712476,28.03423595],[33.3984375,28.03292406],[33.38474917,28.03054631],[33.37809265,28.03046346],[33.3776679,28.03059483],[33.37269986,28.03495765],[33.37375522,28.03781724],[33.37077165,28.03944135],[33.36834133,28.03943264],[33.36842978,28.04255021],[33.36661887,28.04441035],[33.36617482,28.04811168],[33.35725677,28.04772675],[33.35409951,28.04964006],[33.35215688,28.04906404],[33.34913862,28.05232155],[33.34147501,28.05224204],[33.33407295,28.06705916],[33.33372116,28.08047104],[33.33555353,28.08453596],[33.32765508,28.09186864],[33.32487524,28.09253645],[33.32177985,28.09554017],[33.31497896,28.09655917],[33.31353641,28.0998435],[33.30451596,28.10703325],[33.30454373,28.10924995],[33.29770911,28.11208296],[33.29725957,28.11249614],[33.29241753,28.11960363],[33.28570068,28.12424696],[33.28567207,28.125],[33.28546905,28.125],[33.28117478,28.12909114],[33.28253901,28.13433218],[33.28130805,28.13787353],[33.28097677,28.13808918],[33.27299535,28.13951588],[33.26794434,28.14225924],[33.26250148,28.14007401],[33.25521553,28.1401484],[33.24927127,28.14294207],[33.24506044,28.14307892],[33.24154174,28.16290712],[33.24356008,28.16781676],[33.24137604,28.17187464],[33.24106681,28.17229116],[33.23491466,28.17705226],[33.22734666,28.18747354],[33.21683264,28.19405961],[33.20822525,28.20689225],[33.20439827,28.21020806],[33.19642258,28.21432233],[33.19355977,28.21725452],[33.18526995,28.21969724],[33.18151736,28.23111868],[33.17501748,28.23667252],[33.17040885,28.23889947],[33.16574883,28.24620116],[33.16231847,28.24841905],[33.16134834,28.25665414],[33.15880203,28.26179051],[33.15737545,28.27075374],[33.15068257,28.27486193],[33.15066648,28.27999425],[33.14549315,28.28014088],[33.14196157,28.28148425],[33.13658655,28.28434718],[33.13167012,28.28973424],[33.12566161,28.29182506],[33.12512445,28.29228318],[33.12483156,28.29310012],[33.12566805,28.30078125],[33.12549305,28.30078125],[33.12480867,28.3059653],[33.12461245,28.30648112],[33.12228525,28.30981946],[33.11417985,28.31541526],[33.11336875,28.31657136],[33.11320972,28.31712174],[33.11278594,28.32452703],[33.11130035,28.32812154],[33.11279714,28.33159625],[33.11148524,28.33333325],[33.11122775,28.34054124],[33.11215794,28.35133195],[33.10864925,28.35786796],[33.09085953,28.36480045],[33.08443224,28.36520457],[33.07829905,28.36905134],[33.07546902,28.37218904],[33.06854176,28.38145363],[33.06849134,28.38549924],[33.06655848,28.38629174],[33.06607962,28.39020407],[33.06335223,28.38946307],[33.06187356,28.39132822],[33.05903947,28.39224994],[33.05468535,28.39944983],[33.05079675,28.40176857],[33.05093575,28.40520704],[33.05047071,28.40620196],[33.046875,28.41071415],[33.046875,28.41127217],[33.04278708,28.41867471],[33.04272032,28.42284334],[33.03910184,28.43266904],[33.02854824,28.44738197],[33.02330053,28.46309006],[33.00494027,28.47385764],[33.00217664,28.4765625],[33.00185966,28.4765625],[33.00180686,28.47639513],[33.00170124,28.47633934],[33.00159562,28.47639513],[33.00154281,28.4765625],[33.00150192,28.4765625],[32.99908876,28.48190022],[32.99808538,28.48593044],[32.99808896,28.48621118],[32.99921918,28.48769414],[32.99827862,28.48986578],[32.9978497,28.49017084],[32.99220252,28.49182701],[32.98287487,28.49137855],[32.98125446,28.49352705],[32.97742546,28.49313545],[32.97686493,28.49397612],[32.97855616,28.49725926],[32.97572517,28.49447083],[32.97432625,28.49478495],[32.97399604,28.4950875],[32.97005665,28.50072741],[32.97161162,28.50403392],[32.96962452,28.50206125],[32.96923018,28.50356221],[32.96631944,28.50544548],[32.96427953,28.50987256],[32.96470654,28.51304913],[32.96748221,28.51617014],[32.96970356,28.51445258],[32.96801484,28.51781976],[32.96696544,28.51828682],[32.96612763,28.51671457],[32.96009791,28.51649344],[32.95293105,28.52115464],[32.94918168,28.5249685],[32.94762445,28.52979744],[32.93959606,28.54222774],[32.93304122,28.54528368],[32.93396962,28.5475322],[32.93038666,28.55164742],[32.92608833,28.55407202],[32.91347814,28.55664766],[32.90988982,28.55843782],[32.90156794,28.55819881],[32.89222777,28.56213951],[32.88584423,28.56215024],[32.88502204,28.56427455],[32.88294017,28.56552815],[32.86855114,28.57142818],[32.86812985,28.57194972],[32.86450076,28.57752752],[32.86820471,28.58389795],[32.86820388,28.5896883],[32.86541605,28.60199285],[32.86319101,28.62374842],[32.86186254,28.62429845],[32.86185861,28.62765396],[32.85876966,28.63476264],[32.85843551,28.64043164],[32.85708416,28.64376807],[32.85436165,28.64625192],[32.85427713,28.65234375],[32.85456455,28.65234375],[32.85460496,28.65332377],[32.85159647,28.65519977],[32.84633684,28.65745485],[32.84625804,28.66156805],[32.84382045,28.66356981],[32.84367788,28.66396737],[32.84280336,28.66922426],[32.84311581,28.67759323],[32.84516954,28.67897046],[32.83902264,28.69211185],[32.83916366,28.6980319],[32.83528066,28.69962776],[32.82919455,28.71034014],[32.82903147,28.71095085],[32.82872045,28.7210716],[32.83202565,28.72986054],[32.82777083,28.73453104],[32.82442164,28.73618126],[32.81997156,28.74473321],[32.81688726,28.75617194],[32.81333554,28.76420808],[32.80370557,28.78194737],[32.79713798,28.78874135],[32.78612733,28.79527736],[32.77363086,28.79907775],[32.75680375,28.80075026],[32.75619864,28.80107367],[32.7496891,28.80541372],[32.74851084,28.80826676],[32.74448073,28.81001806],[32.74239481,28.81184363],[32.74080956,28.81349194],[32.73658586,28.81875467],[32.73636162,28.81915414],[32.73377454,28.828125],[32.73384416,28.828125],[32.73264396,28.83139765],[32.72553146,28.84416628],[32.71725595,28.84988546],[32.70685935,28.85399485],[32.70132601,28.86114323],[32.6953125,28.86495531],[32.6953125,28.86523426],[32.69007897,28.86892426],[32.69142044,28.87058222],[32.68920612,28.87709308],[32.68088984,28.88511026],[32.68223333,28.89534235],[32.67943394,28.89728415],[32.67528462,28.90782857],[32.67249107,28.91974998],[32.66755521,28.92693305],[32.66343427,28.93758762],[32.64907944,28.95070875],[32.64137936,28.95974886],[32.63338423,28.96660936],[32.63193703,28.96670616],[32.6221143,28.98320246],[32.62079644,28.98981583],[32.62270725,29.00390625],[32.62289441,29.00390625],[32.62310636,29.01219857],[32.62548065,29.02113795],[32.63149798,29.02861965],[32.63049221,29.0394479],[32.62324715,29.04810572],[32.6277225,29.04918432],[32.62323523,29.04915011],[32.62295926,29.04943788],[32.62302816,29.04998124],[32.62516141,29.05459178],[32.63237715,29.06211543],[32.63878167,29.06389225],[32.64120793,29.06366265],[32.64261723,29.06179261],[32.64316976,29.06393135],[32.64094543,29.06581271],[32.64138734,29.06772113],[32.64178884,29.06828797],[32.64552331,29.06995606],[32.65121675,29.07503486],[32.65343595,29.07634008],[32.65384781,29.07641327],[32.65469527,29.07564425],[32.65578544,29.07801116],[32.66166222,29.08267927],[32.66736412,29.0983901],[32.6674571,29.09912336],[32.66563773,29.10485995],[32.66621244,29.11129522],[32.66580248,29.11160493],[32.66606045,29.11185682],[32.66582084,29.11235332],[32.66332471,29.11618793],[32.65919578,29.11899447],[32.66011941,29.12156224],[32.65827227,29.12642062],[32.65555227,29.12654495],[32.65486014,29.12825835],[32.65168643,29.12893677],[32.65196896,29.13680065],[32.64994836,29.14075744],[32.65152311,29.14333355],[32.6492753,29.14550078],[32.64933765,29.14997363],[32.64695466,29.15350854],[32.64825332,29.15541267],[32.64751196,29.15856302],[32.64940953,29.16055191],[32.64641345,29.16423845],[32.64551127,29.16785085],[32.64788544,29.17005765],[32.6476289,29.17270315],[32.64967346,29.17347026],[32.64809263,29.17441797],[32.64823306,29.17601216],[32.64797056,29.17617464],[32.64348865,29.17703235],[32.64267385,29.1796875],[32.64044034,29.18028724],[32.64155734,29.18658757],[32.63875008,29.19214535],[32.63864994,29.19491434],[32.63753784,29.19693732],[32.63195801,29.20191336],[32.62820125,29.20297217],[32.62807405,29.20701086],[32.63128996,29.20377076],[32.63296056,29.20484745],[32.62956774,29.21162725],[32.62931466,29.21465886],[32.62737358,29.21575415],[32.62865734,29.21830273],[32.62508822,29.22211993],[32.62508285,29.22264171],[32.62750864,29.22550845],[32.62864172,29.23032045],[32.62692797,29.23284435],[32.62996864,29.23359334],[32.63152206,29.23764491],[32.62727892,29.24374855],[32.62689197,29.24856424],[32.62514794,29.24952126],[32.62490666,29.25126052],[32.62220633,29.25068164],[32.62306654,29.25174844],[32.61833155,29.25454986],[32.61701763,29.25745571],[32.61699474,29.26179755],[32.61801934,29.2633816],[32.61966133,29.26350546],[32.61955583,29.26659656],[32.61727226,29.26829362],[32.61727798,29.27115095],[32.60677063,29.27778852],[32.60618091,29.28583002],[32.60693276,29.28729677],[32.61051512,29.28883862],[32.61077178,29.29061794],[32.60889018,29.29317725],[32.6072098,29.29345727],[32.60192645,29.30295396],[32.60287476,29.30501437],[32.60145473,29.30967474],[32.60246885,29.31305254],[32.59710968,29.33124375],[32.59398234,29.33584201],[32.59488475,29.34124446],[32.59474278,29.34165132],[32.59289825,29.34504211],[32.59067667,29.34706128],[32.58591545,29.34934723],[32.58572865,29.34957683],[32.58249295,29.35546875],[32.58260763,29.35546875],[32.5813359,29.35758352],[32.58045912,29.36314166],[32.57784104,29.36409926],[32.57667923,29.36212826],[32.57348251,29.36607862],[32.57275212,29.36971867],[32.57440615,29.37373531],[32.57426143,29.37397921],[32.5693953,29.3779],[32.56658554,29.38373947],[32.56060326,29.38579214],[32.55366886,29.3914988],[32.55166125,29.39478147],[32.54294145,29.39941311],[32.54243624,29.40174305],[32.53314543,29.40695322],[32.52869821,29.411731],[32.51685596,29.41581345],[32.51506877,29.41955185],[32.50612807,29.42203331],[32.50016475,29.42919815],[32.50124681,29.43180215],[32.50032341,29.4384948],[32.49425507,29.44194198],[32.48851776,29.44272685],[32.48514116,29.44524896],[32.48299921,29.44412661],[32.48003745,29.44625437],[32.47709751,29.45155466],[32.47778594,29.45449245],[32.47744214,29.45516956],[32.47481525,29.45644546],[32.47402394,29.45880747],[32.47134352,29.46090805],[32.46504915,29.46427762],[32.46051681,29.469365],[32.45978141,29.46986115],[32.45139134,29.47356463],[32.44809556,29.48344314],[32.44593453,29.48606396],[32.44433963,29.48740613],[32.43291903,29.49081194],[32.43252623,29.49101603],[32.43084896,29.49321878],[32.41504276,29.50370157],[32.39892673,29.51070595],[32.39508498,29.5147804],[32.39372778,29.51901317],[32.38748932,29.52177656],[32.38153791,29.52613366],[32.37961066,29.53125],[32.37935531,29.53125],[32.37302065,29.53524125],[32.37350285,29.53885794],[32.37226391,29.54199207],[32.36574018,29.54975414],[32.36393154,29.55423701],[32.3618381,29.55558515],[32.36159742,29.55613494],[32.36235285,29.56502485],[32.35682476,29.57147265],[32.35173714,29.58049405],[32.34810162,29.58303237],[32.34375,29.58816957],[32.34375,29.58844864],[32.34288943,29.59017575],[32.3428539,29.59085262],[32.34286785,29.59406877],[32.34358954,29.59486604],[32.34375,29.59486604],[32.34375,29.59598207],[32.34470606,29.59633172],[32.34689212,29.60375893],[32.34719896,29.6042912],[32.35629332,29.61727357],[32.35999823,29.62054718],[32.36598742,29.63130236],[32.36495304,29.64298511],[32.37210596,29.64355457],[32.36500335,29.64412153],[32.36349177,29.64604378],[32.36059272,29.64592552],[32.35806227,29.64391434],[32.35475743,29.64386106],[32.35393167,29.64878213],[32.35379791,29.64912915],[32.35094738,29.65370715],[32.35088384,29.65422475],[32.35144377,29.65564156],[32.35236156,29.65538037],[32.35599911,29.65009665],[32.36192965,29.64840424],[32.36407447,29.64981067],[32.37057424,29.64991236],[32.36375105,29.65053165],[32.36304843,29.65610611],[32.3645395,29.65773392],[32.36399591,29.66057575],[32.36566818,29.66289592],[32.36407411,29.66475976],[32.36500156,29.66607094],[32.36447585,29.66860116],[32.36238885,29.67092335],[32.36071682,29.67787147],[32.36223495,29.67913234],[32.36392665,29.67768824],[32.36554158,29.68074358],[32.3638103,29.68237543],[32.36636651,29.68187726],[32.36729896,29.68829715],[32.37519181,29.69752407],[32.38154137,29.70268524],[32.38230824,29.70380926],[32.38320446,29.70703125],[32.3832767,29.70703125],[32.38826287,29.71377993],[32.39186692,29.72572982],[32.40950024,29.75097632],[32.41281712,29.75399005],[32.42031515,29.76814985],[32.43022692,29.77852631],[32.43661678,29.78342473],[32.44053495,29.78885973],[32.45472682,29.79953337],[32.46860528,29.80695677],[32.47372818,29.8114351],[32.47698045,29.81606746],[32.48575521,29.82240033],[32.48743045,29.83072054],[32.49222016,29.83722568],[32.49732161,29.84081817],[32.49794185,29.84403253],[32.50086534,29.84617925],[32.50738692,29.85587311],[32.50757158,29.85627162],[32.50867271,29.85942841],[32.50807846,29.8634932],[32.49945712,29.86062586],[32.49556732,29.86142266],[32.49273992,29.8645575],[32.49007654,29.86548317],[32.48714435,29.86505604],[32.48425055,29.86277163],[32.47883725,29.86340451],[32.47498894,29.86809993],[32.47521067,29.87430203],[32.47978687,29.87287176],[32.48079634,29.87457252],[32.47813165,29.87583303],[32.47325611,29.8828125],[32.47317135,29.8828125],[32.47092652,29.88723695],[32.46829426,29.8867743],[32.46528554,29.88862395],[32.46270823,29.88839281],[32.45970094,29.89165211],[32.45982206,29.89474988],[32.46533024,29.89816225],[32.465608,29.90087211],[32.46738172,29.90041065],[32.46584165,29.90407336],[32.46610677,29.90624523],[32.46773565,29.90760636],[32.46725845,29.91084075],[32.47117901,29.91237807],[32.46968746,29.91363704],[32.4712584,29.91809261],[32.47504985,29.92205095],[32.47544265,29.92970216],[32.48154616,29.93182802],[32.47733355,29.9345504],[32.47705758,29.93598533],[32.48145735,29.94054985],[32.48955107,29.94489825],[32.49263251,29.94620442],[32.49688327,29.94750226],[32.50049496,29.94758284],[32.50155532,29.94881988],[32.51506364,29.95352852],[32.51628673,29.95379961],[32.52546072,29.95423424],[32.52770054,29.95309508],[32.53186905,29.94893575],[32.536309,29.94159007],[32.53995061,29.94033956],[32.53297925,29.95006251],[32.53405464,29.95393014],[32.53599596,29.95475173],[32.54361105,29.95395541],[32.54866087,29.95681036],[32.55909622,29.95931435],[32.56417525,29.95441353],[32.56676531,29.94878137],[32.55514276,29.94069993],[32.5565387,29.93806744],[32.55836296,29.93903065],[32.55867624,29.93730891],[32.56435776,29.93850875],[32.55644751,29.93579602],[32.55602682,29.93238127],[32.55667567,29.93194151],[32.55724466,29.93192065],[32.55801737,29.93469214],[32.55830681,29.93501353],[32.55975795,29.93342376],[32.56253016,29.93477118],[32.56422353,29.93405426],[32.57069111,29.93953705],[32.57343805,29.94658303],[32.57280922,29.95194554],[32.57442868,29.95194817],[32.57542658,29.95064747],[32.57510507,29.94672811],[32.57702661,29.94657898],[32.58144224,29.9541198],[32.58429861,29.96275628],[32.58520782,29.96749425],[32.58576226,29.97454453],[32.58446598,29.98661196],[32.57687068,30.02106655],[32.57648122,30.03049755],[32.57461762,30.03557146],[32.57455063,30.04107964],[32.57236505,30.04709733],[32.57107675,30.05626011],[32.57104206,30.05859375],[32.57125056,30.05859375],[32.57004476,30.06279886],[32.56859398,30.16007257],[32.56702805,30.17127502],[32.56492293,30.172472],[32.56384826,30.1760993],[32.56345451,30.19080985],[32.56100333,30.19401956],[32.56097937,30.19735575],[32.55741775,30.19996703],[32.55300891,30.19951832],[32.55012596,30.20142007],[32.5468564,30.20179904],[32.53689015,30.19789517],[32.53459954,30.20547128],[32.53508186,30.21088314],[32.53695464,30.21216154],[32.53840733,30.21127021],[32.53995013,30.20682681],[32.53973973,30.21258104],[32.54234517,30.21383095],[32.53932238,30.21626782],[32.53544104,30.22278607],[32.53347981,30.22025192],[32.53566635,30.21826673],[32.53647554,30.21559966],[32.53370702,30.21490693],[32.52757204,30.21728313],[32.51808107,30.22419083],[32.51883221,30.23040843],[32.51951766,30.23115516],[32.52141833,30.22965646],[32.52144933,30.23204458],[32.52443433,30.23356926],[32.524526,30.234375],[32.52407444,30.23438537],[32.52416492,30.236045],[32.52513623,30.23772764],[32.52542591,30.23922551],[32.52529836,30.24116087],[32.52419806,30.24471736],[32.52377856,30.24509525],[32.51468956,30.24838376],[32.50669765,30.25315893],[32.50096142,30.25443494],[32.50062501,30.25671196],[32.50266325,30.25895941],[32.50254083,30.26045334],[32.50084984,30.26032054],[32.49738252,30.25627005],[32.48445654,30.25887573],[32.48073924,30.26146972],[32.47646737,30.26085174],[32.47209024,30.25866091],[32.46144056,30.26300895],[32.46181715,30.26153994],[32.46611571,30.25833225],[32.47592282,30.25425112],[32.47625256,30.25244737],[32.47296572,30.24599576],[32.47295678,30.24146915],[32.47257602,30.24098372],[32.46684706,30.23664045],[32.45640635,30.23160625],[32.45030081,30.23152113],[32.44622195,30.234375],[32.44296157,30.23473012],[32.44062364,30.23302126],[32.43887246,30.23514974],[32.43499434,30.23511922],[32.43146324,30.23838794],[32.4313122,30.23871458],[32.43002904,30.24373472],[32.42971265,30.24770975],[32.43052745,30.24987078],[32.42697632,30.25827062],[32.41874063,30.26504123],[32.40804362,30.27083242],[32.40739405,30.27246296],[32.40928113,30.27476013],[32.40684736,30.27776146],[32.40138471,30.2786684],[32.39580441,30.27685881],[32.38715446,30.28103495],[32.38126123,30.28233647],[32.37587094,30.28244925],[32.36913764,30.28420413],[32.36877775,30.28346026],[32.36328125,30.28348207],[32.34959614,30.28435862],[32.34806454,30.28737891],[32.34375,30.28878343],[32.34375,30.2890625],[32.33862603,30.29511511],[32.33439744,30.30122316],[32.33209515,30.30890656],[32.32584775,30.31705093],[32.32553422,30.31741822],[32.32021534,30.32104754],[32.31612933,30.32715785],[32.31419837,30.32717645],[32.31094325,30.32961905],[32.31059802,30.33107746],[32.30564582,30.33388603],[32.30521286,30.33829176],[32.3030287,30.34116018],[32.30219984,30.35135067],[32.30343401,30.36002493],[32.30512905,30.36251855],[32.30752325,30.37466145],[32.30941725,30.37553656],[32.30947304,30.37608933],[32.3075335,30.38186526],[32.30613661,30.3831048],[32.30601394,30.38847995],[32.30812585,30.39496052],[32.30985284,30.39602792],[32.30985916,30.39889407],[32.31358635,30.40178883],[32.31701171,30.40215135],[32.31714678,30.4044646],[32.31748414,30.40483618],[32.31839645,30.40526605],[32.32081187,30.40618265],[32.32759917,30.40702367],[32.33165371,30.40878654],[32.34375,30.40569186],[32.3476572,30.40941024],[32.34891534,30.41015625],[32.34957147,30.41015625],[32.35224855,30.41276121],[32.35331094,30.41324592],[32.35457313,30.41345787],[32.35530233,30.41337693],[32.35686791,30.41183722],[32.35729551,30.41231084],[32.35726964,30.4130069],[32.34375,30.47544634],[32.34375,30.47795761],[32.34358406,30.47785163],[32.33849764,30.50486624],[32.3376826,30.50863671],[32.33538866,30.51467764],[32.2994318,30.55815577],[32.29670048,30.55734468],[32.29757321,30.5547595],[32.30335295,30.55181241],[32.3034718,30.55083251],[32.29890645,30.5511198],[32.29395747,30.54942644],[32.29118395,30.5505408],[32.28916085,30.55340433],[32.28931344,30.55514288],[32.29056847,30.55608451],[32.29157805,30.55510044],[32.29410756,30.55688381],[32.29024458,30.55981541],[32.29133642,30.56259072],[32.29047334,30.56463206],[32.28479207,30.56837022],[32.28275704,30.57135165],[32.27700651,30.57422924],[32.27679706,30.57441235],[32.27070725,30.58149445],[32.27043402,30.58250284],[32.27119207,30.58472645],[32.27506042,30.58343697],[32.27932131,30.58458114],[32.27893722,30.58599854],[32.27878535,30.58627546],[32.28192842,30.58769655],[32.2839092,30.58702815],[32.28445423,30.5859375],[32.28525925,30.58489871],[32.29409027,30.58445692],[32.29615915,30.58327675],[32.29955852,30.58555114],[32.29976416,30.5859375],[32.29781365,30.58662415],[32.30039573,30.58823955],[32.30022693,30.59070647],[32.30341625,30.59051812],[32.30154181,30.58859205],[32.30473077,30.58713913],[32.30754685,30.58884442],[32.30771864,30.58913517],[32.31193304,30.60021091],[32.32001865,30.6120069],[32.32427454,30.62183416],[32.33982754,30.68714154],[32.34269381,30.70612693],[32.3379724,30.72370541],[32.33047175,30.73327303],[32.32253671,30.74692404],[32.31944835,30.76171875],[32.31940353,30.76171875],[32.31391966,30.78938127],[32.31671381,30.81614721],[32.31226194,30.9375],[32.31220365,30.9375],[32.31187844,30.93931365],[32.30628026,31.11328125],[32.30617833,31.11612725],[32.30212605,31.22913337],[32.30329061,31.23457837],[32.30237114,31.23813724],[32.30496597,31.24001563],[32.30309296,31.24574065],[32.30495381,31.25239646],[32.30235577,31.25446975],[32.30241251,31.25476503],[32.30901551,31.25629926],[32.30941343,31.25656664],[32.31159461,31.25904155],[32.31732655,31.26620317],[32.31744337,31.26695752],[32.31936824,31.27079725],[32.32351184,31.27416742],[32.32385361,31.27455854],[32.32530236,31.27772903],[32.32838321,31.27997828],[32.33558917,31.2890625],[32.34269655,31.29811955],[32.34294915,31.29847646],[32.34196651,31.29977655],[32.33364952,31.2890625],[32.33031106,31.28394568],[32.32285285,31.27527142],[32.32086611,31.27370751],[32.31401706,31.27292633],[32.31181395,31.27292633],[32.27436984,31.27683973],[32.26541126,31.27838922],[32.24417794,31.28129447],[32.2233541,31.28565061],[32.21866512,31.287588],[32.21572375,31.2872436],[32.21203136,31.28827894],[32.21219957,31.2890625],[32.21225691,31.28948236],[32.20808375,31.29136264],[32.19748044,31.29382527],[32.19288635,31.29601061],[32.18935442,31.29569995],[32.18863368,31.29605401],[32.18381608,31.29885161],[32.18016767,31.30336964],[32.17515123,31.3047266],[32.16806555,31.31048834],[32.15542126,31.31749892],[32.15388596,31.31963158],[32.14304352,31.32584155],[32.14028776,31.32848835],[32.11551464,31.33986914],[32.10815954,31.34436524],[32.09210265,31.34968317],[32.08611035,31.35388863],[32.08014882,31.35595214],[32.06847537,31.36278045],[32.05932605,31.36879981],[32.03239286,31.38816762],[32.01838708,31.40037394],[32.00668764,31.40830433],[32.00103474,31.41508424],[31.99811542,31.41944385],[31.99423361,31.42875254],[31.99402392,31.42904353],[31.9921875,31.43052447],[31.9921875,31.43080354],[31.99210787,31.43080354],[31.98555887,31.43614495],[31.97969937,31.44380832],[31.97757947,31.44984674],[31.97846866,31.45975244],[31.97569168,31.45007014],[31.97430897,31.45525324],[31.97207355,31.45684981],[31.96691906,31.46429145],[31.96672606,31.46484375],[31.96667874,31.46484375],[31.95921957,31.48708308],[31.9556967,31.49301147],[31.95502961,31.49689007],[31.95533204,31.49737406],[31.95721734,31.49839914],[31.95871437,31.49792671],[31.96366787,31.49225783],[31.96749628,31.49107134],[31.97117102,31.48797572],[31.97465706,31.47975051],[31.97485697,31.47498512],[31.97663915,31.47462678],[31.97693241,31.47740066],[31.97438312,31.48455524],[31.97454715,31.48583567],[31.97513711,31.48531425],[31.97909605,31.47358775],[31.97910595,31.46484375],[31.97893417,31.46097243],[31.97976005,31.46484375],[31.98008704,31.47195876],[31.97972548,31.47634375],[31.97830904,31.48265949],[31.97809041,31.48363435],[31.97943306,31.48310065],[31.98088777,31.47887981],[31.98316753,31.47953045],[31.98509121,31.47315514],[31.98553515,31.47543073],[31.98637652,31.47361457],[31.98737574,31.47452974],[31.99033654,31.46853817],[31.99048126,31.46784115],[31.9895761,31.46484375],[31.98860824,31.46251011],[31.99022925,31.46224785],[31.99153328,31.46484375],[31.99153328,31.46498323],[31.99169695,31.46512282],[31.9921875,31.46512282],[31.99235106,31.46512282],[31.99251437,31.46498323],[31.99251437,31.46484375],[31.99251378,31.46275115],[31.9921875,31.46261156],[31.9921875,31.46177447],[31.98957956,31.45916677],[31.99172854,31.45891225],[31.9921875,31.45758915],[31.98880351,31.45323443],[31.98861921,31.45234406],[31.98915768,31.45217562],[31.9921875,31.453125],[31.9921875,31.45340395],[31.99609625,31.45887601],[31.99512517,31.46484375],[31.99480367,31.46484375],[31.9921875,31.47377217],[31.9921875,31.47433031],[31.98676515,31.48169994],[31.96877796,31.49249802],[31.96578121,31.49429703],[31.95267676,31.50724432],[31.94619882,31.51364458],[31.93362296,31.52102101],[31.92871213,31.52323174],[31.92327893,31.52492154],[31.92102539,31.52504822],[31.91936851,31.52514136],[31.89796197,31.52396536],[31.88877535,31.52313387],[31.88310206,31.52166462],[31.86878586,31.52327514],[31.86181736,31.52194583],[31.84745133,31.52403545],[31.84515667,31.52647281],[31.84500205,31.52643335],[31.84459106,31.52643335],[31.84455955,31.52643335],[31.84401667,31.52651882],[31.84397352,31.52653646],[31.84367144,31.52711403],[31.84105849,31.5250625],[31.83318305,31.51887918],[31.82000506,31.51218498],[31.80567944,31.50261033],[31.77000308,31.48722506],[31.7638514,31.48673415],[31.76224852,31.48842156],[31.76425445,31.48219502],[31.75964284,31.47996175],[31.7576071,31.47626805],[31.75944436,31.47084784],[31.75980628,31.47048521],[31.76246166,31.46805203],[31.76804376,31.46643281],[31.76830697,31.46612],[31.76825821,31.46484375],[31.76816845,31.46484375],[31.76574481,31.45933211],[31.76736271,31.45685196],[31.77132463,31.45423305],[31.77163315,31.45379913],[31.77165842,31.45235443],[31.77088678,31.45177805],[31.77049136,31.45179427],[31.76795125,31.45275664],[31.75682771,31.46340835],[31.75292194,31.46235943],[31.74964404,31.46442831],[31.74965167,31.46484375],[31.74952745,31.46484375],[31.75341737,31.47563755],[31.75353646,31.48120737],[31.75628366,31.4921648],[31.75637734,31.49253845],[31.75530088,31.49205351],[31.75518677,31.49173915],[31.75203967,31.48306894],[31.75170171,31.48290062],[31.73598456,31.47826505],[31.73233664,31.47621667],[31.71922636,31.47268558],[31.71135461,31.47159743],[31.69831872,31.46754074],[31.68378615,31.46470058],[31.640625,31.45452011],[31.63915241,31.45464385],[31.63559043,31.45286906],[31.61379447,31.44915317],[31.5965623,31.44621535],[31.58585584,31.44439006],[31.58271802,31.44496071],[31.57778764,31.44363844],[31.56739438,31.44416702],[31.56571567,31.44370115],[31.56313157,31.44256854],[31.55985475,31.44442928],[31.55929327,31.4443742],[31.55964053,31.44315827],[31.55851996,31.44263732],[31.55628324,31.44475281],[31.55002463,31.44406605],[31.54554224,31.44565427],[31.54292345,31.44507861],[31.53240526,31.44704556],[31.50772285,31.45679772],[31.50300646,31.459571],[31.49993122,31.45903826],[31.49595284,31.46130395],[31.49068975,31.46209156],[31.48448706,31.46472311],[31.4734416,31.47104621],[31.44875646,31.48093605],[31.44681275,31.48191261],[31.42822516,31.49242806],[31.40260935,31.50440776],[31.39026725,31.51250863],[31.37188196,31.51909626],[31.36390662,31.52301335],[31.36257684,31.52465653],[31.35679626,31.52684796],[31.33288121,31.53769851],[31.32453301,31.54238732],[31.32262313,31.54346001],[31.30674476,31.54867609],[31.29280615,31.55325496],[31.29084788,31.5542962],[31.2890625,31.55524552],[31.27886117,31.55938518],[31.26956964,31.56228805],[31.26598465,31.56330752],[31.26319405,31.56379353],[31.25426543,31.56534851],[31.23555887,31.57139897],[31.21471882,31.57464707],[31.20702136,31.57912362],[31.20300508,31.57955325],[31.19051063,31.58395064],[31.17925012,31.58476925],[31.13762462,31.59361994],[31.12784994,31.59763718],[31.12756009,31.59801938],[31.12620854,31.59980154],[31.12404275,31.59925032],[31.12303627,31.60021973],[31.10431933,31.60264826],[31.07644105,31.60264862],[31.06618822,31.60128343],[31.06073141,31.60176921],[31.05553973,31.60020316],[31.05079627,31.60186994],[31.03847786,31.6],[31.03453815,31.59940195],[31.012573,31.5939728],[31.01199925,31.59381783],[30.99687481,31.58835471],[30.99350095,31.58892691],[30.99265611,31.58731461],[30.98130894,31.58702028],[30.97954094,31.58611965],[30.97821854,31.58694615],[30.97718954,31.58758926],[30.97084645,31.58502587],[30.96350944,31.58206081],[30.95638997,31.58126026],[30.95600462,31.58121693],[30.95591116,31.58113554],[30.95240247,31.57808006],[30.94932365,31.57850277],[30.94356382,31.57650745],[30.9375,31.57254457],[30.93700945,31.57226562],[30.92865145,31.57209957],[30.92639077,31.57033801],[30.91931665,31.56829131],[30.90464997,31.56563616],[30.89954555,31.56383562],[30.89860928,31.56195283],[30.89384747,31.56167114],[30.88158965,31.55742955],[30.87915087,31.55828977],[30.87729943,31.55674577],[30.85749447,31.55404556],[30.85420871,31.55186737],[30.84971845,31.55244911],[30.83827865,31.54725003],[30.83711123,31.54826427],[30.83559883,31.54647374],[30.83370161,31.54712975],[30.83273304,31.54549801],[30.82404554,31.54489434],[30.82346964,31.54474056],[30.81450856,31.54153204],[30.81373668,31.54026055],[30.81269014,31.54098904],[30.80967605,31.54015148],[30.80719352,31.53811002],[30.80406797,31.53791857],[30.80061293,31.53585136],[30.79756796,31.53508735],[30.79465163,31.53570795],[30.79392171,31.53544164],[30.79318476,31.53498065],[30.79334044,31.53349662],[30.78928196,31.53368711],[30.78887856,31.53357041],[30.78746021,31.53303278],[30.78700662,31.53140902],[30.78455341,31.53202498],[30.77888894,31.5302726],[30.77518105,31.52871621],[30.7751801,31.52757907],[30.76893795,31.52610016],[30.76904416,31.52474666],[30.76709342,31.52556682],[30.75452387,31.52064717],[30.74609983,31.51982558],[30.73831165,31.51563334],[30.73000777,31.51435137],[30.71255243,31.50675786],[30.70941627,31.50608611],[30.70804036,31.50716376],[30.69631183,31.50251114],[30.69296765,31.50246727],[30.68137121,31.49838781],[30.68154085,31.49934626],[30.68001032,31.49941218],[30.67912483,31.49768066],[30.67874467,31.49750805],[30.67502844,31.49628127],[30.67462325,31.4961555],[30.67209244,31.49687195],[30.67128623,31.49505925],[30.66881001,31.49609566],[30.66819441,31.49591696],[30.66627634,31.49392223],[30.6638149,31.49422824],[30.65585172,31.49097407],[30.65349627,31.49144244],[30.65151405,31.48920214],[30.63809025,31.4855206],[30.62457824,31.48217773],[30.62272155,31.48337805],[30.62234676,31.48136067],[30.62067091,31.48239994],[30.62000954,31.48069251],[30.61890995,31.48126554],[30.6146214,31.47927976],[30.61181295,31.4801898],[30.60864985,31.47828925],[30.60146451,31.47830296],[30.60082185,31.4763267],[30.59984756,31.47604036],[30.59790826,31.47579885],[30.5908184,31.47666156],[30.59017623,31.47651613],[30.58775616,31.4756639],[30.58778965,31.47396255],[30.5859375,31.47405136],[30.57295036,31.46961558],[30.56571794,31.46770835],[30.56738865,31.46929145],[30.55797696,31.46816325],[30.54908502,31.46470058],[30.54820645,31.46435607],[30.53838611,31.46186721],[30.53455651,31.46205032],[30.53334987,31.46078873],[30.51913714,31.45761883],[30.51054943,31.45783865],[30.4958086,31.45566583],[30.48165966,31.45760296],[30.46725714,31.45957482],[30.46173167,31.46258211],[30.45487913,31.46309399],[30.44973564,31.46347821],[30.44263566,31.46484375],[30.44073403,31.46484375],[30.43723345,31.46588182],[30.43604851,31.46639335],[30.43073273,31.47038686],[30.42190504,31.47299361],[30.42098784,31.47476184],[30.41020703,31.47276866],[30.40859556,31.47484994],[30.40165997,31.47626281],[30.40122294,31.47626674],[30.40014875,31.4747473],[30.40132701,31.4738481],[30.40224195,31.47514451],[30.40810728,31.47094655],[30.40756142,31.46856916],[30.41326046,31.46557772],[30.41551304,31.46275854],[30.41374624,31.4622184],[30.40539706,31.46484375],[30.39636946,31.47361171],[30.39588201,31.47272694],[30.39936686,31.46974683],[30.40001607,31.46679068],[30.40281165,31.46484375],[30.40310705,31.46248186],[30.39926267,31.46279883],[30.39758873,31.46484375],[30.38899374,31.46883857],[30.38306654,31.46786761],[30.38023245,31.46484375],[30.38133585,31.46356964],[30.38040125,31.4618659],[30.37738585,31.46151507],[30.37682295,31.46334827],[30.37351727,31.46459782],[30.37313902,31.46579552],[30.37551355,31.47779405],[30.3872565,31.48011744],[30.39324224,31.47898114],[30.39373434,31.4803158],[30.39294207,31.48228443],[30.39157617,31.48323464],[30.39069664,31.48329186],[30.38816381,31.48185265],[30.37566864,31.47971833],[30.37531507,31.47958243],[30.36868155,31.47515547],[30.36462498,31.47030795],[30.36707377,31.46626151],[30.36876917,31.46484375],[30.36918962,31.46484375],[30.37102425,31.46390903],[30.38597035,31.44430232],[30.39170551,31.44245446],[30.39785242,31.44359863],[30.40651393,31.44305074],[30.42103457,31.43914497],[30.42877531,31.43157113],[30.43280876,31.42087626],[30.43280828,31.41373718],[30.42721832,31.38771641],[30.42279947,31.38025868],[30.42619181,31.37699544],[30.42889321,31.37674844],[30.43561876,31.3767035],[30.44313395,31.37995625],[30.4488039,31.37793005],[30.45337105,31.37011576],[30.45728326,31.3470906],[30.46103752,31.33714581],[30.46134734,31.33687425],[30.46402335,31.33684182],[30.47569954,31.34812856],[30.48489583,31.34892464],[30.49264896,31.34668565],[30.50129521,31.34168935],[30.51425135,31.33368862],[30.52224648,31.3263334],[30.52224946,31.30567706],[30.52036011,31.29856026],[30.52032554,31.28948104],[30.52199161,31.28206873],[30.51975906,31.27056324],[30.51857293,31.26725531],[30.51219654,31.25961804],[30.50161004,31.2507621],[30.49734807,31.24231827],[30.49733055,31.23877025],[30.49805665,31.23693383],[30.4995265,31.23733914],[30.50133455,31.23614371],[30.50498831,31.22995317],[30.50855362,31.22826695],[30.51470757,31.22826362],[30.51909387,31.23022723],[30.52459276,31.22971904],[30.52582407,31.22874713],[30.52721596,31.22477424],[30.52231872,31.20895612],[30.52229774,31.20089841],[30.52749693,31.19665515],[30.53469658,31.19309187],[30.54055583,31.19269896],[30.54599595,31.19460034],[30.55048001,31.1976099],[30.55344653,31.20179951],[30.55392945,31.20781827],[30.55586123,31.20873284],[30.55689573,31.20855594],[30.57305336,31.19735515],[30.58127522,31.19317114],[30.58180285,31.19278133],[30.59028852,31.18215001],[30.59143782,31.18138254],[30.59615731,31.17879188],[30.60846686,31.17455876],[30.61552191,31.16395962],[30.61964035,31.14935231],[30.62145221,31.14662385],[30.63300574,31.13690066],[30.63440454,31.1385498],[30.64234185,31.12657464],[30.65330565,31.11687541],[30.65622687,31.11235487],[30.66484714,31.10584128],[30.67081106,31.10495996],[30.68076241,31.10177326],[30.68458652,31.09985006],[30.68966568,31.09662211],[30.69426918,31.09221542],[30.69364345,31.09029961],[30.69833171,31.08725333],[30.70140493,31.08756244],[30.70519471,31.08344781],[30.71698391,31.07513881],[30.72149432,31.07103181],[30.72357166,31.06794774],[30.72736144,31.06027675],[30.72828841,31.04974961],[30.72769988,31.04395485],[30.72033608,31.02406192],[30.72033966,31.02363133],[30.72094095,31.02193308],[30.72686875,31.01602006],[30.73440015,31.01258516],[30.74416173,31.00999641],[30.74645472,31.00896442],[30.75104153,31.0067631],[30.75493741,31.00352275],[30.75541246,31.00277448],[30.76246011,30.99094295],[30.76317096,30.98206985],[30.76168954,30.97915554],[30.74983251,30.97360301],[30.74858165,30.96721065],[30.75001752,30.96353865],[30.75599945,30.95615184],[30.76186073,30.95319617],[30.76982391,30.94673622],[30.77589905,30.94453752],[30.78137744,30.94007432],[30.78372705,30.93790054],[30.78586674,30.93175471],[30.78586781,30.92510438],[30.78132415,30.91478622],[30.76108694,30.89269614],[30.75801611,30.88897085],[30.75703013,30.88765991],[30.75674403,30.88519931],[30.75690806,30.88454914],[30.76016951,30.88144624],[30.76654458,30.87840402],[30.78105354,30.87604797],[30.78152215,30.87590385],[30.78546214,30.87381482],[30.78897715,30.87134957],[30.79073775,30.869807],[30.79533255,30.86058354],[30.79536176,30.85263646],[30.78902292,30.84270525],[30.78567576,30.83906627],[30.77984655,30.83485341],[30.77488375,30.83178437],[30.76677036,30.82783616],[30.76425815,30.82449102],[30.76404226,30.82144165],[30.76564717,30.81973386],[30.76858163,30.81927705],[30.77218401,30.81996071],[30.77387714,30.82037854],[30.77861142,30.82252514],[30.78315985,30.82669246],[30.78451407,30.82721961],[30.79119265,30.829023],[30.79465806,30.82944357],[30.79928875,30.82948983],[30.80456746,30.82789326],[30.80879867,30.82585454],[30.81273365,30.82251596],[30.81306398,30.81861114],[30.81306946,30.81708956],[30.81089616,30.81383634],[30.81058681,30.81363905],[30.79747903,30.80855536],[30.79059947,30.80469072],[30.78586125,30.79930186],[30.78486741,30.79847264],[30.77801144,30.79433835],[30.76727355,30.78409922],[30.75895202,30.77888441],[30.75765741,30.77769244],[30.7551589,30.77276206],[30.7551589,30.76714504],[30.75733626,30.76171875],[30.76083636,30.75904465],[30.76239634,30.75843465],[30.7629286,30.75843644],[30.77012956,30.75979698],[30.77054155,30.7599647],[30.77912414,30.76537561],[30.78400207,30.7647258],[30.78764224,30.76298547],[30.79177356,30.75917745],[30.79236555,30.75710607],[30.79191411,30.75690162],[30.79119456,30.75671816],[30.78468716,30.76183796],[30.77858186,30.7633183],[30.76690257,30.75659382],[30.76143765,30.7573024],[30.75566328,30.76161671],[30.75353396,30.76640594],[30.75342882,30.77493215],[30.75640535,30.77945554],[30.76265121,30.78304875],[30.76861846,30.79017866],[30.77479136,30.79330683],[30.79204977,30.80826128],[30.80626225,30.8136245],[30.80984592,30.81785834],[30.81056642,30.82297671],[30.79969931,30.82753825],[30.79165936,30.82753742],[30.78508925,30.82558417],[30.77561581,30.81819224],[30.76983714,30.81619287],[30.76513004,30.81744206],[30.7620542,30.82167971],[30.76329505,30.82774341],[30.76956034,30.83075213],[30.77688384,30.83753514],[30.78153276,30.83904493],[30.78587115,30.84249663],[30.79158926,30.85132813],[30.79265773,30.85554194],[30.79275441,30.86039495],[30.79041314,30.86676276],[30.78604245,30.87132335],[30.75840914,30.87793505],[30.75573802,30.87909627],[30.75451326,30.88200033],[30.75508237,30.88878071],[30.76483631,30.90410566],[30.77607787,30.91160464],[30.78128052,30.92003787],[30.7822988,30.93106365],[30.78120565,30.93542016],[30.77768886,30.94072676],[30.75971186,30.95011473],[30.75511098,30.95413291],[30.74631596,30.96566343],[30.74532926,30.96838403],[30.74595737,30.97415447],[30.75295126,30.97719765],[30.75891995,30.98677754],[30.75872397,30.99396706],[30.75304151,31.00239873],[30.74839735,31.0059247],[30.74296176,31.00813925],[30.72371125,31.01232827],[30.71939123,31.01489794],[30.71558082,31.01905036],[30.71543574,31.02105606],[30.71952713,31.02979863],[30.72272491,31.05270541],[30.72405624,31.05490506],[30.72282004,31.06588292],[30.71076775,31.07656884],[30.69273567,31.08625483],[30.68328726,31.0937376],[30.67482507,31.09875166],[30.64690507,31.10916293],[30.63930333,31.11308432],[30.63648915,31.11585093],[30.62900484,31.13379633],[30.61585712,31.14651072],[30.61338544,31.15421784],[30.61395645,31.15890956],[30.60822725,31.16901004],[30.60208201,31.17388582],[30.58609331,31.18049371],[30.58009315,31.18573952],[30.57548356,31.19231915],[30.56850314,31.19779646],[30.56456411,31.20002914],[30.55516016,31.20002675],[30.54837763,31.19097817],[30.53915405,31.18641162],[30.53066814,31.18647122],[30.52183115,31.18892825],[30.52154195,31.19650376],[30.51934302,31.20226347],[30.51891971,31.20835221],[30.52301931,31.21730411],[30.52427864,31.22279704],[30.52312672,31.22611022],[30.52195203,31.22767043],[30.51935935,31.22816563],[30.51239336,31.22575557],[30.50443411,31.22752535],[30.49786675,31.23118901],[30.49487722,31.23902094],[30.49576414,31.24450874],[30.4989773,31.25013936],[30.50459516,31.25630784],[30.50717366,31.25759125],[30.5069164,31.25878036],[30.51715446,31.27106392],[30.51845765,31.27446234],[30.51872492,31.28581393],[30.51676917,31.2966032],[30.51683664,31.30746365],[30.51958776,31.32282901],[30.51830125,31.32631874],[30.51602292,31.32935274],[30.5054208,31.33645236],[30.48672545,31.34642196],[30.4830662,31.34729755],[30.47818375,31.34711683],[30.47433364,31.34423637],[30.47341442,31.34135675],[30.4683305,31.33491266],[30.46158433,31.33330834],[30.45924354,31.33578968],[30.45234382,31.35009408],[30.45141482,31.3614161],[30.44560492,31.37216592],[30.44025338,31.37675488],[30.43647838,31.37506831],[30.42748904,31.37402093],[30.42227006,31.37543011],[30.41957974,31.37774158],[30.41967404,31.38188565],[30.42199898,31.38397193],[30.42247081,31.38629484],[30.42476523,31.40916371],[30.42735827,31.41145921],[30.42859936,31.41699207],[30.42709291,31.42575693],[30.42168546,31.43677783],[30.41720188,31.43831575],[30.41365695,31.43708956],[30.41061866,31.43914866],[30.40477312,31.44026124],[30.3930974,31.43937922],[30.38465273,31.44284666],[30.38084662,31.44477308],[30.37851906,31.44854856],[30.37473404,31.45013905],[30.37393975,31.4529618],[30.36614001,31.46045661],[30.36535096,31.46327114],[30.3639667,31.46484375],[30.36355364,31.46484375],[30.36257637,31.46649468],[30.36221433,31.4664222],[30.36224556,31.46484375],[30.36200821,31.46484375],[30.35882711,31.45381057],[30.35967386,31.45250714],[30.35465646,31.44444156],[30.34854853,31.42453492],[30.34604764,31.42061925],[30.34597981,31.41812563],[30.33957148,31.40307784],[30.33942008,31.40274668],[30.33602476,31.39810252],[30.33433712,31.39178991],[30.32713985,31.37961686],[30.32618105,31.37594223],[30.31910706,31.36414337],[30.31766486,31.36365736],[30.31819677,31.36232293],[30.31346798,31.35474515],[30.30678856,31.34757066],[30.30569935,31.34486604],[30.30263746,31.34268224],[30.30187476,31.34021294],[30.30152321,31.33991754],[30.29817975,31.33860874],[30.29788053,31.33831823],[30.29302704,31.33104682],[30.28157175,31.32098556],[30.26485276,31.30808604],[30.25221217,31.30074942],[30.24820304,31.29635513],[30.24458814,31.29410195],[30.234375,31.29017854],[30.2317636,31.2890625],[30.23144245,31.2890625],[30.21980548,31.28335226],[30.19608045,31.27549267],[30.19472027,31.27404702],[30.17796755,31.27238977],[30.17922974,31.26792932],[30.17912805,31.26790714],[30.17697597,31.26924634],[30.1769886,31.27190697],[30.16379046,31.26776135],[30.16273224,31.27136564],[30.15939283,31.26989627],[30.15430856,31.27234638],[30.15538311,31.27366388],[30.15280092,31.27315724],[30.15038741,31.27069581],[30.14183795,31.2725383],[30.1269927,31.2712692],[30.12437451,31.27150238],[30.12168992,31.27469695],[30.09975612,31.27811635],[30.09847605,31.27831936],[30.09018064,31.28062701],[30.08856952,31.28134775],[30.08603501,31.2830348],[30.08575273,31.2833904],[30.08585036,31.2890625],[30.08586085,31.28940022],[30.08448708,31.29188585],[30.07888246,31.29531324],[30.07620466,31.2992388],[30.07638514,31.30307412],[30.07156634,31.30898535],[30.07338822,31.31349373],[30.07087564,31.31698716],[30.07667232,31.31856573],[30.07417154,31.31966674],[30.0765388,31.32241845],[30.07345057,31.32368612],[30.07330525,31.32638705],[30.07757735,31.32917714],[30.07949281,31.32879686],[30.0807569,31.32703614],[30.08142507,31.32720351],[30.08214128,31.32817924],[30.07989037,31.33108628],[30.07952261,31.33112764],[30.06958091,31.32964325],[30.06204331,31.32490826],[30.0581634,31.31998098],[30.04710341,31.31734514],[30.04691672,31.31480241],[30.04341054,31.31391275],[30.04868615,31.31014454],[30.04893887,31.30795205],[30.04224813,31.30152535],[30.03640902,31.29376864],[30.02823782,31.29048991],[30.02497244,31.29048693],[30.02307653,31.29132736],[30.02041817,31.29517663],[30.02005875,31.29506671],[30.01799476,31.29171515],[30.01801646,31.29110622],[30.01866055,31.28976512],[30.02122438,31.2901386],[30.02121782,31.2890625],[30.02128696,31.2890625],[30.02011025,31.2876724],[30.01835465,31.2890625],[30.01827991,31.2890625],[30.01539755,31.29096484],[30.01159322,31.29032004],[30.01175141,31.2890625],[30.01201677,31.28802145],[30.01167083,31.28776646],[30.00954938,31.28815103],[30.00814867,31.28641784],[30.01078427,31.28335977],[30.00858331,31.27951586],[30.00280726,31.27862883],[30.00231254,31.27608585],[29.99702191,31.27111733],[29.98692095,31.27053881],[29.98557603,31.26777685],[29.98682833,31.26552343],[29.98544145,31.26329184],[29.98145807,31.26089966],[29.97649086,31.25567412],[29.97210717,31.25341606],[29.96908045,31.24927056],[29.96557927,31.24807155],[29.96269381,31.2438941],[29.95878196,31.24118006],[29.95598507,31.24167061],[29.95281196,31.23923755],[29.95315087,31.23832977],[29.94966996,31.23666275],[29.94871616,31.23417366],[29.94520283,31.23395908],[29.94240713,31.22968614],[29.93709695,31.2270689],[29.93350208,31.22302163],[29.91546345,31.21182525],[29.90941501,31.21042407],[29.90517676,31.21377754],[29.90388834,31.21340275],[29.90699935,31.21035576],[29.90668881,31.20884025],[29.89978445,31.20146954],[29.89015114,31.20110726],[29.88478887,31.20604265],[29.88321614,31.20854783],[29.88396788,31.2121582],[29.89129376,31.21473312],[29.88457012,31.21408927],[29.8828125,31.21233261],[29.87900587,31.21254219],[29.87843442,31.21257365],[29.87602508,31.21135676],[29.8762708,31.21080647],[29.8777107,31.20758188],[29.87662041,31.20630026],[29.86291003,31.20070553],[29.86289883,31.19708025],[29.85101783,31.18751943],[29.84648454,31.16521406],[29.85111177,31.18665028],[29.8542155,31.18689168],[29.85737562,31.18553984],[29.85511827,31.18805051],[29.85630345,31.18920922],[29.85895562,31.18737447],[29.85698044,31.1894989],[29.85889924,31.18969202],[29.85844767,31.19060934],[29.8604784,31.19200945],[29.86544466,31.19147825],[29.86369514,31.19167137],[29.86256647,31.19340944],[29.86386454,31.19283021],[29.86471105,31.19456816],[29.86612213,31.19389224],[29.86538827,31.19490623],[29.86702502,31.19505096],[29.86623478,31.19587183],[29.86702502,31.19703054],[29.86897397,31.19653142],[29.86753285,31.19789946],[29.86849237,31.19891346],[29.87430537,31.19901001],[29.87453115,31.19765806],[29.87712717,31.19669247],[29.87543404,31.1976099],[29.87509561,31.19983065],[29.88119066,31.19881678],[29.88237596,31.19693387],[29.87876403,31.19707882],[29.87819946,31.19437516],[29.87611127,31.19427848],[29.87616777,31.19287837],[29.88158584,31.19360256],[29.88164222,31.19046438],[29.88011837,31.18853331],[29.8780303,31.19109213],[29.87673223,31.19036794],[29.87972343,31.18481564],[29.87752235,31.18491232],[29.87712717,31.18800223],[29.87261236,31.19099546],[29.87158072,31.19105816],[29.87089264,31.19045365],[29.86866164,31.18698835],[29.86832297,31.18563652],[29.86892676,31.18337142],[29.86927402,31.18290257],[29.87028766,31.18210196],[29.87146926,31.18243074],[29.87012911,31.1854434],[29.87159646,31.18727803],[29.87199151,31.18553984],[29.87701428,31.18341565],[29.87403893,31.18118048],[29.86994874,31.17487276],[29.86482406,31.17424238],[29.86418951,31.17228007],[29.86021483,31.16888428],[29.85941887,31.16850984],[29.85901821,31.16863966],[29.85837245,31.17093015],[29.85630858,31.17091107],[29.85483611,31.16403425],[29.85277247,31.16082692],[29.84930146,31.1567533],[29.84904778,31.15652692],[29.84394312,31.15454948],[29.84179342,31.15276146],[29.83950818,31.14896226],[29.83876705,31.14840114],[29.83640206,31.14712775],[29.83430386,31.1479336],[29.83120716,31.14268017],[29.82670975,31.1394124],[29.82087457,31.13603556],[29.8167454,31.13625813],[29.81122518,31.13348901],[29.81094623,31.14024746],[29.80758822,31.13585627],[29.8030827,31.136518],[29.80203974,31.13842416],[29.802935,31.14202726],[29.80149913,31.14431906],[29.79725206,31.13961625],[29.79591072,31.13614428],[29.79431164,31.13548613],[29.79377604,31.13666105],[29.79514646,31.13977396],[29.79902136,31.14613605],[29.79879653,31.14647531],[29.79605532,31.14752448],[29.79328728,31.14351046],[29.79157162,31.14232361],[29.79111576,31.14252877],[29.78712463,31.14463484],[29.78696334,31.14518225],[29.78722322,31.14645827],[29.79266214,31.14814866],[29.7945683,31.15029836],[29.79110893,31.15028887],[29.79004908,31.15028596],[29.78246594,31.14607215],[29.78247994,31.1457837],[29.78275037,31.14021456],[29.77948892,31.13419127],[29.77929783,31.13395834],[29.76724434,31.12167716],[29.76279795,31.11903787],[29.76219892,31.11681676],[29.75716615,31.11512375],[29.75606751,31.11328125],[29.75597668,31.11328125],[29.7532649,31.11085713],[29.74626422,31.10723352],[29.74274361,31.10326493],[29.73701334,31.10125423],[29.72482896,31.09294391],[29.71734905,31.09048891],[29.71304202,31.08765137],[29.70983601,31.08548558],[29.69867778,31.07757127],[29.69075334,31.06953323],[29.67321277,31.05672956],[29.67142153,31.05555201],[29.66979337,31.0567255],[29.66816735,31.05538487],[29.66813922,31.05226207],[29.65258133,31.04333711],[29.63878632,31.03355551],[29.6326164,31.03067684],[29.62984574,31.02760422],[29.62537205,31.02730405],[29.62429404,31.02659655],[29.62164545,31.02335763],[29.60366881,31.01168895],[29.59814823,31.00690114],[29.58999646,31.00086534],[29.58703876,31.00034761],[29.57747114,30.99526846],[29.57047892,30.98694468],[29.56359756,30.98376143],[29.56291723,30.98217583],[29.55981863,30.9811697],[29.55363321,30.97588515],[29.55158997,30.97602355],[29.54850674,30.97389114],[29.54804504,30.97195411],[29.54075313,30.96945512],[29.53125,30.96400654],[29.53045106,30.96291721],[29.50379801,30.95056903],[29.49467278,30.94438207],[29.47986531,30.9375],[29.47963548,30.9375],[29.47697628,30.93517661],[29.46419144,30.92889893],[29.44993365,30.92302132],[29.44604444,30.92162097],[29.44567001,30.92152905],[29.44347835,30.92226493],[29.44313335,30.92211914],[29.43014395,30.91651595],[29.42658401,30.9148699],[29.40513837,30.90285027],[29.39571035,30.89864552],[29.34609795,30.87799263],[29.34345126,30.87810767],[29.32073534,30.86944985],[29.29534483,30.86361742],[29.27776825,30.85773051],[29.26493335,30.85476255],[29.23631084,30.84396541],[29.21470726,30.83839011],[29.21302164,30.83684135],[29.19837296,30.83479178],[29.1796875,30.83007813],[29.15442264,30.8239938],[29.15268815,30.82470965],[29.14809084,30.82275712],[29.14275873,30.82176816],[29.13506782,30.82093894],[29.12960303,30.8207159],[29.12272,30.82136273],[29.10750091,30.82106972],[29.07569778,30.81955075],[29.07181191,30.81974876],[29.06396616,30.82030594],[29.05818856,30.82232654],[29.04427433,30.82321036],[29.03673768,30.82450485],[29.02366042,30.8279165],[29.02290034,30.82784605],[29.02224255,30.82686305],[29.02293837,30.82636416],[29.02696311,30.8246876],[29.02674365,30.82343686],[29.02015972,30.82233632],[29.01950896,30.82243407],[29.01555753,30.82557631],[29.00991321,30.82805252],[29.00719583,30.82863188],[29.00682056,30.82863748],[29.00396216,30.82656467],[29.00355625,30.82638764],[28.99967635,30.82537365],[28.99898517,30.82548344],[28.99584281,30.82838845],[28.99058795,30.82799315],[28.98719895,30.83110225],[28.97687554,30.83275056],[28.97183311,30.83754694],[28.97349346,30.83873475],[28.97507656,30.83567965],[28.97888482,30.83402646],[28.98001015,30.83408844],[28.98023415,30.83442426],[28.97969437,30.83681715],[28.97570312,30.83800316],[28.97387958,30.84072483],[28.9740113,30.84155512],[28.97700095,30.83823228],[28.97891283,30.83828533],[28.97544003,30.84337807],[28.97603786,30.84340203],[28.97770691,30.84300554],[28.98042786,30.83973718],[28.98794937,30.83675385],[28.99026108,30.83418632],[28.99448562,30.83295465],[28.99801505,30.83367705],[29.00201464,30.83188355],[29.02045608,30.82747805],[29.02150846,30.82796443],[29.02145302,30.82836676],[29.02068055,30.83043933],[29.01870644,30.83127618],[29.01000714,30.83222926],[28.9936136,30.83620071],[28.99011004,30.83589792],[28.98769236,30.83945668],[28.98165774,30.8415513],[28.97863054,30.84434354],[28.98294735,30.84901094],[28.98047686,30.84763741],[28.97606993,30.84798825],[28.96881104,30.85320711],[28.95129824,30.85702455],[28.94845593,30.86126804],[28.92003036,30.86918926],[28.91759574,30.86999941],[28.91129851,30.87270141],[28.90690196,30.87540913],[28.90648091,30.87567401],[28.89617193,30.88511205],[28.89570487,30.88827395],[28.8914932,30.89305735],[28.88025391,30.89866662],[28.86892962,30.90185571],[28.85823715,30.90691531],[28.85781503,30.90718031],[28.85469246,30.91052616],[28.84480834,30.91585851],[28.83741105,30.9218744],[28.83330643,30.92712176],[28.83348525,30.93096137],[28.83518183,30.93318975],[28.83364356,30.9375],[28.83365357,30.9375],[28.8345927,30.93910861],[28.83457434,30.93977201],[28.83386934,30.94372904],[28.83015764,30.94724941],[28.82992053,30.9481492],[28.83125854,30.9523921],[28.83067358,30.95293045],[28.828125,30.95340395],[28.81275511,30.95612276],[28.79688775,30.95536673],[28.78916025,30.95866442],[28.78306425,30.95980394],[28.77016592,30.96571302],[28.76397777,30.96929252],[28.76259315,30.97293532],[28.75905287,30.97667265],[28.75896382,30.97726536],[28.760028,30.98150325],[28.76373386,30.9833523],[28.7637372,30.98375523],[28.76311386,30.98405015],[28.76023507,30.98492253],[28.74007678,30.98391902],[28.72586751,30.98611498],[28.72505236,30.98874962],[28.71753323,30.99175584],[28.71605766,30.99580944],[28.70926917,30.99923396],[28.71029615,31.00253737],[28.69362605,31.00355673],[28.67442703,31.00264955],[28.66696906,31.00405753],[28.65608907,31.00399387],[28.64393878,31.0062052],[28.61240101,31.01430416],[28.60908794,31.01537538],[28.59993541,31.01998842],[28.5989958,31.02191186],[28.60025001,31.02449751],[28.59462595,31.02892935],[28.59429455,31.03637445],[28.58750355,31.03847456],[28.58066726,31.03800786],[28.5735836,31.04125226],[28.56791234,31.04160166],[28.56683791,31.04306281],[28.56473374,31.04320335],[28.56402194,31.04813206],[28.55782282,31.04933727],[28.55779862,31.0525068],[28.53234446,31.04999983],[28.52888501,31.05160367],[28.51602375,31.05073214],[28.50935423,31.05284905],[28.50922751,31.05620635],[28.50812852,31.05704331],[28.50076115,31.05679917],[28.49058557,31.05829847],[28.48208284,31.06004524],[28.4765625,31.06222093],[28.4762876,31.06239355],[28.47046018,31.06767833],[28.46940184,31.07109535],[28.47168148,31.0745126],[28.45804703,31.07499397],[28.45462084,31.07718396],[28.45367813,31.0801506],[28.44903052,31.08014691],[28.4451797,31.08147275],[28.43945444,31.08516061],[28.43194902,31.0881114],[28.41934443,31.08753204],[28.41143847,31.08490312],[28.40670598,31.0858798],[28.38465273,31.08304632],[28.33577168,31.06965065],[28.31648552,31.06724191],[28.29643965,31.07247317],[28.27767861,31.07413554],[28.25772476,31.07261121],[28.24431884,31.07415104],[28.22629321,31.07358301],[28.20946085,31.07147193],[28.20938623,31.07276404],[28.20590401,31.07205963],[28.19954681,31.07575572],[28.18218541,31.07984698],[28.18173981,31.08003068],[28.16783917,31.08938146],[28.16663516,31.09009063],[28.16221166,31.09172416],[28.15887117,31.09232485],[28.14060533,31.09254742],[28.13144386,31.09021533],[28.125,31.08984375],[28.12307191,31.08936536],[28.11094725,31.09009326],[28.10042012,31.08826625],[28.09382296,31.08877134],[28.09308207,31.08870614],[28.08461857,31.08643115],[28.07861173,31.0872488],[28.05948186,31.08698165],[28.05655205,31.08602762],[28.05258024,31.08693862],[28.04462814,31.08562887],[28.04235995,31.08765638],[28.04132664,31.08668315],[28.02372634,31.08754325],[28.01304376,31.08692372],[28.00931203,31.08817196],[28.00755465,31.09046161],[28.00027823,31.08984375],[27.98473394,31.09116721],[27.98045385,31.09047174],[27.95593202,31.09210527],[27.92665184,31.09741187],[27.92578137,31.09873724],[27.90634406,31.1069082],[27.90439022,31.10802174],[27.89861345,31.11285806],[27.89864695,31.11328125],[27.89855325,31.11328125],[27.89587104,31.11808825],[27.89532638,31.12319171],[27.89337671,31.12486136],[27.89329922,31.12765276],[27.89623284,31.12875402],[27.89230871,31.1324594],[27.88951027,31.13834238],[27.88977575,31.14061487],[27.89247263,31.14171815],[27.88926136,31.15083778],[27.89420044,31.15411866],[27.89183795,31.15587842],[27.88984084,31.15968776],[27.89191358,31.16594407],[27.89226711,31.16701114],[27.89166832,31.17001784],[27.88961846,31.17174939],[27.88325524,31.1771245],[27.88001967,31.17847586],[27.87090254,31.19014275],[27.86719561,31.21103001],[27.86807132,31.21258736],[27.86667633,31.21570015],[27.86912656,31.21701026],[27.86977744,31.21902466],[27.87085957,31.21919833],[27.87215877,31.21940684],[27.86995685,31.22195113],[27.87083066,31.22333181],[27.86940729,31.22287175],[27.86874056,31.22265625],[27.86621463,31.22559178],[27.86605036,31.22602963],[27.86572957,31.22947025],[27.86639365,31.2304945],[27.86754203,31.23226571],[27.86702764,31.23455453],[27.86761594,31.2362107],[27.86922491,31.23764873],[27.86749125,31.23897576],[27.86708558,31.24216592],[27.86265123,31.24487734],[27.86046559,31.24548899],[27.85902536,31.24589205],[27.8576915,31.24619139],[27.85455215,31.24689591],[27.85412765,31.24653375],[27.8539443,31.24625194],[27.85473057,31.24558178],[27.85590506,31.24458075],[27.85371316,31.23868465],[27.85141432,31.23780751],[27.84994614,31.23396194],[27.8475877,31.23394585],[27.84720135,31.23364687],[27.84449744,31.23110986],[27.84422052,31.23061943],[27.84506476,31.22836888],[27.83554161,31.22345054],[27.83426213,31.22173285],[27.83360016,31.22145283],[27.83158445,31.22223675],[27.8277781,31.22121751],[27.82734096,31.22105587],[27.82481682,31.21837986],[27.82033491,31.21702993],[27.81856835,31.21501195],[27.81597102,31.21606576],[27.80083883,31.21188116],[27.79962957,31.21048212],[27.79775035,31.21086037],[27.79705966,31.20926344],[27.79214215,31.20923185],[27.78779125,31.20782101],[27.78499782,31.20533133],[27.7734375,31.20172977],[27.76255596,31.19835222],[27.76187527,31.19723964],[27.75628126,31.19722104],[27.72568047,31.18728781],[27.72511792,31.18715405],[27.71498787,31.18630242],[27.70747376,31.18451488],[27.70615542,31.18335021],[27.70163941,31.18357944],[27.69501686,31.18166995],[27.68085575,31.18102896],[27.68004787,31.1780405],[27.67846811,31.17797613],[27.67765987,31.1793226],[27.67700148,31.17774534],[27.67656267,31.1774075],[27.67537773,31.17729485],[27.67392933,31.17759526],[27.6731832,31.17797065],[27.67283213,31.17988574],[27.67230535,31.18026125],[27.67125201,31.18022382],[27.6708132,31.18007362],[27.67151535,31.17823362],[27.66971576,31.1773324],[27.66752136,31.1773324],[27.66462457,31.17894697],[27.66212285,31.17879677],[27.66238618,31.18059933],[27.66203523,31.18078697],[27.66146445,31.18078697],[27.65997231,31.18037403],[27.66106963,31.17864656],[27.65692174,31.17760205],[27.65648067,31.17751253],[27.65172935,31.17822552],[27.64689636,31.17719901],[27.64216232,31.17945862],[27.63745713,31.18195856],[27.63601983,31.18458962],[27.63404214,31.18961656],[27.63470936,31.19170821],[27.63669765,31.19264436],[27.63737905,31.19608664],[27.61040616,31.19559884],[27.60510015,31.19394684],[27.56736064,31.19302857],[27.56420314,31.19446731],[27.56101155,31.19815457],[27.55522275,31.20089722],[27.55410266,31.20361805],[27.55462945,31.20496976],[27.55463258,31.20497057],[27.55753136,31.20571911],[27.5564723,31.20688236],[27.52050602,31.20712594],[27.48895025,31.20733964],[27.44974184,31.21431506],[27.43636155,31.21977174],[27.43166065,31.22346425],[27.42396963,31.22716975],[27.421875,31.22907364],[27.421875,31.22935271],[27.4057939,31.24026978],[27.40083766,31.24424195],[27.40131831,31.24595404],[27.3927865,31.25286603],[27.38877475,31.25913274],[27.38539255,31.26209605],[27.38548422,31.26914728],[27.38489485,31.2713232],[27.38462722,31.27159548],[27.38115788,31.27296817],[27.38199067,31.27434456],[27.38045204,31.27641594],[27.38248515,31.2780323],[27.38236678,31.27876377],[27.38157046,31.28233016],[27.3814404,31.28268886],[27.37922776,31.28473961],[27.37854063,31.2890625],[27.37846005,31.2890625],[27.37732065,31.29314136],[27.36882102,31.3051635],[27.36857295,31.30576825],[27.36797881,31.31516576],[27.36776245,31.31556225],[27.35890901,31.32355762],[27.35770655,31.32586646],[27.35387266,31.32823026],[27.35355103,31.33166921],[27.34835196,31.33805025],[27.34765971,31.33974326],[27.34808576,31.34901083],[27.35174274,31.35437214],[27.35397375,31.35536551],[27.35362208,31.36343956],[27.35095358,31.36548376],[27.34263635,31.36784387],[27.34229484,31.37103034],[27.34207594,31.37307274],[27.33283776,31.37229495],[27.33275223,31.37228775],[27.33237415,31.37235694],[27.32895875,31.37298203],[27.32840601,31.37288757],[27.3146435,31.37053573],[27.30031598,31.36994803],[27.27155507,31.3664186],[27.25938904,31.36701214],[27.25764275,31.36611366],[27.25450635,31.36684454],[27.25118911,31.36615443],[27.24086285,31.36720896],[27.24057794,31.36638355],[27.24446166,31.36544955],[27.24465382,31.36425006],[27.24667132,31.36551476],[27.25119448,31.36480272],[27.25279176,31.36406636],[27.25388634,31.36143684],[27.25301874,31.35975766],[27.2502532,31.35887563],[27.24440265,31.36266232],[27.24178922,31.35884285],[27.23812056,31.35716915],[27.22992885,31.35764122],[27.22560668,31.35918605],[27.22260916,31.36109591],[27.21992636,31.36497033],[27.21619022,31.36107886],[27.21018672,31.36188614],[27.20629966,31.36182666],[27.20411146,31.36090612],[27.1954329,31.36102355],[27.19419634,31.35907042],[27.18288112,31.35912597],[27.17856705,31.3598572],[27.17773283,31.36003602],[27.17616105,31.36235094],[27.17720735,31.36792004],[27.18091488,31.36927116],[27.18259776,31.37126863],[27.19071102,31.36722565],[27.19292605,31.37050605],[27.19553423,31.37134337],[27.20202231,31.37136173],[27.20539761,31.36893225],[27.2134515,31.37022746],[27.21583641,31.36925161],[27.21769261,31.36660171],[27.22113395,31.3668251],[27.22364664,31.36540878],[27.22411466,31.36742604],[27.22766733,31.36927116],[27.20956063,31.3726716],[27.18406308,31.37524903],[27.17694116,31.37502945],[27.17360377,31.37608635],[27.13717663,31.37527895],[27.10441506,31.37693703],[27.08923996,31.38144314],[27.07699585,31.38246656],[27.07306397,31.38416052],[27.0703125,31.38560271],[27.0703125,31.38588154],[27.06700504,31.38910341],[27.06676483,31.38979375],[27.06613088,31.39337933],[27.0675199,31.3961066],[27.06364095,31.40656471],[27.05225325,31.40836716],[27.03415525,31.40771663],[27.01792085,31.40879047],[27.01532054,31.40993476],[27.009323,31.41334963],[27.00375915,31.42034101],[27.00323164,31.42835557],[26.99949753,31.42842901],[26.99331081,31.43263602],[26.99044597,31.43334305],[26.98835993,31.43703616],[26.98480845,31.43822134],[26.98294365,31.44277501],[26.97832,31.44149876],[26.97446561,31.44368875],[26.96954906,31.44393444],[26.96595323,31.44293773],[26.96392858,31.44416273],[26.94775927,31.44285274],[26.94709825,31.44173777],[26.94408405,31.44221246],[26.94208026,31.44122696],[26.92736292,31.44093215],[26.92562854,31.43979716],[26.91979885,31.44080555],[26.91452372,31.4393121],[26.91171575,31.44078207],[26.89628577,31.44162548],[26.89477527,31.44068587],[26.86939633,31.44168532],[26.84521604,31.44064152],[26.83749425,31.44189072],[26.82983887,31.44561982],[26.82522035,31.44623876],[26.82232416,31.44975162],[26.81683326,31.45236647],[26.78769076,31.45957768],[26.78142405,31.46484375],[26.78055954,31.46484375],[26.78049874,31.46853042],[26.7781198,31.47225416],[26.76845741,31.47411704],[26.75462544,31.47864544],[26.75123906,31.48241055],[26.74858546,31.48317051],[26.71875,31.48186386],[26.70656836,31.48131514],[26.69846058,31.48345935],[26.67959702,31.48418307],[26.67123544,31.48720098],[26.67030525,31.48856044],[26.66538513,31.48778915],[26.65184975,31.48986316],[26.62045205,31.4887073],[26.61772394,31.48930073],[26.61801672,31.49075806],[26.60318244,31.48824716],[26.59172666,31.48831296],[26.58861816,31.48877633],[26.58482516,31.49072921],[26.58357561,31.48990774],[26.57880604,31.49092865],[26.57641006,31.49352932],[26.57553482,31.49377584],[26.56975782,31.49377036],[26.56692672,31.49455547],[26.56268084,31.49653482],[26.56027496,31.49787104],[26.55880797,31.49926508],[26.55907404,31.50423765],[26.55743206,31.50680423],[26.54627526,31.50036037],[26.51306117,31.49556506],[26.49619103,31.49496257],[26.48712754,31.49871266],[26.48308504,31.49828756],[26.45797837,31.50915682],[26.4507575,31.50995362],[26.44496691,31.51198363],[26.43183446,31.51217234],[26.42722905,31.51461375],[26.42437518,31.51377165],[26.42177355,31.51525438],[26.41438258,31.51513171],[26.41010571,31.51705766],[26.39255321,31.51602316],[26.38669086,31.51678514],[26.38384724,31.51833594],[26.38211906,31.5170927],[26.37818003,31.51702702],[26.37203276,31.51988471],[26.36958694,31.52284753],[26.36900866,31.52312505],[26.3671875,31.52315843],[26.36240256,31.52362561],[26.35193825,31.52267444],[26.34422493,31.52601945],[26.34089375,31.52654552],[26.33559263,31.52553678],[26.33189654,31.52739251],[26.32687187,31.52689135],[26.32452798,31.53025055],[26.31820536,31.52974606],[26.31491625,31.53294265],[26.30945635,31.53278375],[26.3080368,31.53492904],[26.30625427,31.53543484],[26.30487001,31.53456652],[26.29832077,31.53458405],[26.28812063,31.5407021],[26.26961195,31.54542744],[26.26055694,31.54940355],[26.25544226,31.54891551],[26.2378453,31.55465806],[26.22226214,31.55730212],[26.20834911,31.56258321],[26.20321858,31.56297386],[26.19969273,31.56204295],[26.19624794,31.56411397],[26.18784034,31.56491256],[26.18522263,31.56680501],[26.18224084,31.56660306],[26.17941785,31.56821573],[26.17342973,31.56810951],[26.15431881,31.57253802],[26.14595056,31.57527494],[26.1395725,31.57967842],[26.13678896,31.57874227],[26.13493407,31.58028531],[26.11927736,31.58344924],[26.11720896,31.58553016],[26.10883164,31.58647704],[26.10729265,31.58805025],[26.10386086,31.58677125],[26.10339415,31.58681571],[26.102162,31.58820844],[26.10015905,31.58787072],[26.09449422,31.59250545],[26.08112705,31.59460545],[26.08020115,31.59587014],[26.07840645,31.59504426],[26.07447112,31.59647751],[26.07212603,31.59603405],[26.06976736,31.59826207],[26.06729591,31.59733403],[26.06579804,31.59745514],[26.05984485,31.59951508],[26.05721128,31.59927177],[26.05492592,31.60122883],[26.0494734,31.60050964],[26.04174316,31.60345316],[26.03566694,31.60348964],[26.03050435,31.60506034],[26.02484202,31.60452044],[26.02070451,31.60551965],[26.02027345,31.60573995],[26.01855826,31.60809493],[26.015625,31.60742176],[26.01170981,31.60750318],[26.01118231,31.60756183],[26.00959742,31.60870338],[26.00835431,31.60775316],[26.00780916,31.60774565],[26.00499737,31.60843182],[26.00468767,31.60857367],[26.00108564,31.61144161],[25.99681807,31.61203015],[25.99449742,31.611166],[25.99253035,31.61327934],[25.98895907,31.61348891],[25.98727596,31.61191666],[25.98089492,31.61414993],[25.96022975,31.61644244],[25.95314252,31.61988521],[25.94808078,31.61895967],[25.94415712,31.61962974],[25.9381175,31.62121928],[25.93626785,31.62328255],[25.93178141,31.62268722],[25.92612386,31.62501562],[25.92194021,31.62478304],[25.91311586,31.62692082],[25.91152167,31.62821317],[25.90829503,31.62767935],[25.90666783,31.62859285],[25.89493346,31.62822235],[25.893592,31.62941957],[25.89132285,31.62846601],[25.88603747,31.62852001],[25.88355672,31.62704647],[25.87351406,31.62542927],[25.86946845,31.62565434],[25.84735322,31.61877441],[25.84555817,31.61946595],[25.84166205,31.61805892],[25.83730078,31.61849737],[25.83568466,31.61662185],[25.82873738,31.61562157],[25.82626736,31.61427343],[25.81722534,31.61408865],[25.81367803,31.61165667],[25.81196225,31.61278141],[25.80683911,31.60961735],[25.80551195,31.61013007],[25.79212904,31.60665572],[25.78339148,31.60266411],[25.77847755,31.60263038],[25.77408564,31.60038924],[25.76078272,31.59703076],[25.75122702,31.59378803],[25.74062824,31.58904815],[25.72874093,31.58607745],[25.72044027,31.58231807],[25.71568513,31.58217072],[25.71032155,31.57945657],[25.70611095,31.57893264],[25.70521581,31.57862401],[25.69327104,31.57338381],[25.68881452,31.57336748],[25.67241037,31.56742406],[25.6640625,31.56640625],[25.6443336,31.55864155],[25.64137018,31.55954063],[25.60211515,31.54705405],[25.59744453,31.54734278],[25.59650743,31.54611313],[25.59065998,31.5443933],[25.56288314,31.53801453],[25.53961694,31.52978778],[25.51958108,31.52374601],[25.50626254,31.52071917],[25.48727453,31.51705015],[25.47945738,31.51599121],[25.46833205,31.515625],[25.46427166,31.51578498],[25.46080375,31.51755023],[25.45942485,31.51596844],[25.44845295,31.51429355],[25.42122161,31.50672591],[25.39530993,31.50286984],[25.38427007,31.50312197],[25.37659645,31.50465333],[25.36937094,31.50421727],[25.36628675,31.50475121],[25.36519837,31.50668073],[25.36393726,31.50545227],[25.34737492,31.50406396],[25.33817208,31.50362706],[25.33342687,31.50367867],[25.32904141,31.50372636],[25.3125,31.50390625],[25.3125,31.50418532],[25.29381537,31.50481558],[25.25562847,31.51156986],[25.24159646,31.51300001],[25.21958101,31.5176388],[25.2121464,31.51943958],[25.20022094,31.52323234],[25.1819849,31.52995265],[25.17552841,31.53351223],[25.17340446,31.5352205],[25.16776335,31.54055035],[25.16745555,31.54300725],[25.16405785,31.54641151],[25.16208982,31.54956925],[25.16013515,31.55373311],[25.16017735,31.55890775],[25.16033077,31.55963635],[25.16256332,31.56178164],[25.16500652,31.55948853],[25.16635704,31.55984771],[25.16859365,31.56124115],[25.17004585,31.56548512],[25.17875755,31.56766474],[25.18013144,31.57054293],[25.17722487,31.57189024],[25.17419887,31.57515681],[25.17327404,31.57857013],[25.17068934,31.58163762],[25.16753662,31.59136164],[25.16829205,31.59548724],[25.16596484,31.59721768],[25.15998173,31.60806751],[25.15659451,31.61054194],[25.15528774,31.61521256],[25.15403402,31.61645782],[25.15239465,31.61584187],[25.1535325,31.62138522],[25.15238762,31.62397742],[25.15501785,31.62710142],[25.15202522,31.62904561],[25.15281236,31.63104725],[25.15160036,31.63259852],[25.14680696,31.63628697],[25.14718461,31.63848734],[25.14605665,31.640625],[25.14603925,31.640625],[25.14582205,31.64111686],[25.14557636,31.64503253],[25.14798367,31.64799726],[25.14912331,31.65196633],[25.14906526,31.65389585],[25.15023137,31.66211193],[25.14906526,31.65389585],[25.16217641,31.6521171],[25.17528707,31.650337],[25.18839722,31.64855556],[25.20388294,31.65073129],[25.21936939,31.65290515],[25.23485655,31.65507712],[25.25034444,31.65724722],[25.26674964,31.65861019],[25.26832098,31.65859699],[25.28618889,31.65844444],[25.30489823,31.66036387],[25.32360833,31.66228056],[25.33615278,31.66435278],[25.3474294,31.67519458],[25.35870865,31.68603537],[25.36999051,31.69687514],[25.381275,31.70771389],[25.38960699,31.72001716],[25.39794118,31.73231987],[25.40627758,31.74462201],[25.41461618,31.75692357],[25.42295699,31.76922457],[25.4313,31.781525],[25.43726052,31.79078765],[25.44322222,31.80005],[25.44957044,31.81210537],[25.45592031,31.8241604],[25.46227183,31.83621509],[25.468625,31.84826944],[25.47546281,31.86180965],[25.48230263,31.87534947],[25.48914444,31.88888889],[25.4952783,31.90193489],[25.50141389,31.91498056],[25.50924374,31.93006441],[25.51707614,31.94514774],[25.52491111,31.96023056],[25.53039245,31.97043485],[25.535875,31.98063889],[25.54341711,31.99215996],[25.55096111,32.00368056],[25.55784502,32.01453353],[25.56473056,32.02538611],[25.57272359,32.03881469],[25.58071894,32.05224273],[25.58871664,32.06567024],[25.59671667,32.07909722],[25.60445529,32.09333033],[25.61219631,32.10756294],[25.61993973,32.12179504],[25.62768556,32.13602663],[25.63111421,32.142324],[25.63543379,32.15025772],[25.64318443,32.1644883],[25.65093748,32.17871838],[25.65869294,32.19294795],[25.66645082,32.20717701],[25.67421111,32.22140556],[25.68149427,32.23585091],[25.6847678,32.24234133],[25.68877974,32.25029581],[25.69606752,32.26474025],[25.7033576,32.27918424],[25.71065,32.29362778],[25.71892275,32.30843737],[25.7271982,32.32324639],[25.73547634,32.33805482],[25.74375717,32.35286268],[25.75204071,32.36766996],[25.76032694,32.38247666],[25.76861588,32.39728278],[25.77690753,32.41208832],[25.78520188,32.42689328],[25.79349894,32.44169766],[25.80179872,32.45650146],[25.81010121,32.47130468],[25.81840642,32.48610731],[25.82671435,32.50090936],[25.835025,32.51571083],[25.84333838,32.53051171],[25.85165448,32.54531201],[25.85997331,32.56011172],[25.86829487,32.57491085],[25.87661917,32.58970939],[25.8849462,32.60450734],[25.89327597,32.61930471],[25.90160848,32.63410149],[25.90994374,32.64889768],[25.91828174,32.66369329],[25.92662249,32.6784883],[25.93496599,32.69328273],[25.94331224,32.70807656],[25.95166125,32.72286981],[25.96001302,32.73766246],[25.96836754,32.75245452],[25.97672483,32.76724599],[25.98508488,32.78203687],[25.9934477,32.79682715],[26.00181329,32.81161684],[26.01018165,32.82640594],[26.01855278,32.84119444],[26.02589258,32.85663815],[26.03323492,32.87208139],[26.04057981,32.88752416],[26.04792724,32.90296646],[26.05527723,32.91840829],[26.06262977,32.93384965],[26.06998487,32.94929053],[26.07734252,32.96473095],[26.08470274,32.9801709],[26.09206551,32.99561037],[26.09943085,33.01104937],[26.10679876,33.0264879],[26.11416924,33.04192595],[26.12154229,33.05736353],[26.12891791,33.07280064],[26.13629611,33.08823727],[26.14367689,33.10367343],[26.15106024,33.11910911],[26.15844619,33.13454431],[26.16583472,33.14997904],[26.17322583,33.16541329],[26.18061954,33.18084707],[26.18801584,33.19628036],[26.19541474,33.21171318],[26.20281623,33.22714552],[26.21022032,33.24257738],[26.21762702,33.25800877],[26.22503632,33.27343967],[26.22908143,33.28186096],[26.25047969,33.28148919],[26.28253931,33.28115074],[26.31462349,33.28103042],[26.3467322,33.28112823],[26.37886546,33.28144417],[26.41102326,33.28197823],[26.7409742,33.28968971],[26.77994461,33.29090084],[26.81900172,33.29241434],[26.85814549,33.29423019],[26.89737592,33.29634835],[26.905854,33.29687029],[26.92686291,33.29816066],[26.94654226,33.2994436],[26.97609368,33.30148132],[27.01558225,33.30450047],[27.05515736,33.30782176],[27.09481899,33.31144513],[27.1345671,33.31537054],[27.14992122,33.317],[27.18383995,33.32081266],[27.21781895,33.32484465],[27.2518582,33.32909595],[27.2859577,33.33356651],[27.32011743,33.33825629],[27.35433737,33.34316524],[27.38861751,33.34829333],[27.42295784,33.3536405],[27.45735834,33.3592067],[27.491819,33.36499189],[27.57345017,33.37918912],[27.7822349,33.41544152],[27.84184305,33.42979362],[28.31679929,33.44635862],[28.3914501,33.45543661],[28.69423904,33.49222892],[28.80438776,33.50558881],[29.16757754,33.71561869],[29.23413412,33.75380639],[29.84648,33.82085349],[29.93981218,33.78316201],[30.08333333,33.75],[30.475,33.56666667],[30.61111111,33.51111111],[31.11666667,33.35555556],[31.60833333,33.19166667],[32.02222222,33.12222222],[32.51666667,33.01111111],[32.97222222,32.88888889],[33.01483056,32.85796856],[33.27508509,32.59582319],[33.27518189,32.59571451],[33.28546311,32.58290858]]],[[[25.14871361,31.67081322],[25.14461203,31.67047706],[25.14461203,31.67047706],[25.14871361,31.67081322]]],[[[25.14684968,31.67306109],[25.1461332,31.6725972],[25.14594836,31.67236122],[25.14494798,31.67097234],[25.14476426,31.67070149],[25.14494798,31.67097234],[25.14594836,31.67236122],[25.1461332,31.6725972],[25.14684968,31.67306109]]],[[[25.14856187,31.67028178],[25.1487149,31.67081332],[25.1487149,31.67081332],[25.14856187,31.67028178]]]]}},{"type":"Feature","id":"marine-8491","properties":{"code1":"jo","name1":"Jordan","code2":"","name2":"","code3":"","name3":"","aidCode1":"","aidName1":"","aidCode2":"","aidName2":"","aidCode3":"","aidName3":"","selectionAid":false,"preserveOverviewDetail":false,"selectionAidRadiusNm":null},"geometry":{"type":"MultiPolygon","coordinates":[[[[34.96086836,29.35735595],[34.88535216,29.37520638],[34.97792918,29.54224724],[34.96086836,29.35735595]]]]}},{"type":"Feature","id":"marine-8492","properties":{"code1":"id","name1":"Indonesia","code2":"","name2":"","code3":"","name3":"","aidCode1":"","aidName1":"","aidCode2":"","aidName2":"","aidCode3":"","aidName3":"","selectionAid":false,"preserveOverviewDetail":false,"selectionAidRadiusNm":null},"geometry":{"type":"MultiPolygon","coordinates":[[[[116.72043603,-12.44867887],[109.63176076,-11.377561],[109.02469639,-11.16938032],[106.82293167,-9.1324604],[106.18070945,-8.93162703],[105.30043167,-8.72607144],[101.88771675,-8.85031415],[100.39552518,-8.3043632],[99.61078233,-7.62089133],[96.26122502,-3.75936104],[94.20617906,-0.48006005],[92.63658526,1.08008041],[92.10269068,2.39641824],[92.15885864,3.83581647],[93.68666667,5.42222222],[95.55166667,7.76833333],[97.9,6.36333333],[98.69166667,4.92833333],[101.20166667,2.69166667],[103.065,1.325],[104.43436693,1.26667269],[105.08666667,1.90666667],[104.775,3.835],[105.78473817,5.67615303],[105.82,6.09666667],[109.28694444,6.8375],[109.98333333,5.52],[110.03333333,4.66666667],[109.90833333,3],[109.64666667,2.08333333],[109.06005836,1.52542663],[108.9632107,1.19735646],[109.35029137,1.50666118],[108.90668941,1.17057502],[108.84039271,0.81589878],[108.92565107,0.31897473],[109.17487562,0.07632828],[109.14215386,-0.56167603],[109.68289065,-0.58790231],[109.56511545,-0.69807065],[109.89187753,-0.82255745],[109.82051885,-1.08753633],[110.06277084,-1.09479284],[109.91203785,-1.1927278],[110.07366073,-1.39104354],[110.06994832,-2.23787534],[110.19780052,-2.51931083],[110.39220321,-2.3022958],[110.22533953,-2.88519681],[110.98117852,-3.06609595],[111.56572592,-2.73452044],[111.43395281,-2.90820634],[111.54474676,-3.01074576],[111.72920823,-2.81460333],[111.79051483,-3.52554083],[112.25452244,-3.31396306],[112.5658046,-3.43570495],[112.16135716,-2.53683162],[112.31921697,-3.16469753],[112.56993842,-3.34375668],[112.95943463,-3.20820713],[113.04922867,-2.98150265],[113.32929063,-3.26497662],[113.29885042,-2.44692075],[113.50641894,-2.09261894],[113.21826375,-1.59882367],[113.50601995,-2.11335015],[113.30458415,-2.45391083],[113.34425294,-3.26185822],[113.62924635,-3.14352024],[113.60137403,-3.45347464],[114.05779803,-3.33504784],[114.46261883,-3.50268257],[114.77811456,-2.80232728],[114.75557983,-2.97067082],[114.90526521,-2.93123198],[114.51624274,-3.38881195],[114.61973131,-4.15938485],[115.97280037,-3.60173035],[116.1192615,-2.81894457],[116.23324037,-3.0061419],[116.35929656,-2.88410425],[116.23753285,-2.66692412],[116.59329975,-2.19074297],[116.18045175,-2.20716214],[116.46136725,-2.04450285],[116.22502792,-1.63504457],[116.53459382,-1.62099016],[116.75432467,-1.36662936],[116.74531186,-0.98953486],[116.81234551,-1.19747114],[117.00748944,-1.18997967],[117.18015838,-0.94422448],[117.29430652,-0.62326455],[117.03315616,-0.59194481],[116.98848045,-0.37418282],[117.04520786,-0.58897722],[117.41862476,-0.55270612],[117.45815635,0.10025382],[117.74984515,0.75153208],[118.02855146,0.79229534],[117.84826934,1.20254183],[118.32485211,0.8466711],[118.80566394,0.81082594],[118.98192644,0.98062766],[117.50662422,2.17829227],[117.30542338,2.08429277],[118.08900774,2.32072985],[117.52465415,2.91120112],[116.89260328,2.82935882],[117.30217588,2.75226116],[117.35862994,3.10557842],[117.14422977,3.27563965],[117.39557552,3.25513864],[117.13495004,3.44792295],[117.22603917,3.60429907],[116.81649435,3.60560787],[117.50930154,3.61400223],[117.18566072,3.75022137],[117.43281984,3.69227123],[117.35432553,3.82457018],[117.10431206,3.79959035],[117.78108525,3.75562692],[117.03975081,4.0005908],[117.9327405,4.16399034],[119.09271583,3.38920738],[119.91347203,3.08897188],[122.93416667,3.81611111],[124.85472222,4.96166667],[125.47222222,5.04666667],[127.195,6.4225],[129.52527778,6.40555556],[129.55429927,4.88027371],[130.11564672,2.02466912],[131.15294379,2.04074561],[132.72969064,1.62140721],[133.91136335,2.98179754],[135.76527211,3.96287816],[136.63753701,3.36193462],[137.76932981,2.04463541],[139.68660673,1.63258029],[140.78556348,1.12302984],[141.4,-1.07638889],[141.00001271,-2.60420918],[139.77117217,-2.36376774],[137.93534935,-1.46473551],[137.81535673,-1.68622076],[137.89272797,-1.46971226],[137.33272958,-1.68914521],[137.43277538,-2.00152743],[137.22830915,-1.74950111],[137.13625646,-2.12446511],[136.33260334,-2.27917373],[135.53197813,-3.32690954],[135.13009954,-3.38050783],[134.69203353,-2.97008514],[134.6323235,-2.48502743],[134.46909463,-2.53892267],[134.52103353,-2.80674875],[134.17281377,-2.3475908],[134.06784165,-1.67469096],[134.21296167,-1.41336966],[133.96460056,-0.72028637],[133.38600898,-0.73722434],[132.70975566,-0.36426365],[132.27439141,-0.37967932],[131.85598183,-0.70104325],[131.23691392,-0.817451],[131.2224369,-1.1342206],[130.94409215,-1.41450906],[131.28412831,-1.50350475],[131.27980101,-1.31547928],[131.44512451,-1.50928354],[131.53481364,-1.35769856],[131.69742393,-1.56315672],[131.81616294,-1.44952762],[131.79443967,-1.61196506],[131.98513472,-1.42068207],[131.98326385,-1.98059332],[132.29291475,-1.81624711],[132.04114902,-2.06340146],[132.30771255,-2.27929676],[132.63718033,-2.28170335],[132.66011035,-1.58935475],[132.70876348,-2.19264555],[132.92650723,-2.27901781],[133.06549835,-2.11488175],[132.94961584,-2.28067446],[133.94852972,-2.05236173],[134.00399661,-2.57773054],[133.79429364,-2.47779655],[133.92314923,-2.7055726],[133.67528784,-2.74874425],[133.67088366,-2.55984914],[133.44268394,-2.64446437],[133.42114842,-2.51011884],[133.41194725,-2.74937463],[133.37894773,-2.51592004],[133.04598367,-2.49225545],[132.72762501,-2.80297947],[132.21221316,-2.65338504],[131.96974862,-2.76066363],[132.83155048,-3.30181813],[132.92962861,-3.54814863],[132.72805464,-3.64449477],[132.93160355,-4.09372056],[133.45943153,-3.85312974],[133.40681982,-3.60416293],[133.23231542,-3.60184085],[133.5739212,-3.57540166],[133.41587782,-3.41762304],[133.82529056,-2.94469094],[133.81009173,-3.72148502],[133.77418697,-3.57572555],[134.29218113,-4.04099333],[134.32317722,-3.88578868],[134.52272463,-4.0396893],[134.9238801,-3.93419635],[134.66822875,-4.0330497],[134.74425805,-4.20782316],[135.19567466,-4.46006048],[136.04502964,-4.52104735],[136.74624884,-4.87352335],[136.85068142,-4.7356106],[137.0923866,-4.97437465],[137.23493922,-4.81548405],[137.22472131,-4.94767272],[137.48262012,-4.93367994],[137.41727185,-5.12310255],[137.49502432,-4.86456728],[137.44923902,-5.09950304],[137.61602783,-4.93215835],[137.81516564,-5.05168295],[137.69206226,-5.19484735],[137.96152878,-5.09193635],[137.72390723,-5.33536196],[138.2972666,-5.00889325],[138.05411661,-5.36620843],[138.48174465,-5.15435934],[138.05465293,-5.50962365],[138.49825692,-5.2734375],[138.28353643,-5.53778803],[138.70591426,-5.63057888],[138.38621688,-5.71591032],[138.53452766,-5.88471508],[138.25018096,-5.88433397],[138.43073368,-6.3626641],[139.20222783,-6.97549617],[139.28050315,-6.86969066],[139.21960378,-7.01164436],[139.56280994,-7.26065063],[140.10800374,-7.10736656],[140.32472765,-6.78577662],[139.68420064,-7.29190183],[138.66883695,-7.20333993],[139.13176835,-7.55611098],[138.91416955,-7.91753924],[138.94514024,-8.32393956],[139.06879413,-8.11316884],[140.04917347,-8.0672121],[140.2218554,-7.74965036],[139.96064675,-8.12177622],[141.00787687,-9.11708915],[140.48333333,-9.86666667],[139.20137453,-10.83228223],[138.21666667,-10.15],[135.48333333,-9.13333333],[134.83333333,-9.41666667],[133.38333333,-8.88333333],[131.46666667,-9.7],[129.5,-9.75],[128.20787778,-10.48663055],[128.50201111,-9.63265],[127.93454167,-9.46524444],[127.51928562,-8.3926221],[126.96983907,-8.19644559],[125.83436357,-8.2634756],[125.6570585,-8.10436737],[124.9981954,-8.53260264],[124.94784709,-8.95258285],[124.61903346,-9.15200424],[124.4730947,-9.17437994],[124.43580531,-8.81366894],[124.09899443,-8.90489133],[124.04609984,-9.3279354],[123.67172444,-9.63433921],[123.59019065,-10.03889406],[123.75957382,-10.06100655],[123.45793355,-10.35718775],[124.42665255,-10.15448928],[125.08789206,-9.4622879],[126.00144917,-10.45370498],[126.3062333,-11.40013543],[123.56530556,-12.25955556],[123.36222222,-11.85891667],[122.89019444,-11.80891667],[122.54002778,-12.11238889],[122.5185,-12.84116667],[120.01450196,-13.94157318],[117.14368053,-12.46286176],[116.72043603,-12.44867887]]]]}},{"type":"Feature","id":"marine-8493","properties":{"code1":"ca","name1":"Canada","code2":"","name2":"","code3":"","name3":"","aidCode1":"","aidName1":"","aidCode2":"","aidName2":"","aidCode3":"","aidName3":"","selectionAid":false,"preserveOverviewDetail":false,"selectionAidRadiusNm":null},"geometry":{"type":"MultiPolygon","coordinates":[[[[-123.03552008,49.00216162],[-122.86714864,49.08894515],[-122.77313721,49.01110804],[-123.03552008,49.00216162]]],[[[-130.27063911,54.97748358],[-129.98239325,55.29460844],[-130.12141548,55.55478455],[-129.95958745,55.99289191],[-130.12855923,55.77187586],[-129.96022952,55.2984122],[-130.1657598,55.08653975],[-129.77659023,55.36232698],[-129.81378198,55.61855984],[-129.71342206,55.41661036],[-129.47757792,55.47810924],[-130.00016141,55.01953125],[-129.67241085,54.98563361],[-130.17699432,54.84750664],[-129.99197853,54.61615753],[-130.36991525,54.68051386],[-130.11613774,54.41859996],[-130.00074971,54.50488365],[-129.98314536,54.3178966],[-130.4296875,54.63643956],[-130.45982134,54.34751666],[-130.27129447,54.37895823],[-130.13091767,54.14845252],[-129.62199473,54.18697393],[-128.32681954,54.69527996],[-129.83782136,54.21493888],[-129.61900926,53.89861321],[-129.96276414,54.16054475],[-130.10730445,53.95743907],[-129.28190947,53.36250603],[-129.29812372,53.62986636],[-128.60929573,54.02943313],[-128.71304953,53.88500798],[-128.48481452,53.82619464],[-128.79974294,53.77512133],[-128.76253867,53.54579127],[-128.12944245,53.48586357],[-127.84316087,53.21198916],[-128.16141975,53.45562744],[-128.86910856,53.5299412],[-128.85993135,53.27917492],[-128.47791266,53.14533031],[-128.48390794,52.91817677],[-127.83006024,52.734375],[-128.11550891,52.75903845],[-128.36726224,52.29613388],[-128.11235273,52.59753537],[-128.02679205,52.32387555],[-127.72880495,52.46439552],[-127.85215807,52.49214995],[-127.86223495,52.20292556],[-127.60889876,52.29072082],[-127.49007678,52.33763146],[-127.6318444,52.60475862],[-127.40958917,52.41714633],[-126.97709954,52.7122817],[-127.07976162,52.87013185],[-126.95437694,52.79930651],[-127.23537755,52.53024876],[-126.77633858,52.39437962],[-126.90101945,52.19672716],[-126.69193387,52.05903173],[-127.17819071,52.31380403],[-127.88778222,51.88529635],[-127.80046058,51.53165507],[-127.36465657,51.85546875],[-127.45152712,51.66433752],[-127.25284624,51.67856193],[-127.56200325,51.47408617],[-127.27495372,51.40773213],[-127.71552741,51.40020442],[-127.10871696,51.38471746],[-127.77116966,51.24650824],[-127.65376556,51.08680534],[-126.67047393,51.19155598],[-126.77541256,51.07128155],[-126.64564073,51.05654037],[-127.48465097,51.09196365],[-127.03265882,50.81828344],[-126.90598285,50.87876546],[-127.18890417,50.92198443],[-126.79013264,51.00988495],[-125.74090076,50.70885706],[-125.55132616,50.92954421],[-125.73006797,51.28387535],[-125.49642694,50.93822145],[-125.73000634,50.66477644],[-126.27734864,50.52762282],[-125.71618211,50.48992574],[-125.44400632,50.71536553],[-125.53714025,50.53105557],[-125.16833687,50.40880954],[-124.85536075,50.92451704],[-125.07068682,51.15234375],[-124.87336397,50.5814023],[-125.07656622,50.33405983],[-124.36095405,50.49496531],[-124.73581362,50.3252331],[-124.68857133,49.98635447],[-124.84415817,50.06224382],[-124.28101647,49.74014771],[-123.9109596,49.88751447],[-124.01115274,49.99438298],[-123.80227733,50.09297216],[-123.97943521,50.19293332],[-123.86289001,50.16298914],[-123.84031713,49.6594156],[-123.52981532,49.70956945],[-123.75462055,49.48079872],[-123.90599537,49.74180925],[-124.07438695,49.64599276],[-123.94882023,49.50173295],[-123.5156641,49.38702714],[-123.18370545,49.70230901],[-123.26969254,49.34938276],[-122.94851994,49.30416095],[-122.88664174,49.46888912],[-123.25789738,49.27252317],[-122.91892695,49.19676995],[-123.32223962,49.00207166],[-123.00848585,48.83121897],[-123.26787826,48.69399397],[-123.1151384,48.42283122],[-123.5412174,48.22455359],[-125.11215358,48.44731299],[-127.19081535,47.64684973],[-129.23482665,46.57141455],[-134.55711031,49.46781619],[-136.39201772,50.68929974],[-137.99962625,52.13287233],[-138.78770306,53.56523788],[-133.2361674,54.51765783],[-132.05005761,54.3809899],[-131.09270689,54.72998697],[-130.65400714,54.65370596],[-130.27063911,54.97748358]]],[[[-130.27118861,54.9767706],[-130.27108153,54.97691484],[-130.2712416,54.97669816],[-130.27118861,54.9767706]]],[[[-132.85427117,68.96126795],[-132.40941226,68.84563625],[-133.40824175,68.83549631],[-132.92821324,68.67901921],[-133.49024951,68.79087257],[-133.10545886,69.05342674],[-132.87208831,68.95927656],[-132.76113141,69.22896516],[-132.48613334,69.14283526],[-132.1011554,69.48741066],[-130.94612896,69.53803635],[-129.38874805,70.09569228],[-130.69933391,70.11273718],[-131.23714423,69.83609903],[-131.43101096,69.94967413],[-132.54907048,69.73242891],[-132.35147715,69.65443206],[-132.83583176,69.65365863],[-133.01574636,69.57329321],[-132.93372881,69.43841946],[-134.59209037,69.06409776],[-133.67269552,68.31644654],[-134.19455886,67.76661503],[-134.09903288,67.61619985],[-134.63051462,67.69848442],[-135.27407014,68.13197267],[-135.09907925,68.22049844],[-136.17412782,68.86494064],[-137.94702184,69.07608461],[-139.42493951,69.54577255],[-140.99227042,69.64560165],[-140.32562298,70.15708899],[-139.03360895,71.6889197],[-137.50341303,72.77745499],[-137.57081647,72.94458314],[-136.60717623,73.03172077],[-136.5196159,73.33371184],[-137.19646694,74.00760005],[-137.41792838,74.62644565],[-137.2634168,75.15426801],[-136.71997331,75.7931024],[-137.17475764,76.77266103],[-136.6887091,77.58613631],[-135.5739893,78.19319288],[-132.48051882,79.27898147],[-127.58436676,80.60530586],[-116.81541275,82.26533637],[-115.63785823,82.99197077],[-111.59963944,84.12265918],[-107.42342968,84.80656754],[-99.36330876,85.69461561],[-90.384848,86.18065343],[-80.36710169,86.41067559],[-60.14974661,86.32415183],[-57.95368859,85.83470728],[-56.48138217,84.36315331],[-56.89184042,83.55632274],[-57.71235415,82.93163548],[-59.37848021,82.31929432],[-67.11861111,80.75],[-68.33333333,80.41666667],[-69.33333333,79.65],[-73,78.80138889],[-73.76666667,78.41666667],[-74.76666667,77.5],[-75,76.68444444],[-72.88333333,74.73388889],[-68.20083333,73.61916667],[-66.4175,73.41916667],[-63.5025,72.10111111],[-61.28444444,70.55027778],[-60.85166667,69.48444444],[-60.03444444,68.93555556],[-58.70111111,68.4175],[-57.9025,67.45083333],[-57.65166667,66.61916667],[-57.81694444,64.0675],[-58.03333333,63.58333333],[-57.35027778,62.00138889],[-57.27151336,61.40983532],[-57.52872186,61.1840749],[-56.97536825,60.26655099],[-55.55866951,58.95100356],[-54.92712946,57.81532035],[-52.43176123,56.64506195],[-50.43340877,54.79661411],[-50.07043062,53.99121657],[-50.08836652,53.05500932],[-49.87700982,52.36076771],[-48.78480559,51.57649202],[-48.14936692,50.57590565],[-47.70848042,47.88228071],[-47.76825772,47.04950237],[-48.66464696,45.29529452],[-49.96209404,44.1425124],[-51.0412469,43.64117716],[-52.28246194,43.34816756],[-53.81700853,43.28001929],[-55.10530584,43.45705512],[-56.00890916,42.03985355],[-57.71773877,40.98804373],[-60.00316566,40.5884538],[-62.2882552,41.02593456],[-64.09482484,40.25195073],[-65.87903626,40.05301577],[-65.70801176,40.42883093],[-67.74305556,42.88722222],[-66.88541568,44.79419196],[-67.29123159,45.18159029],[-67.0469681,45.06875086],[-66.06175995,45.24690628],[-66.22739172,45.34982181],[-66.02292216,45.56216753],[-66.14992666,45.81344485],[-66.86472762,45.95208764],[-66.10136676,45.79452765],[-66.23502767,45.90419924],[-65.87102687,46.20259166],[-66.11747575,45.85889637],[-66.06349087,45.703125],[-65.76788545,45.92915845],[-66.04599667,45.71968818],[-65.98286426,45.56364095],[-65.86146736,45.64708185],[-66.21775472,45.36260915],[-65.85628748,45.53771925],[-66.11419833,45.30059826],[-66.00838268,45.21609592],[-64.65183854,45.72043037],[-64.75302351,46.08077455],[-64.92185473,46.05604434],[-64.75652564,46.09234893],[-64.53203988,45.73802221],[-64.33469474,45.88768601],[-64.27348816,45.76605666],[-64.91330755,45.42975831],[-64.77449977,45.33109105],[-63.32802427,45.36957717],[-63.47575915,45.33536303],[-63.39092731,45.19933236],[-63.50890374,45.3275696],[-64.17123592,45.18829727],[-64.12539434,45.05084193],[-64.4986037,45.33607161],[-66.14414895,44.46722352],[-65.93807101,44.57838941],[-66.21455836,44.09792602],[-66.16888237,43.80532384],[-66.0655632,43.70436525],[-65.97659588,43.87083638],[-65.72877491,43.4905616],[-65.47223163,43.44892395],[-65.37241054,43.73069513],[-65.1271069,43.65313625],[-64.56018662,44.06758416],[-64.35492742,44.28392422],[-64.49038422,44.36743724],[-64.28798044,44.24172854],[-64.30507171,44.56232142],[-64.08819282,44.46919596],[-63.907848,44.68571174],[-63.93803132,44.50543451],[-63.63957274,44.47153914],[-63.66305363,44.70762491],[-62.80475056,44.71573746],[-62.87896633,44.81197107],[-61.98208821,44.97580147],[-61.99789882,45.13520241],[-61.64955628,45.11919904],[-61.84173524,45.25974882],[-61.05109668,45.23607826],[-61.48866916,45.35421681],[-61.59196234,45.45535707],[-61.26344717,45.45412075],[-61.48968494,45.6931653],[-61.8864187,45.69168162],[-61.92189217,45.85712194],[-62.7239331,45.65571845],[-63.77618086,45.79155576],[-64.08218384,46.02029192],[-63.80400765,46.08351922],[-64.83178628,46.40059114],[-64.73110497,46.69508505],[-65.08878052,46.52338684],[-64.86249483,46.66134834],[-64.99801505,46.72558701],[-64.81024456,46.98468482],[-65.81001866,46.93395674],[-64.97331345,47.27751124],[-64.78376925,47.65109813],[-65.01303542,47.65825856],[-64.67829645,47.71094334],[-65.19791925,47.81280971],[-65.60157692,47.65659571],[-65.76440191,47.86348236],[-66.92051125,47.98399961],[-65.90239763,48.2150979],[-65.40682626,48.00075281],[-64.77309382,48.20579374],[-64.20480835,48.52441943],[-64.57833195,48.82765615],[-64.16405153,48.74820185],[-64.43900442,49.0310415],[-66.05399835,49.22150612],[-68.17407203,48.63765562],[-69.51204741,47.94191575],[-70.49348116,47.01426017],[-72.15628707,46.54077852],[-73.14738846,46.04277945],[-73.52379274,45.51583874],[-74.81774986,44.95849872],[-73.95173895,45.32873654],[-74.33817172,45.49914455],[-73.46351945,45.72021604],[-73.14296341,46.11231577],[-72.26868606,46.44954824],[-72.19551945,46.62831855],[-71.26130426,46.76429856],[-70.23213851,47.48752761],[-69.71958864,48.09066558],[-71.19845343,48.44764078],[-69.68519115,48.13622415],[-69.06010008,48.76508784],[-68.62309635,48.91700566],[-68.89359093,48.98228455],[-67.37066972,49.32533681],[-67.1484375,49.80831456],[-66.44370568,50.26705027],[-64.28506076,50.2919476],[-64.05374575,50.57001162],[-64.24079156,50.31911051],[-61.64371705,50.14562488],[-61.71582723,50.89493954],[-61.53641677,51.0679754],[-62.03804755,51.85079527],[-61.53825414,51.09035015],[-61.70255876,50.80478215],[-61.59066796,50.15337551],[-61.80297005,50.10597992],[-59.8288002,50.31838024],[-59.60025597,50.47926176],[-59.77232385,51.01599395],[-59.5936774,50.47913575],[-59.42736995,50.55077803],[-59.55772352,50.66939366],[-58.9509896,50.82370305],[-58.89629567,51.05396676],[-58.58380926,51.16801524],[-58.69518435,51.44049633],[-57.98496354,51.31868005],[-57.67119205,51.62482274],[-57.67868614,51.49387002],[-56.97478378,51.42055857],[-55.69046807,52.16646814],[-56.22681296,52.44729495],[-55.63534617,52.36101997],[-56.69679642,52.65510404],[-55.75414813,52.61745906],[-56.20812845,52.84329152],[-55.81288362,52.88955736],[-56.10735238,52.97307813],[-55.74012911,53.25122094],[-56.27637637,53.55472136],[-56.05667567,53.53622663],[-56.72384846,53.68191123],[-56.40242684,53.71541405],[-56.54874301,53.7686311],[-57.02051175,53.7131927],[-57.37572634,53.37770975],[-57.28742838,53.5336132],[-57.45507395,53.56279457],[-57.12606156,53.73401594],[-57.53850436,53.88088512],[-57.09169626,53.81702948],[-57.61121523,54.16535556],[-58.37065733,54.20076942],[-57.79082477,54.07997584],[-58.85380554,53.94807613],[-60.04902041,53.34544587],[-60.62375355,53.33938265],[-60.15160811,53.45890892],[-60.11092842,53.67857063],[-58.39014375,54.21714342],[-59.51023984,53.98886883],[-57.39185894,54.5000236],[-57.46630907,54.65944374],[-58.19307578,54.74580395],[-57.84033132,54.81196594],[-57.99588752,54.7860893],[-57.95914054,54.92933822],[-59.22846246,54.73252368],[-58.93617427,54.83868015],[-59.02341616,55.14910972],[-59.39006996,54.97165775],[-59.14640474,55.14758086],[-59.28587794,55.18588793],[-59.93232012,54.74372232],[-59.41462755,55.15857923],[-59.99014986,55.11040235],[-59.78077054,55.32764936],[-60.41122484,54.94159615],[-60.04036558,55.25974536],[-60.6928575,54.98492885],[-60.21275425,55.41635036],[-60.50221133,55.32909811],[-60.44702685,55.76833415],[-60.68849278,55.538064],[-60.65028715,55.82890821],[-61.03372574,55.72265625],[-60.79513061,55.75100625],[-61.92357266,55.98864782],[-62.19069612,55.86980093],[-61.30947006,56.02407515],[-61.48839867,56.06447947],[-61.33958065,56.22551787],[-62.04013467,56.22091687],[-61.58642554,56.27814424],[-62.17547345,56.49990714],[-61.64582157,56.52038384],[-62.50642455,56.75282001],[-61.68546343,56.61642241],[-61.92883873,56.79880404],[-61.34616351,56.95832014],[-61.36183834,57.09748316],[-62.01582205,57.23106337],[-61.86621904,57.2838912],[-61.95935333,57.42890275],[-62.57561874,57.49944484],[-61.90481091,57.61569297],[-62.13257921,57.96570706],[-62.67822814,57.92902494],[-62.31721926,58.03092015],[-62.53684795,58.17893994],[-63.36171556,57.96745813],[-62.66966236,58.16357684],[-62.8348217,58.24454105],[-62.63036084,58.38553381],[-63.27637446,58.46268594],[-63.60443926,58.29014575],[-62.88368475,58.71991098],[-63.35881841,58.86520612],[-63.13996685,59.05356884],[-64.03969026,59.01761734],[-63.40711796,59.1229074],[-63.38339186,59.26633131],[-64.04955196,59.38305843],[-63.72540975,59.50727725],[-64.12240756,59.51808572],[-63.92866075,59.65635955],[-64.16247201,59.6858561],[-64.28970087,59.93587363],[-64.16544795,59.97413516],[-64.52497053,59.89965737],[-64.36868656,60.16576612],[-64.72915435,60.24242878],[-64.36697984,60.240857],[-64.84666622,60.37234044],[-65.18913412,59.92371595],[-65.09729445,59.78679848],[-65.34058476,59.85617507],[-65.52130926,59.68566346],[-64.89647222,59.36542964],[-65.63511217,59.40373301],[-65.47094631,59.1410017],[-65.71875525,59.28239024],[-65.59923995,59.06950486],[-65.33638644,59.06606674],[-65.59214854,59.05843616],[-65.36520255,58.92490613],[-65.68499482,59.06020415],[-65.66129327,58.93576121],[-65.98813915,58.9135344],[-65.40417814,58.64363825],[-64.6875,58.60658467],[-65.82088685,58.85487604],[-66.08156228,58.76076972],[-65.82238865,58.57744884],[-66.05441046,58.33670831],[-65.57053304,58.03225446],[-65.62476754,57.80456877],[-65.39965427,57.54438925],[-65.63275564,57.80314386],[-65.59119534,58.04533851],[-66.08586216,58.33969867],[-65.92238188,58.61435056],[-66.35537326,58.82064533],[-67.0658195,58.26600051],[-67.17446315,58.38383305],[-67.5822345,58.22619116],[-67.69997776,57.91431355],[-67.69993305,58.41162908],[-68.00057876,58.12463641],[-67.84901535,58.30830252],[-67.99193084,58.57285798],[-68.38532245,58.04883647],[-69.49456942,57.66472125],[-69.01437581,56.86182284],[-69.14301515,56.30197537],[-68.4240365,55.85577333],[-69.17381644,56.32381856],[-69.08036625,57.01272798],[-69.31978345,57.19378042],[-69.24373174,57.43484342],[-69.63102162,57.67990208],[-70.3125,57.62667406],[-71.24563634,57.04316974],[-70.73713994,57.28396392],[-72.03343046,57.13488984],[-71.21438384,57.21466184],[-70.33098245,57.6253767],[-69.79390764,57.58878553],[-68.32938528,58.12328494],[-68.18652284,58.45351183],[-68.52175868,58.86926186],[-69.24300241,58.90110791],[-69.81159091,58.58194625],[-69.78286624,58.71082044],[-70.18784034,58.78788662],[-69.77084267,58.96982086],[-69.54588783,58.80939865],[-69.34686387,59.08973408],[-69.51083791,59.12040615],[-69.23343635,59.24473012],[-69.75415981,59.31128216],[-69.51459634,59.62374425],[-69.76048195,59.90775526],[-71.88904846,59.98997831],[-71.16186941,60.07418478],[-71.52416086,60.1650871],[-69.77171195,59.99675643],[-69.59472167,60.20567203],[-69.75467944,60.30769622],[-69.62565267,60.73565137],[-69.35970402,60.81784284],[-69.50647712,61.06617713],[-69.92607081,60.83473206],[-70.34720933,61.08776093],[-71.41832411,61.13677788],[-71.90204442,61.38656974],[-71.57034576,61.40367556],[-71.86825085,61.43090296],[-71.52814865,61.57145786],[-71.91755724,61.70746624],[-72.26297891,61.57725084],[-72.08015084,61.60108531],[-72.22739255,61.87799025],[-72.77678692,61.8327713],[-72.59544134,62.0423398],[-73.67094314,62.47956502],[-74.69111562,62.25307715],[-74.49474311,62.09847355],[-75.36299646,62.31539476],[-75.90413737,62.16666245],[-75.56555104,62.2663002],[-77.35849416,62.56001472],[-78.18179786,62.25716865],[-77.96959615,61.69441521],[-77.18026555,61.67141175],[-77.70973301,61.54379821],[-77.56359136,61.48178875],[-77.72165191,61.18582153],[-78.22589707,60.81124413],[-77.49259937,60.84712708],[-77.83454692,60.64841294],[-77.43238676,60.54431045],[-77.77386177,60.39439714],[-77.46333432,60.03033865],[-76.89435065,60.09763765],[-76.76180851,60.15283263],[-76.93400705,60.29874456],[-75.90089667,60.63053274],[-76.51850021,60.52010882],[-76.8775084,60.26173604],[-76.74880171,60.16035092],[-77.22528768,60.08215904],[-77.45508587,59.91581333],[-77.31340575,59.82846785],[-77.57651007,59.74849522],[-77.46822238,59.61737406],[-77.78574967,59.70638156],[-77.72119713,59.54641795],[-77.40451717,59.54741275],[-77.88946044,59.50665951],[-77.93009436,59.38848841],[-77.65577173,59.38179958],[-78.14876986,59.19917762],[-78.0827955,59.0888164],[-78.46191514,58.91394901],[-78.35499632,58.70722568],[-78.58464158,58.64810836],[-77.87055647,58.52516162],[-78.00867367,58.35813046],[-77.00412202,58.0205996],[-77.18709254,58.0078125],[-76.65951812,57.36849713],[-76.55217803,56.91447616],[-76.02584052,56.8689756],[-76.54975581,56.90757251],[-76.6663866,56.19509971],[-76.48848343,56.15907836],[-76.43010664,56.53209364],[-75.96599722,56.18796277],[-76.640625,56.16238844],[-76.59655797,55.92785347],[-76.79551232,56.00078654],[-77.79161751,55.26848161],[-76.97381115,55.23179734],[-77.36398256,55.14539766],[-76.93609357,54.93092763],[-77.60173225,55.28563333],[-79.71623683,54.64830315],[-79.02885842,54.4921875],[-79.48615134,54.40079451],[-79.27945507,54.23593342],[-79.39058006,54.17873323],[-79.07785487,54.16749001],[-78.96571422,54.00730193],[-79.10822725,53.94571376],[-78.5752238,53.73797393],[-79.10335958,53.74077737],[-78.88737762,53.55765665],[-79.1324923,53.49505007],[-78.80561137,52.99909651],[-78.91184795,52.91611791],[-78.70773792,52.87013924],[-78.86096406,52.74785435],[-78.76684475,52.54197156],[-78.32482517,52.22994006],[-77.65981674,52.22960293],[-78.55038142,52.23372006],[-79.04167402,51.76132715],[-78.35732984,51.50589323],[-78.75,51.59626114],[-78.40834212,51.3695327],[-78.89596033,51.39438617],[-79.33365548,51.66012514],[-79.83725238,51.15767455],[-80.38419771,51.33444405],[-80.80125845,51.14391077],[-80.41314995,51.35889912],[-80.56266654,51.69067228],[-81.49469292,52.22463012],[-82.85371375,51.88503528],[-81.52294815,52.34050858],[-82.13757086,52.89528155],[-83.48406661,52.91015625],[-82.26865184,52.96943724],[-82.12297881,53.75738204],[-82.47231185,54.19835091],[-82.19184017,54.81403446],[-82.25628877,55.11296737],[-83.671875,55.26925206],[-83.53850734,55.14830816],[-83.92319965,55.05639565],[-83.70087993,55.21961224],[-85.04617083,55.27326763],[-85.57103264,54.82066596],[-86.25804794,54.68883455],[-85.56217182,54.83263242],[-85.11118746,55.29145157],[-85.94006085,55.66828644],[-87.35342181,55.96220064],[-87.98394823,56.47470164],[-88.80841458,56.78797686],[-90.19580185,56.96348846],[-90.08207595,57.04208255],[-90.63504541,57.23778987],[-92.58010101,56.90482771],[-92.79944193,56.42578125],[-92.64022887,56.86524415],[-92.20861864,57.05894363],[-92.49319613,57.03655243],[-92.46030796,57.46170831],[-93.14334726,58.67675793],[-94.70885825,58.87389255],[-94.83896685,59.95324373],[-94.63824463,60.38465726],[-95.34616911,60.47466254],[-94.55318034,60.53205693],[-94.50059853,60.86399175],[-93.99997687,61.08461714],[-94.3235085,61.39577854],[-93.26516736,61.76314223],[-93.63563442,61.94060338],[-93.00399721,61.83888698],[-93.40531754,61.93794215],[-93.06702626,62.04145253],[-93.20977187,62.21001005],[-92.79043674,62.17261326],[-93.07128584,62.33208275],[-92.57588255,62.19634414],[-92.77287185,62.36748505],[-92.18334115,62.35944855],[-92.62546897,62.59137511],[-91.83767962,62.61112046],[-92.34556937,62.73062861],[-92.28480363,62.83820522],[-91.40593147,62.79101503],[-90.80024302,62.91580844],[-90.64826262,63.17264462],[-91.6959002,63.63888466],[-92.47977495,63.52353466],[-92.13839233,63.63057494],[-93.37077844,63.96682215],[-93.26452732,63.82115483],[-94.29321551,63.98861027],[-93.53176785,63.97895002],[-93.79457712,64.20718563],[-93.44444263,63.99825811],[-90.89439785,63.56772912],[-90.13430285,63.68284821],[-90.00728965,63.79494846],[-90.37931836,63.99118781],[-89.82421815,63.92067277],[-90.21197951,64.13412225],[-89.76556134,64.25030684],[-89.51282215,63.97373104],[-89.56241417,64.08556437],[-89.15074706,63.98556876],[-89.22436476,64.11303616],[-88.56131375,64.02006757],[-88.77175081,64.11269093],[-88.01580715,64.21435535],[-87.03784573,64.95477486],[-87.02195024,65.18314373],[-89.05471432,65.32842576],[-89.62799513,65.69279468],[-90.46919095,65.87788308],[-89.71065426,65.83372545],[-90.05660915,65.94790542],[-89.71888328,65.9281522],[-89.83341205,65.98080587],[-88.3688426,65.62727404],[-88.84419334,65.64784646],[-88.03563881,65.35217643],[-87.34686744,65.31960785],[-85.86044657,66.15966046],[-86.62024415,66.31796777],[-86.72806478,66.49273884],[-85.43412387,66.59785461],[-85.26905465,66.31898296],[-84.92949414,66.23250544],[-83.75899374,66.2047019],[-83.88360131,66.45097733],[-84.73611796,66.89447665],[-84.54331624,66.89763975],[-85.18311656,66.86867321],[-84.32247806,66.9640938],[-84.56038463,66.98180628],[-84.10762942,66.69858003],[-83.91803372,66.9187535],[-83.93695295,66.71777344],[-83.46875358,66.39147341],[-83.61614311,66.41337848],[-83.31228864,66.35779572],[-82.12222886,66.70573461],[-82.06635153,66.93271327],[-81.45947194,66.99480021],[-81.18755364,67.45436466],[-82.082955,67.90804315],[-81.96718395,68.17138636],[-82.48266125,68.30850351],[-82.04952991,68.29672706],[-82.64196706,68.42668104],[-82.19971013,68.45806205],[-82.79979312,68.61335266],[-81.97778475,68.85703635],[-81.92589033,68.67594063],[-82.22732413,68.63603425],[-81.94451571,68.41904664],[-81.59232974,68.51409042],[-81.20641744,68.77316082],[-82.04402292,68.88162017],[-81.23573852,69.08833158],[-83.2511636,69.55818355],[-82.46465206,69.49162245],[-82.81152546,69.56702936],[-82.21521926,69.63570166],[-85.54185832,69.86084867],[-85.15673172,69.78557825],[-85.49363816,69.76521027],[-85.31523514,69.44706321],[-85.47353315,69.32329905],[-85.17708874,69.19385338],[-85.3082422,69.15531313],[-84.51778471,69.0189929],[-85.17626107,68.85899746],[-84.77354741,68.80451012],[-85.64316785,68.72133243],[-85.87752378,68.0397613],[-86.51074708,67.68481088],[-86.51248682,67.33021152],[-86.76205754,67.42208731],[-86.96324015,67.35029936],[-86.84751666,67.16554678],[-87.25503385,67.11512065],[-87.5667361,67.1969707],[-87.35181141,67.22976041],[-88.32851517,67.93381143],[-88.38234341,68.27444625],[-87.78062618,68.3354609],[-87.92736745,68.71327233],[-89.26523376,69.26623976],[-89.74746704,68.97054112],[-89.67392278,68.81665623],[-89.90221334,68.65886354],[-89.79042423,68.54368865],[-90.08737206,68.33785784],[-89.33943212,68.16584313],[-90.13860667,67.85234487],[-90.21879315,67.65695548],[-89.93870366,67.45021975],[-90.26531565,67.67848051],[-89.37140667,68.13905525],[-89.98568654,68.34045935],[-90.69082856,68.29441881],[-90.28545419,68.37150948],[-90.59192157,68.45362675],[-90.41535985,68.84301436],[-91.42195785,69.35180354],[-90.35281944,69.45346272],[-91.28685915,69.41175115],[-91.08901334,69.50912833],[-91.61782086,69.51769114],[-91.21558845,69.63377702],[-91.78999054,69.50278401],[-92.98391354,69.68581188],[-91.94059145,70.02110732],[-92.54205167,70.1770606],[-91.51253521,70.15076864],[-91.72088146,70.36738205],[-92.06148112,70.30684841],[-92.27903914,70.49412751],[-92.14690471,70.58064318],[-92.97836876,70.83639586],[-92.84480846,70.86017394],[-92.92526567,71.2899996],[-93.78089547,71.64641607],[-93.67509055,71.75804961],[-94.37681675,71.67197025],[-94.32829714,71.79564345],[-94.63316047,71.82466137],[-94.45826113,71.98184514],[-95.17248321,71.95440948],[-94.57675564,71.86288297],[-95.89876986,71.60305357],[-95.18981636,71.52475524],[-95.50337636,71.46276152],[-95.41323614,71.37528264],[-96.44682515,71.27482665],[-96.33232462,71.14756501],[-96.52407014,71.13472855],[-96.40137887,71.07255387],[-96.57875872,70.85703492],[-96.15463913,70.61719465],[-95.73911655,70.72047913],[-96.03572333,70.62246144],[-95.7622025,70.53620446],[-96.21877825,70.56936991],[-96.49947083,70.35889733],[-96.47932017,70.09947813],[-95.92555344,69.78100336],[-94.81770766,69.56201375],[-94.58060253,69.68576694],[-94.24021351,69.44327855],[-93.51676643,69.53585601],[-93.57278907,69.36791325],[-93.34383035,69.38138735],[-93.82268202,69.16473544],[-93.52810371,69.42721736],[-94.26443553,69.32221973],[-94.30065751,69.16659975],[-94.0102818,69.15613544],[-94.54749608,68.94508016],[-94.61364877,68.75463665],[-94.06798697,68.76337481],[-93.80242407,68.89022827],[-93.99423897,68.83880997],[-93.87183905,69.01505971],[-93.57192755,68.85827756],[-93.7379297,68.61801171],[-93.00421596,68.70564556],[-93.47896576,68.60697532],[-93.29662585,68.42275965],[-93.44530678,68.56641924],[-93.99683476,68.46073234],[-94.85810876,68.00963235],[-95.44643712,68.05993974],[-95.69462395,67.73447692],[-95.29656017,67.54558361],[-95.23783934,67.22253788],[-95.04759276,67.15568173],[-94.29933834,67.57400835],[-93.46597195,67.32172835],[-94.30283701,67.57340431],[-95.30646586,67.13699794],[-95.11291087,66.99644125],[-95.27412272,66.90703118],[-95.95510113,66.96451604],[-95.6268692,66.67468774],[-95.76329446,66.61175406],[-96.43673241,67.07134044],[-95.31010771,66.9926337],[-95.45026195,67.20352507],[-95.70659006,67.17999291],[-95.52646744,67.32513106],[-96.10858226,67.22130442],[-96.22590244,67.25824821],[-96.04360306,67.45807636],[-96.46371222,67.55672204],[-96.13194954,67.63134575],[-95.88305712,68.27700377],[-96.66584206,68.00002766],[-96.83880901,68.11428678],[-96.36829758,68.32228506],[-97.04201865,68.29221594],[-96.88960445,68.26158381],[-97.30638647,68.50696456],[-97.98120368,68.5454545],[-97.68536735,68.36035585],[-98.17658567,68.31872487],[-98.67376053,68.40104961],[-98.09486151,67.84385276],[-97.63289762,68.02401543],[-97.07865131,67.78364515],[-97.19506705,67.70996118],[-97.03273916,67.77218008],[-97.61178875,67.59941781],[-98.6452353,68.12426996],[-98.70003223,67.97435975],[-98.32840395,67.80271566],[-100.60800171,67.75407445],[-100.28744256,67.58456743],[-100.67827165,67.85340512],[-100.88440752,67.7982738],[-100.70952654,67.69147491],[-101.39848125,67.74245048],[-101.43396902,67.55316007],[-102.20344925,67.73191237],[-101.90842605,67.36837697],[-102.41329312,67.78340185],[-103.35331523,68.01262856],[-103.38164783,68.15502346],[-104.47757006,68.02039218],[-104.58180857,68.25074065],[-105.53180826,68.40602934],[-105.27913332,68.45836628],[-105.76885283,68.88301575],[-108.33518148,68.60778785],[-108.70995903,68.34946942],[-107.56495082,68.16575384],[-107.89088523,68.27266967],[-106.51713026,68.29372811],[-106.60110497,68.46763992],[-105.62524617,68.64003468],[-105.74247241,68.41229844],[-106.48414457,68.24581325],[-106.26833785,68.1856637],[-107.67438006,68.05280304],[-108.01523221,67.78191924],[-107.56720543,67.50264788],[-107.57884395,67.2635324],[-107.1294893,67.14601111],[-107.41107476,67.06403887],[-107.06352174,66.82134664],[-107.44741726,66.98394978],[-107.38556826,66.82811308],[-107.55756295,66.84056902],[-107.62482214,67.07999766],[-107.78765428,66.77569556],[-107.1130201,66.32256738],[-108.60333586,67.1484375],[-107.87003315,67.05455685],[-107.97832143,67.29070032],[-108.62142575,67.62786984],[-108.81329393,67.35216022],[-108.9687469,67.65559494],[-109.65926945,67.71238422],[-110.04982281,68.01196837],[-112.64632523,67.67118776],[-115.76901531,67.90320027],[-115.09300971,68.00652146],[-115.22778165,68.18223214],[-114.73471653,68.18414152],[-115.02168226,68.28644991],[-113.94274032,68.35065734],[-115.0311805,68.87744415],[-117.85943615,68.99575233],[-121.40766144,69.77391064],[-122.95842111,69.82796717],[-123.46707034,69.38494051],[-124.46187782,69.36182022],[-124.03636014,69.67983425],[-124.51142025,69.72507131],[-124.39386225,69.98245287],[-124.67299116,70.13657308],[-124.52936411,70.1982764],[-125.20684624,70.01525772],[-124.65168488,69.99465084],[-125.30054545,69.81185305],[-124.81065273,69.71501184],[-125.38621712,69.67592776],[-125.51285195,69.57543647],[-125.15784693,69.49211586],[-125.50501025,69.50790763],[-125.64562142,69.41018784],[-125.17320085,69.45837986],[-125.51974952,69.32053316],[-126.31347621,69.53663528],[-127.17584097,70.23679996],[-128.01501608,70.56665671],[-128.21261656,70.38802612],[-127.2440294,70.14289856],[-128.32220042,70.12942791],[-128.20197797,69.89956856],[-128.98884785,69.72118855],[-128.84090495,69.64394343],[-129.45449853,69.82427585],[-130.34054434,69.68269694],[-131.15653539,69.07600613],[-130.94292581,69.42257225],[-131.01362824,69.52700436],[-131.04854774,69.34455943],[-131.12948966,69.54995477],[-131.18651712,69.31501245],[-131.28594303,69.55928564],[-131.15822911,69.42076695],[-131.36976194,69.28550518],[-131.20543742,69.36993694],[-131.28713346,69.49523962],[-131.25221348,69.3696264],[-131.46924162,69.45965695],[-131.36645365,69.3916347],[-131.59451675,69.28876531],[-131.484375,69.34430802],[-131.64690495,69.45753801],[-131.96487045,69.39124358],[-131.84308195,69.3526566],[-131.97695422,69.21146452],[-131.85345018,69.28994823],[-132.85427117,68.96126795]]]]}},{"type":"Feature","id":"marine-8494","properties":{"code1":"pm","name1":"Saint-Pierre and Miquelon","code2":"","name2":"","code3":"","name3":"","aidCode1":"pm","aidName1":"Saint-Pierre and Miquelon","aidCode2":"","aidName2":"","aidCode3":"","aidName3":"","selectionAid":true,"preserveOverviewDetail":false,"selectionAidRadiusNm":null},"geometry":{"type":"MultiPolygon","coordinates":[[[[-56.255,47.30527778],[-55.90333333,46.64611111],[-56.15044444,46.55477778],[-56.15722222,43.41611111],[-56.39802778,43.41791667],[-56.40433333,46.36772222],[-56.87138889,46.58222222],[-57.09222222,46.96388889],[-56.49444444,47.365],[-56.255,47.30527778]]]]}},{"type":"Feature","id":"marine-8495","properties":{"code1":"mf","name1":"Collectivity of Saint Martin","code2":"","name2":"","code3":"","name3":"","aidCode1":"mf","aidName1":"Collectivity of Saint Martin","aidCode2":"","aidName2":"","aidCode3":"","aidName3":"","selectionAid":true,"preserveOverviewDetail":false,"selectionAidRadiusNm":null},"geometry":{"type":"MultiPolygon","coordinates":[[[[-62.73944444,18.15583333],[-63.28635277,17.87369815],[-63.63404376,17.94799707],[-62.73944444,18.15583333]]]]}},{"type":"Feature","id":"marine-8758","properties":{"code1":"tl","name1":"East Timor","code2":"","name2":"","code3":"","name3":"","aidCode1":"tl","aidName1":"East Timor","aidCode2":"","aidName2":"","aidCode3":"","aidName3":"","selectionAid":true,"preserveOverviewDetail":false,"selectionAidRadiusNm":null},"geometry":{"type":"MultiPolygon","coordinates":[[[[125.67109316,-8.11890577],[127.42847719,-8.3205978],[127.92686067,-9.44904214],[128.50085542,-9.63230907],[128.20788178,-10.48661892],[127.65911389,-11.077125],[126.3062444,-11.40016944],[125.86937748,-10.24767172],[125.11053371,-9.43762004],[126.47004461,-8.94760776],[127.30168176,-8.41761124],[126.97667074,-8.32558417],[125.21062016,-8.60557055],[124.95255744,-8.95528555],[124.99623554,-8.53378014],[125.67109316,-8.11890577]]]]}},{"type":"Feature","id":"marine-21787","properties":{"code1":"cl-vs","name1":"Easter Island","code2":"","name2":"","code3":"","name3":"","aidCode1":"cl-vs","aidName1":"Easter Island","aidCode2":"","aidName2":"","aidCode3":"","aidName3":"","selectionAid":true,"preserveOverviewDetail":false,"selectionAidRadiusNm":null},"geometry":{"type":"MultiPolygon","coordinates":[[[[-105.20747911,-23.1263288],[-104.15210632,-23.31022884],[-103.20544568,-23.75930376],[-102.40640906,-24.46854187],[-101.88133502,-25.33121636],[-101.65071404,-26.28462862],[-101.7348785,-27.26480105],[-102.13452009,-28.17494214],[-102.79802286,-28.92186035],[-104.33788689,-29.69453347],[-105.52158553,-29.81715074],[-106.68946911,-29.60630201],[-107.99535709,-30.29546191],[-109.31229447,-30.54459471],[-111.08811071,-30.22106318],[-112.45798443,-29.22956041],[-113.06259394,-28.13495882],[-113.17469158,-26.88936825],[-112.76566213,-25.64962853],[-111.91673039,-24.61623542],[-110.2798786,-23.80984792],[-109.04269793,-23.72251087],[-107.84188855,-23.99485433],[-106.60950135,-23.32129955],[-105.20747911,-23.1263288]]]]}},{"type":"Feature","id":"marine-21788","properties":{"code1":"gg","name1":"Guernsey","code2":"","name2":"","code3":"","name3":"","aidCode1":"gg","aidName1":"Guernsey","aidCode2":"","aidName2":"","aidCode3":"","aidName3":"","selectionAid":true,"preserveOverviewDetail":false,"selectionAidRadiusNm":null},"geometry":{"type":"MultiPolygon","coordinates":[[[[-2.2460109,49.9403187],[-2.0539667,49.9029273],[-2.1360472,49.542325],[-2.5601889,49.2202779],[-2.9356361,49.303914],[-3.020931,49.4504213],[-2.8418671,49.6524419],[-2.2460109,49.9403187]]]]}},{"type":"Feature","id":"marine-21789","properties":{"code1":"je","name1":"Jersey","code2":"","name2":"","code3":"","name3":"","aidCode1":"je","aidName1":"Jersey","aidCode2":"","aidName2":"","aidCode3":"","aidName3":"","selectionAid":true,"preserveOverviewDetail":false,"selectionAidRadiusNm":null},"geometry":{"type":"MultiPolygon","coordinates":[[[[-2.0978383,49.4587626],[-1.8393334,49.2551032],[-1.8646833,49.0597799],[-2.5266667,48.9268333],[-2.5592058,49.2134272],[-2.0978383,49.4587626]]]]}},{"type":"Feature","id":"marine-21790","properties":{"code1":"mc","name1":"Monaco","code2":"","name2":"","code3":"","name3":"","aidCode1":"","aidName1":"","aidCode2":"","aidName2":"","aidCode3":"","aidName3":"","selectionAid":false,"preserveOverviewDetail":false,"selectionAidRadiusNm":null},"geometry":{"type":"MultiPolygon","coordinates":[[[[7.41978982,43.72527956],[7.52833333,43.5525],[7.72388889,42.94638889],[7.41978982,43.72527956]]]]}},{"type":"Feature","id":"marine-21791","properties":{"code1":"tl","name1":"Oecusse","code2":"","name2":"","code3":"","name3":"","aidCode1":"tl","aidName1":"Oecusse","aidCode2":"","aidName2":"","aidCode3":"","aidName3":"","selectionAid":true,"preserveOverviewDetail":false,"selectionAidRadiusNm":null},"geometry":{"type":"MultiPolygon","coordinates":[[[[124.4654814,-9.17279804],[124.06236064,-9.3332144],[124.08021221,-8.908103],[124.43252052,-8.81380676],[124.4654814,-9.17279804]]]]}},{"type":"Feature","id":"marine-21803","properties":{"code1":"sx","name1":"Sint-Maarten","code2":"","name2":"","code3":"","name3":"","aidCode1":"sx","aidName1":"Sint-Maarten","aidCode2":"","aidName2":"","aidCode3":"","aidName3":"","selectionAid":true,"preserveOverviewDetail":false,"selectionAidRadiusNm":null},"geometry":{"type":"MultiPolygon","coordinates":[[[[-63.01456916,18.05185831],[-63.10657573,17.81494919],[-63.2672898,17.86820713],[-63.01456916,18.05185831]]]]}},{"type":"Feature","id":"marine-22491","properties":{"code1":"ba","name1":"Bosnia and Herzegovina","code2":"","name2":"","code3":"","name3":"","aidCode1":"","aidName1":"","aidCode2":"","aidName2":"","aidCode3":"","aidName3":"","selectionAid":false,"preserveOverviewDetail":false,"selectionAidRadiusNm":null},"geometry":{"type":"MultiPolygon","coordinates":[[[[17.64798963,42.88871646],[17.54488629,42.92621701],[17.59144127,42.93300355],[17.55716515,42.93188763],[17.64798963,42.88871646]]]]}},{"type":"Feature","id":"marine-22756","properties":{"code1":"cl","name1":"Islas San Félix and San Ambrosio","code2":"","name2":"","code3":"","name3":"","aidCode1":"","aidName1":"","aidCode2":"","aidName2":"","aidCode3":"","aidName3":"","selectionAid":false,"preserveOverviewDetail":false,"selectionAidRadiusNm":null},"geometry":{"type":"MultiPolygon","coordinates":[[[[-76.15513375,-26.28252744],[-76.3868984,-27.55495096],[-77.16322232,-28.66361032],[-78.37549521,-29.41580462],[-79.83251581,-29.69782023],[-81.41027926,-29.44354369],[-82.65389686,-28.76067971],[-83.52962057,-27.647077],[-83.8274991,-26.38680736],[-83.56403015,-25.09854047],[-82.76578788,-23.97594819],[-81.55403288,-23.21363181],[-80.15292677,-22.94052833],[-78.59414918,-23.20311322],[-77.37362361,-23.88445491],[-76.50376803,-24.96298618],[-76.15513375,-26.28252744]]]]}},{"type":"Feature","id":"marine-26517","properties":{"code1":"cw","name1":"Curaçao","code2":"","name2":"","code3":"","name3":"","aidCode1":"cw","aidName1":"Curaçao","aidCode2":"","aidName2":"","aidCode3":"","aidName3":"","selectionAid":true,"preserveOverviewDetail":false,"selectionAidRadiusNm":null},"geometry":{"type":"MultiPolygon","coordinates":[[[[-68.86222222,15.24111111],[-68.55902469,14.27118789],[-68.71955265,12.55895536],[-68.40522271,11.66666667],[-68.95416667,11.75833333],[-69.54599572,12.15050123],[-68.86222222,15.24111111]]]]}},{"type":"Feature","id":"marine-26518","properties":{"code1":"bq","name1":"Saba","code2":"","name2":"","code3":"","name3":"","aidCode1":"bq","aidName1":"Saba","aidCode2":"","aidName2":"","aidCode3":"","aidName3":"","selectionAid":true,"preserveOverviewDetail":false,"selectionAidRadiusNm":null},"geometry":{"type":"MultiPolygon","coordinates":[[[[-63.28635277,17.87369815],[-63.10657573,17.81494919],[-63.61381398,16.69706397],[-64.01501727,16.74628256],[-63.88734034,17.93882471],[-63.28635277,17.87369815]]]]}},{"type":"Feature","id":"marine-26519","properties":{"code1":"aw","name1":"Aruba","code2":"","name2":"","code3":"","name3":"","aidCode1":"aw","aidName1":"Aruba","aidCode2":"","aidName2":"","aidCode3":"","aidName3":"","selectionAid":true,"preserveOverviewDetail":false,"selectionAidRadiusNm":null},"geometry":{"type":"MultiPolygon","coordinates":[[[[-68.87016907,15.24185459],[-69.54599572,12.15050123],[-70.41666667,12.35],[-70.41666667,12.81666667],[-69.61932072,15.28310939],[-68.87016907,15.24185459]]]]}},{"type":"Feature","id":"marine-26520","properties":{"code1":"bq","name1":"Bonaire","code2":"","name2":"","code3":"","name3":"","aidCode1":"bq","aidName1":"Bonaire","aidCode2":"","aidName2":"","aidCode3":"","aidName3":"","selectionAid":true,"preserveOverviewDetail":false,"selectionAidRadiusNm":null},"geometry":{"type":"MultiPolygon","coordinates":[[[[-68.40522271,11.66666667],[-68.72004175,12.54978964],[-68.55902469,14.27118789],[-67.98972222,12.45],[-67.98972222,11.66666667],[-68.40522271,11.66666667]]]]}},{"type":"Feature","id":"marine-26521","properties":{"code1":"bn","name1":"Brunei","code2":"","name2":"","code3":"","name3":"","aidCode1":"bn","aidName1":"Brunei","aidCode2":"","aidName2":"","aidCode3":"","aidName3":"","selectionAid":true,"preserveOverviewDetail":false,"selectionAidRadiusNm":null},"geometry":{"type":"MultiPolygon","coordinates":[[[[114.404,5.7],[115.16520809,5.10900024],[115.05911243,4.80381274],[114.88395321,4.82942295],[115.0591253,5.04570615],[114.08257925,4.58658135],[114.09966782,4.77441442],[111.72595736,6.97507194],[112.58141155,7.58737733],[114.404,5.7]]]]}},{"type":"Feature","id":"marine-26522","properties":{"code1":"kz","name1":"Kazakhstan","code2":"","name2":"","code3":"","name3":"","aidCode1":"","aidName1":"","aidCode2":"","aidName2":"","aidCode3":"","aidName3":"","selectionAid":false,"preserveOverviewDetail":false,"selectionAidRadiusNm":null},"geometry":{"type":"MultiPolygon","coordinates":[[[[53.05601171,45.75973137],[52.99883151,45.65145385],[53.23197055,45.68597794],[53.05473852,45.64614987],[53.08496284,45.45460868],[53.83544135,45.28746152],[51.78678465,45.42222404],[51.24957788,45.19918323],[51.17563224,44.83686006],[51.59126747,44.51576817],[50.25094712,44.54391742],[50.24897766,44.38674915],[50.83993554,44.19935334],[51.28425014,43.53550625],[51.28608334,43.14403272],[51.64378417,43.18596876],[51.90424454,42.83837116],[52.74319994,42.72481155],[52.71619058,42.57854354],[52.58095956,42.74283063],[52.68697894,42.56460893],[52.41122045,41.73694268],[51.45665017,41.22276674],[51.04369165,41.73641638],[50.37840447,42.01006186],[49.91508785,42.60552261],[50,42.75],[49.335,43.28333333],[49,43.32],[49,44.06666667],[49.6,44.06666667],[49.6,44.33333333],[49.08833333,44.33333333],[49.175,45.09833333],[50.01666667,45.985],[49.26516378,46.29258931],[49.72351634,46.23046875],[49.63874674,46.36693954],[50.87656891,47.06690502],[51.55142283,47.05839491],[50.79357326,46.93614817],[51.45262122,46.97608554],[51.75311255,46.76027823],[52.80205584,46.95670712],[53.10058916,46.88596594],[53.28392506,46.52792335],[53.28180945,45.96974134],[53.05601171,45.75973137]]]]}},{"type":"Feature","id":"marine-26523","properties":{"code1":"tm","name1":"Turkmenistan","code2":"","name2":"","code3":"","name3":"","aidCode1":"","aidName1":"","aidCode2":"","aidName2":"","aidCode3":"","aidName3":"","selectionAid":false,"preserveOverviewDetail":false,"selectionAidRadiusNm":null},"geometry":{"type":"MultiPolygon","coordinates":[[[[53.40027014,39.97999856],[53.39773095,39.97912967],[53.39763868,39.9792515],[53.40027014,39.97999856]]],[[[53.40027014,39.97999856],[53.40073765,39.98015854],[53.40072835,39.98012865],[53.40027014,39.97999856]]],[[[52.44660854,41.76180482],[52.94469821,41.00757837],[52.76095331,40.01544178],[52.93593514,39.86527097],[52.92542458,40.00523114],[53.58594084,40.0077883],[53.41946852,39.79249096],[53.73593175,39.65413511],[53.50350773,39.49118435],[53.23373616,39.54494667],[53.32028174,39.68379545],[53.09686446,39.43372571],[53.17577445,39.21714187],[53.40843117,39.38864696],[54.00147831,38.92961073],[53.83149242,38.53055251],[53.94254661,37.42220724],[53.78884772,37.36969261],[53.44645883,37.3322343],[52.78380435,37.79446755],[51.93301544,37.9894552],[51.37653418,38.58909855],[51.73365145,39.19831854],[51.81735309,40.055098],[51.75840399,40.83771733],[51.45665017,41.22276674],[52.44660854,41.76180482]]]]}},{"type":"Feature","id":"marine-26524","properties":{"code1":"az","name1":"Azerbaijan","code2":"","name2":"","code3":"","name3":"","aidCode1":"","aidName1":"","aidCode2":"","aidName2":"","aidCode3":"","aidName3":"","selectionAid":false,"preserveOverviewDetail":false,"selectionAidRadiusNm":null},"geometry":{"type":"MultiPolygon","coordinates":[[[[51.45665017,41.22276674],[51.75840399,40.83771733],[51.81735309,40.055098],[51.73365145,39.19831854],[51.37653418,38.58909855],[50.90335183,38.7050153],[49.73748185,38.28574479],[48.89628426,38.44335471],[48.9360311,39.15524697],[49.43655217,39.27761483],[49.27545691,39.5218991],[49.42225945,40.08444798],[49.99307084,40.33730376],[50.36810875,40.23153782],[50.30463731,40.54457438],[50.35420191,40.4119699],[49.54797351,40.63689435],[48.60342205,41.8359375],[49.88833333,42.56],[50.37840447,42.01006186],[51.04369165,41.73641638],[51.45665017,41.22276674]]]]}},{"type":"Feature","id":"marine-26526","properties":{"code1":"bq","name1":"Sint-Eustatius","code2":"","name2":"","code3":"","name3":"","aidCode1":"bq","aidName1":"Sint-Eustatius","aidCode2":"","aidName2":"","aidCode3":"","aidName3":"","selectionAid":true,"preserveOverviewDetail":false,"selectionAidRadiusNm":null},"geometry":{"type":"MultiPolygon","coordinates":[[[[-62.76955066,17.64393501],[-63.62305032,16.68129855],[-63.01974488,17.73618263],[-62.76955066,17.64393501]]]]}},{"type":"Feature","id":"marine-33177","properties":{"code1":"gp","name1":"Guadeloupe","code2":"","name2":"","code3":"","name3":"","aidCode1":"gp","aidName1":"Guadeloupe","aidCode2":"","aidName2":"","aidCode3":"","aidName3":"","selectionAid":true,"preserveOverviewDetail":false,"selectionAidRadiusNm":null},"geometry":{"type":"MultiPolygon","coordinates":[[[[-57.53364581,16.48586335],[-60.89944444,15.665],[-61.4425,15.78722222],[-62.81388889,15.065],[-62.81388889,15.84194444],[-61.83155233,16.68487275],[-61.02604695,16.96634121],[-58.3682821,18.54153255],[-57.76756568,17.57662915],[-57.53364581,16.48586335]]]]}},{"type":"Feature","id":"marine-33178","properties":{"code1":"mq","name1":"Martinique","code2":"","name2":"","code3":"","name3":"","aidCode1":"mq","aidName1":"Martinique","aidCode2":"","aidName2":"","aidCode3":"","aidName3":"","selectionAid":true,"preserveOverviewDetail":false,"selectionAidRadiusNm":null},"geometry":{"type":"MultiPolygon","coordinates":[[[[-57.5522905,16.0192335],[-58.16194444,15.75916667],[-59.996,14.11577778],[-61.00388889,14.2725],[-62.81388889,14.08055556],[-62.81388889,14.48861111],[-57.54225349,16.48313664],[-57.5522905,16.0192335]]]]}},{"type":"Feature","id":"marine-33179","properties":{"code1":"pr","name1":"Puerto Rico","code2":"","name2":"","code3":"","name3":"","aidCode1":"pr","aidName1":"Puerto Rico","aidCode2":"","aidName2":"","aidCode3":"","aidName3":"","selectionAid":true,"preserveOverviewDetail":false,"selectionAidRadiusNm":null},"geometry":{"type":"MultiPolygon","coordinates":[[[[-65.3472586,19.62149417],[-65.01538094,18.00813951],[-65.5309391,17.42894367],[-65.98140326,15.65491414],[-66.575,14.93],[-68.49651724,15.21518027],[-68.20621905,18.24190364],[-65.84126623,21.80540172],[-65.3472586,19.62149417]]]]}},{"type":"Feature","id":"marine-33180","properties":{"code1":"vi","name1":"United States Virgin Islands","code2":"","name2":"","code3":"","name3":"","aidCode1":"vi","aidName1":"United States Virgin Islands","aidCode2":"","aidName2":"","aidCode3":"","aidName3":"","selectionAid":true,"preserveOverviewDetail":false,"selectionAidRadiusNm":null},"geometry":{"type":"MultiPolygon","coordinates":[[[[-63.89909379,17.96447758],[-64.0128735,16.76701829],[-65.97805556,15.65861111],[-65.53993711,17.40583245],[-65.01538094,18.00813951],[-65.3472586,19.62149417],[-64.86388889,18.3975],[-64.63944444,18.36416667],[-64.63416667,18.05083333],[-63.89909379,17.96447758]]]]}},{"type":"Feature","id":"marine-33181","properties":{"code1":"sj","name1":"Svalbard","code2":"","name2":"","code3":"","name3":"","aidCode1":"","aidName1":"","aidCode2":"","aidName2":"","aidCode3":"","aidName3":"","selectionAid":false,"preserveOverviewDetail":false,"selectionAidRadiusNm":null},"geometry":{"type":"MultiPolygon","coordinates":[[[[10.33095594,72.19214275],[7.75383396,73.19033351],[6.40513445,74.34202046],[-2.79149065,76.91780045],[-3.21465556,77.61024444],[-3.343875,78.33333333],[-1.63739722,79.88221667],[2.20598611,81.28370556],[5.85594167,82.348625],[7.97500461,83.71226624],[18.15205928,84.12885994],[24.95842575,84.08984231],[34.27536211,83.74413427],[35.00008056,83.35194444],[34.99888889,79.28465833],[38,78.62486111],[38,75.80020556],[37,75.19472222],[37,74.90910969],[34.10453438,74.05370841],[26.46968153,74.49662325],[21.14232939,74.30893247],[13.15730736,73.06173239],[10.33095594,72.19214275]]]]}},{"type":"Feature","id":"marine-48944","properties":{"code1":"yt","name1":"Mayotte","code2":"","name2":"","code3":"","name3":"","aidCode1":"yt","aidName1":"Mayotte","aidCode2":"","aidName2":"","aidCode3":"","aidName3":"","selectionAid":true,"preserveOverviewDetail":false,"selectionAidRadiusNm":null},"geometry":{"type":"MultiPolygon","coordinates":[[[[46.68597899,-12.80939178],[46.35839304,-13.80574203],[45.73932836,-14.32063788],[44.77194245,-14.52562166],[43.49376285,-14.46389007],[45.7675,-11.13972222],[46.68597899,-12.80939178]]]]}},{"type":"Feature","id":"marine-48945","properties":{"code1":"tf","name1":"Glorioso Islands","code2":"","name2":"","code3":"","name3":"","aidCode1":"tf","aidName1":"Glorioso Islands","aidCode2":"","aidName2":"","aidCode3":"","aidName3":"","selectionAid":true,"preserveOverviewDetail":false,"selectionAidRadiusNm":null},"geometry":{"type":"MultiPolygon","coordinates":[[[[48.48650137,-11.02116771],[47.72009159,-12.40758791],[46.70629515,-12.80441301],[45.7675,-11.13972222],[46.91111111,-10.65027778],[48.48650137,-11.02116771]]]]}},{"type":"Feature","id":"marine-48946","properties":{"code1":"tf","name1":"Ile Tromelin","code2":"","name2":"","code3":"","name3":"","aidCode1":"tf","aidName1":"Ile Tromelin","aidCode2":"","aidName2":"","aidCode3":"","aidName3":"","selectionAid":true,"preserveOverviewDetail":false,"selectionAidRadiusNm":null},"geometry":{"type":"MultiPolygon","coordinates":[[[[55.50555556,-18.28638889],[52.8,-18.8],[52.39061063,-16.9701905],[52.6395663,-14.66643932],[53.36642435,-12.75650101],[53.80398099,-12.50730238],[57.2141873,-13.82198557],[56.80095231,-17.38785389],[55.50555556,-18.28638889]]]]}},{"type":"Feature","id":"marine-48950","properties":{"code1":"ru","name1":"Kuril Islands","code2":"","name2":"","code3":"","name3":"","aidCode1":"","aidName1":"","aidCode2":"","aidName2":"","aidCode3":"","aidName3":"","selectionAid":false,"preserveOverviewDetail":false,"selectionAidRadiusNm":null},"geometry":{"type":"MultiPolygon","coordinates":[[[[151.03846308,42.40393252],[149.91942421,41.32351012],[147.86486922,40.32461868],[145.85448617,43.40654774],[145.26699656,43.72876581],[145.65954224,44.42930901],[145.23113379,45.66946756],[145.72878501,46.0194699],[146.2591775,46.98582869],[147.73403192,47.72171345],[148.92172538,46.1324821],[149.18078159,45.42915485],[151.03846308,42.40393252]]]]}},{"type":"Feature","id":"marine-48951","properties":{"code1":"um","name1":"Navassa Island","code2":"","name2":"","code3":"","name3":"","aidCode1":"um","aidName1":"Navassa Island","aidCode2":"","aidName2":"","aidCode3":"","aidName3":"","selectionAid":true,"preserveOverviewDetail":false,"selectionAidRadiusNm":null},"geometry":{"type":"MultiPolygon","coordinates":[[[[-74.85110198,17.33367976],[-75.53767107,18.03484267],[-75.83179704,18.96848728],[-75.50641325,18.83223752],[-74.96492916,19.1635796],[-74.74703752,18.5426608],[-74.85110198,17.33367976]]]]}},{"type":"Feature","id":"marine-48952","properties":{"code1":"bl","name1":"Saint-Barthélemy","code2":"","name2":"","code3":"","name3":"","aidCode1":"bl","aidName1":"Saint-Barthélemy","aidCode2":"","aidName2":"","aidCode3":"","aidName3":"","selectionAid":true,"preserveOverviewDetail":false,"selectionAidRadiusNm":null},"geometry":{"type":"MultiPolygon","coordinates":[[[[-62.42165108,17.66173425],[-63.10657573,17.81494919],[-62.23305556,18.30805556],[-62.42165108,17.66173425]]]]}},{"type":"Feature","id":"marine-48953","properties":{"code1":"ps","name1":"Palestine","code2":"","name2":"","code3":"","name3":"","aidCode1":"","aidName1":"","aidCode2":"","aidName2":"","aidCode3":"","aidName3":"","selectionAid":false,"preserveOverviewDetail":false,"selectionAidRadiusNm":null},"geometry":{"type":"MultiPolygon","coordinates":[[[[34.4727041,31.57265645],[34.2314975,31.33597594],[34.00896885,31.60899423],[34.19173049,31.78946397],[34.4727041,31.57265645]]]]}},{"type":"Feature","id":"marine-48957","properties":{"code1":"gu","name1":"Guam","code2":"","name2":"","code3":"","name3":"","aidCode1":"gu","aidName1":"Guam","aidCode2":"","aidName2":"","aidCode3":"","aidName3":"","selectionAid":true,"preserveOverviewDetail":false,"selectionAidRadiusNm":null},"geometry":{"type":"MultiPolygon","coordinates":[[[[148.07709548,12.22788012],[147.7471934,11.63726431],[143.04436111,10.96522222],[141.21875,13.09763889],[141.37646802,14.54471895],[142.09435806,15.72579888],[143.95595105,14.44225777],[148.07709548,12.22788012]]]]}},{"type":"Feature","id":"marine-48980","properties":{"code1":"mp","name1":"Northern Mariana Islands","code2":"","name2":"","code3":"","name3":"","aidCode1":"mp","aidName1":"Northern Mariana Islands","aidCode2":"","aidName2":"","aidCode3":"","aidName3":"","selectionAid":true,"preserveOverviewDetail":false,"selectionAidRadiusNm":null},"geometry":{"type":"MultiPolygon","coordinates":[[[[148.07709548,12.22788012],[143.95595105,14.44225777],[142.09722724,15.72530104],[142.29423129,17.33498737],[142.20664356,18.06526628],[141.47503925,19.63181225],[141.34482613,20.87931087],[145.09923722,23.89565432],[146.47795972,23.55843494],[147.58163784,22.77091272],[148.63703204,21.11252091],[149.11263623,19.61873894],[149.49607798,15.58848741],[148.98643733,13.90662054],[148.07709548,12.22788012]]]]}},{"type":"Feature","id":"marine-48984","properties":{"code1":"co-sap","name1":"Serranilla Bank","code2":"","name2":"","code3":"","name3":"","aidCode1":"co-sap","aidName1":"Serranilla Bank","aidCode2":"","aidName2":"","aidCode3":"","aidName3":"","selectionAid":true,"preserveOverviewDetail":false,"selectionAidRadiusNm":null},"geometry":{"type":"MultiPolygon","coordinates":[[[[-80.01819444,15.6725],[-79.97111111,15.96416667],[-79.68944444,15.91777778],[-79.7225,15.64305556],[-80.01819444,15.6725]]]]}},{"type":"Feature","id":"marine-48985","properties":{"code1":"co-sap","name1":"Bajo Nuevo Bank","code2":"","name2":"","code3":"","name3":"","aidCode1":"co-sap","aidName1":"Bajo Nuevo Bank","aidCode2":"","aidName2":"","aidCode3":"","aidName3":"","selectionAid":true,"preserveOverviewDetail":false,"selectionAidRadiusNm":null},"geometry":{"type":"MultiPolygon","coordinates":[[[[-78.43055556,15.89297619],[-78.58555556,15.65444444],[-78.83833333,15.81833333],[-78.67694444,16.04638889],[-78.43055556,15.89297619]]]]}},{"type":"Feature","id":"marine-48997","properties":{"code1":"es","name1":"Chafarinas Islands","code2":"","name2":"","code3":"","name3":"","aidCode1":"","aidName1":"","aidCode2":"","aidName2":"","aidCode3":"","aidName3":"","selectionAid":false,"preserveOverviewDetail":false,"selectionAidRadiusNm":null},"geometry":{"type":"MultiPolygon","coordinates":[[[[-2.44131062,35.18321245],[-2.38372167,35.16795249],[-2.5120582,35.16705084],[-2.44131062,35.18321245]]]]}},{"type":"Feature","id":"marine-48998","properties":{"code1":"es","name1":"Perejil Island","code2":"","name2":"","code3":"","name3":"","aidCode1":"","aidName1":"","aidCode2":"","aidName2":"","aidCode3":"","aidName3":"","selectionAid":false,"preserveOverviewDetail":false,"selectionAidRadiusNm":null},"geometry":{"type":"MultiPolygon","coordinates":[[[[-5.41277504,35.91747093],[-5.41983032,35.91077995],[-5.42918921,35.91569069],[-5.41277504,35.91747093]]]]}},{"type":"Feature","id":"marine-48999","properties":{"code1":"es","name1":"Peñón de Vélez de la Gomera","code2":"","name2":"","code3":"","name3":"","aidCode1":"","aidName1":"","aidCode2":"","aidName2":"","aidCode3":"","aidName3":"","selectionAid":false,"preserveOverviewDetail":false,"selectionAidRadiusNm":null},"geometry":{"type":"MultiPolygon","coordinates":[[[[-4.29641926,35.17128575],[-4.31723731,35.19415724],[-4.30511143,35.19798086],[-4.29641926,35.17128575]]]]}},{"type":"Feature","id":"marine-49000","properties":{"code1":"es-ml","name1":"Melilla","code2":"","name2":"","code3":"","name3":"","aidCode1":"es-ml","aidName1":"Melilla","aidCode2":"","aidName2":"","aidCode3":"","aidName3":"","selectionAid":true,"preserveOverviewDetail":false,"selectionAidRadiusNm":null},"geometry":{"type":"MultiPolygon","coordinates":[[[[-2.92912436,35.27224076],[-2.95018017,35.31702745],[-2.89816568,35.34990356],[-2.92912436,35.27224076]]]]}},{"type":"Feature","id":"marine-49001","properties":{"code1":"es","name1":"Alhucemas Islands","code2":"","name2":"","code3":"","name3":"","aidCode1":"","aidName1":"","aidCode2":"","aidName2":"","aidCode3":"","aidName3":"","selectionAid":false,"preserveOverviewDetail":false,"selectionAidRadiusNm":null},"geometry":{"type":"MultiPolygon","coordinates":[[[[-3.87473208,35.21734932],[-3.89464915,35.24041574],[-3.85116878,35.26498571],[-3.87473208,35.21734932]]]]}},{"type":"Feature","id":"marine-49002","properties":{"code1":"es-ce","name1":"Ceuta","code2":"","name2":"","code3":"","name3":"","aidCode1":"es-ce","aidName1":"Ceuta","aidCode2":"","aidName2":"","aidCode3":"","aidName3":"","selectionAid":true,"preserveOverviewDetail":false,"selectionAidRadiusNm":null},"geometry":{"type":"MultiPolygon","coordinates":[[[[-5.27992601,35.89429913],[-5.27774143,35.82439254],[-5.32676861,35.85955723],[-5.27992601,35.89429913]]],[[[-5.29803252,35.90200555],[-5.33569705,35.89443171],[-5.35957251,35.91365785],[-5.29803252,35.90200555]]],[[[-5.37942636,35.91651571],[-5.38168883,35.91320801],[-5.38584086,35.91746486],[-5.37942636,35.91651571]]]]}},{"type":"Feature","id":"marine-49003","properties":{"code1":"cn","name1":"China","code2":"","name2":"","code3":"","name3":"","aidCode1":"","aidName1":"","aidCode2":"","aidName2":"","aidCode3":"","aidName3":"","selectionAid":false,"preserveOverviewDetail":false,"selectionAidRadiusNm":null},"geometry":{"type":"MultiPolygon","coordinates":[[[[116.45730316,17.2993101],[116.28653259,15.94716894],[116.51853592,13.3190305],[115.85612155,12.02297873],[114.55026438,10.62657206],[113.67771869,8.99460377],[112.5461258,7.64566969],[111.09503744,6.35324784],[109.74627564,6.10658562],[109.57203179,6.41020229],[111.43679623,7.56869053],[112.33384074,9.0590961],[112.87978205,12.56867112],[112.55262425,15.97618646],[113.31432653,16.68638632],[114.2716612,18.22179688],[115.31356972,17.53757689],[116.45730316,17.2993101]]]]}},{"type":"Feature","id":"marine-49103","properties":{"code1":"br-es","name1":"Trindade","code2":"","name2":"","code3":"","name3":"","aidCode1":"br-es","aidName1":"Trindade","aidCode2":"","aidName2":"","aidCode3":"","aidName3":"","selectionAid":true,"preserveOverviewDetail":true,"selectionAidRadiusNm":24},"geometry":{"type":"Polygon","coordinates":[[[-29.747144814365754,-20.50682154117378],[-29.715053661227444,-20.65986663026512],[-29.622705831423616,-20.789732784356442],[-29.4840865361154,-20.87656885191381],[-29.320369364999976,-20.907073523556722],[-29.15665219388461,-20.87656885191381],[-29.06501461923707,-20.819163808804955],[-29.01284123966542,-20.851852302799866],[-28.849150984999994,-20.882356873556734],[-28.68546073033457,-20.851852302799866],[-28.546863998801825,-20.76501647840783],[-28.454530841370683,-20.63515056659459],[-28.422444343344694,-20.482105576726983],[-28.455317144526134,-20.32921313539228],[-28.547976023864635,-20.1997155166014],[-28.686247068105445,-20.113247996949486],[-28.849150984999994,-20.082895986443276],[-29.012054901894544,-20.113247996949486],[-29.104505234309517,-20.171061626540595],[-29.157439693626884,-20.137964547031018],[-29.320369364999976,-20.10761263644327],[-29.483299036373126,-20.137964547031018],[-29.621592163135404,-20.224431825078337],[-29.71426619617165,-20.353929201398604],[-29.747144814365754,-20.50682154117378]]]}},{"type":"Feature","id":"marine-49119","properties":{"code1":"bv","name1":"Bouvet","code2":"","name2":"","code3":"","name3":"","aidCode1":"bv","aidName1":"Bouvet","aidCode2":"","aidName2":"","aidCode3":"","aidName3":"","selectionAid":true,"preserveOverviewDetail":false,"selectionAidRadiusNm":null},"geometry":{"type":"MultiPolygon","coordinates":[[[[3.77021712,-54.38028899],[3.33520152,-54.65360381],[2.93588189,-54.41211885],[3.33730724,-54.18689669],[3.77021712,-54.38028899]]]]}},{"type":"Feature","id":"marine-49178-0","properties":{"code1":"br-ba","name1":"Abrolhos Archipelago","code2":"","name2":"","code3":"","name3":"","aidCode1":"br-ba","aidName1":"Abrolhos Archipelago","aidCode2":"","aidName2":"","aidCode3":"","aidName3":"","selectionAid":true,"preserveOverviewDetail":true,"selectionAidRadiusNm":24},"geometry":{"type":"Polygon","coordinates":[[[-38.70178128499998,-17.57130705144327],[-38.541298607131296,-17.601669059499994],[-38.405104605263034,-17.688160750855317],[-38.31387264792431,-17.817682622202046],[-38.28154950801172,-17.97058521431282],[-38.31320022541797,-18.12362027151854],[-38.40415363642694,-18.253461948754662],[-38.54062615661155,-18.340273455702217],[-38.70178128499998,-18.37076793855672],[-38.86293641338841,-18.340273455702217],[-38.99940893357308,-18.253461948754662],[-39.09036234458205,-18.12362027151854],[-39.12201306198824,-17.97058521431282],[-39.08968992207565,-17.817682622202046],[-38.998457964736986,-17.688160750855317],[-38.862263962868724,-17.601669059499994],[-38.70178128499998,-17.57130705144327]]]}},{"type":"Feature","id":"marine-49410-0","properties":{"code1":"br-rn","name1":"Atol das Rocas","code2":"","name2":"","code3":"","name3":"","aidCode1":"br-rn","aidName1":"Atol das Rocas","aidCode2":"","aidName2":"","aidCode3":"","aidName3":"","selectionAid":true,"preserveOverviewDetail":true,"selectionAidRadiusNm":24},"geometry":{"type":"Polygon","coordinates":[[[-33.4499258,-3.64965475],[-33.39361823,-3.79945123],[-33.39816616,-3.96020217],[-33.46415789,-4.10662263],[-33.57829479,-4.21455253],[-33.72866003,-4.27253451],[-33.88705559,-4.27137477],[-34.05444145,-4.19643193],[-34.15995834,-4.07968697],[-34.21493999,-3.93330641],[-34.21035827,-3.77089743],[-34.14600492,-3.62589064],[-34.02902204,-3.51343985],[-33.8758579,-3.45589502],[-33.71988565,-3.46003251],[-33.56850073,-3.52432804],[-33.4499258,-3.64965475]]]}},{"type":"Feature","id":"marine-49410-1","properties":{"code1":"br-pe","name1":"Fernando de Noronha","code2":"","name2":"","code3":"","name3":"","aidCode1":"br-pe","aidName1":"Fernando de Noronha","aidCode2":"","aidName2":"","aidCode3":"","aidName3":"","selectionAid":true,"preserveOverviewDetail":true,"selectionAidRadiusNm":24},"geometry":{"type":"Polygon","coordinates":[[[-32.03206799,-3.6017108],[-31.98030163,-3.75067314],[-31.97952222,-3.93434836],[-32.04162128,-4.0796471],[-32.15861027,-4.19217113],[-32.32358223,-4.26830114],[-32.53434072,-4.27758805],[-32.70510054,-4.20692986],[-32.81732517,-4.08779239],[-32.87309018,-3.93353194],[-32.85753158,-3.75053629],[-32.7814598,-3.613904],[-32.59425848,-3.46172607],[-32.4400133,-3.4068999],[-32.28400118,-3.41348964],[-32.138818,-3.48178908],[-32.03206799,-3.6017108]]]}},{"type":"Feature","id":"marine-49410-2","properties":{"code1":"br-pe","name1":"Saint Peter and Saint Paul Archipelago","code2":"","name2":"","code3":"","name3":"","aidCode1":"br-pe","aidName1":"Saint Peter and Saint Paul Archipelago","aidCode2":"","aidName2":"","aidCode3":"","aidName3":"","selectionAid":true,"preserveOverviewDetail":true,"selectionAidRadiusNm":24},"geometry":{"type":"Polygon","coordinates":[[[-29.33376327,1.32026217],[-29.18086696,1.28521252],[-29.05380018,1.19425352],[-28.96945661,1.05717632],[-28.9449529,0.9227203],[-28.97641895,0.76026775],[-29.06636311,0.62812964],[-29.19327601,0.54398797],[-29.34935336,0.51341496],[-29.50280999,0.54562026],[-29.63031511,0.63248347],[-29.72047733,0.77399705],[-29.74584186,0.93031788],[-29.71135317,1.08007312],[-29.61768238,1.21280228],[-29.48740147,1.29415269],[-29.33376327,1.32026217]]]}},{"type":"Feature","id":"marine-62589","properties":{"code1":"io","name1":"Chagos Archipelago","code2":"","name2":"","code3":"","name3":"","aidCode1":"io","aidName1":"Chagos Archipelago","aidCode2":"","aidName2":"","aidCode3":"","aidName3":"","selectionAid":true,"preserveOverviewDetail":false,"selectionAidRadiusNm":null},"geometry":{"type":"MultiPolygon","coordinates":[[[[70.19641282,-2.28853745],[72.60056917,-2.98250417],[75.29440807,-3.35792254],[75.53758817,-3.81600775],[75.832315,-5.07600727],[75.7344718,-8.27153412],[75.0347664,-9.58071848],[73.76584048,-10.52367839],[72.39587283,-10.79636087],[71.02669598,-10.49456149],[69.08397546,-9.16837037],[68.24946119,-8.03132667],[67.89551564,-6.71663225],[68.05112728,-5.34367532],[69.04208204,-3.29973085],[70.19641282,-2.28853745]]]]}},{"type":"Feature","id":"marine-62596","properties":{"code1":"co-sap","name1":"Serrana Bank","code2":"","name2":"","code3":"","name3":"","aidCode1":"co-sap","aidName1":"Serrana Bank","aidCode2":"","aidName2":"","aidCode3":"","aidName3":"","selectionAid":true,"preserveOverviewDetail":false,"selectionAidRadiusNm":null},"geometry":{"type":"MultiPolygon","coordinates":[[[[-80.23860686,14.67328469],[-80.02914168,14.3747287],[-80.43202923,14.09072339],[-80.5686204,14.34725583],[-80.23860686,14.67328469]]]]}},{"type":"Feature","id":"marine-62598","properties":{"code1":"co-sap","name1":"Quitasueño Bank","code2":"","name2":"","code3":"","name3":"","aidCode1":"co-sap","aidName1":"Quitasueño Bank","aidCode2":"","aidName2":"","aidCode3":"","aidName3":"","selectionAid":true,"preserveOverviewDetail":false,"selectionAidRadiusNm":null},"geometry":{"type":"MultiPolygon","coordinates":[[[[-80.90581937,14.4975389],[-80.97973611,14.00709585],[-81.31103812,13.96872174],[-81.44627676,14.33377097],[-81.31025673,14.59646608],[-81.07207618,14.69096881],[-80.90581937,14.4975389]]]]}},{"type":"Feature","id":"marine-64446","properties":{"code1":"im","name1":"Isle of Man","code2":"","name2":"","code3":"","name3":"","aidCode1":"im","aidName1":"Isle of Man","aidCode2":"","aidName2":"","aidCode3":"","aidName3":"","selectionAid":true,"preserveOverviewDetail":false,"selectionAidRadiusNm":null},"geometry":{"type":"MultiPolygon","coordinates":[[[[-5.1774633,54.03808],[-4.6448768,54.505007],[-4.1411942,54.5433928],[-3.9730928,54.3326696],[-4.4906938,53.8688815],[-4.97491,53.8550639],[-5.1774633,54.03808]]]]}}],"overviewTolerance":0.12}