{"type":"FeatureCollection","features":[{"type":"Feature","id":"eng","properties":{"app_id":"eng","parent_id":"gb","name":"England","source_code":"E92000001"},"geometry":{"type":"MultiPolygon","coordinates":[[[[-6.34903355398477,49.8983916509467],[-6.32929420660263,49.888743234147],[-6.34126067461557,49.8823405140465],[-6.34903355398477,49.8983916509467]]],[[[-6.37017368332383,49.8957192668266],[-6.36692318237224,49.8920397657365],[-6.37809884146502,49.895903664527],[-6.37017368332383,49.8957192668266]]],[[[-6.27593968083456,49.9208304278873],[-6.30355871037229,49.9033038499137],[-6.32764388449862,49.9125747432091],[-6.29777467012225,49.9367940545237],[-6.27593968083456,49.9208304278873]]],[[[-6.35226022929904,49.9376345532661],[-6.35061279136246,49.9281331066543],[-6.35765502848755,49.9303274716817],[-6.35226022929904,49.9376345532661]]],[[[-6.34807363717607,49.9556526331598],[-6.36504375428884,49.9516072838955],[-6.35896675310717,49.9669241433944],[-6.34807363717607,49.9556526331598]]],[[[-6.34264227777194,49.9678621531387],[-6.31973872664684,49.9447222112679],[-6.3322947077107,49.9391744530513],[-6.34264227777194,49.9678621531387]]],[[[-6.30914385392836,49.9695931986701],[-6.30937400612415,49.9650384271608],[-6.31792138001211,49.9677815449773],[-6.30914385392836,49.9695931986701]]],[[[-6.32032899836667,49.9732541883083],[-6.32710504008275,49.9701112351933],[-6.3266414260489,49.9747825216374],[-6.32032899836667,49.9732541883083]]],[[[-6.2912181105969,49.9704385925524],[-6.26157681308705,49.9628436919516],[-6.30413002226258,49.9649466930713],[-6.2912181105969,49.9704385925524]]],[[[-5.16280725896355,50.0959460087733],[-5.16334188269687,50.0958991778625],[-5.16343826342618,50.096334556193],[-5.16280725896355,50.0959460087733]]],[[[-5.47837380324989,50.1157101758698],[-5.47823566327807,50.1184159615653],[-5.47613684862769,50.1175226648544],[-5.47837380324989,50.1157101758698]]],[[[-3.89832469389064,50.2784471068866],[-3.90105077819791,50.2780768757717],[-3.89953610068782,50.2809968841897],[-3.89832469389064,50.2784471068866]]],[[[-4.06250413019749,50.3116023155352],[-4.06150502180385,50.3113812523507],[-4.06286428713902,50.3115049246271],[-4.06250413019749,50.3116023155352]]],[[[-4.44592805435602,50.3361662885754],[-4.4519950522781,50.335675483237],[-4.45024144025148,50.3382771235388],[-4.44592805435602,50.3361662885754]]],[[[-3.42473968824585,50.6109798389672],[-3.42841174096642,50.6080603918914],[-3.42777510562944,50.6129626045106],[-3.42473968824585,50.6109798389672]]],[[[-1.98710789633152,50.67927044206],[-1.99670385300853,50.6799707409596],[-1.99385719258704,50.6828744377405],[-1.98710789633152,50.67927044206]]],[[[-1.98004646465949,50.683523014188],[-1.98898983403101,50.6816735036745],[-1.99114078983005,50.6841503540855],[-1.98004646465949,50.683523014188]]],[[[-2.01223417679183,50.6879656398759],[-2.01738002416466,50.6844262740981],[-2.02200499976065,50.69394884695],[-2.01223417679183,50.6879656398759]]],[[[-1.95676426465836,50.6882194326631],[-1.98808847416946,50.6924532814542],[-1.97416887426422,50.6972277229473],[-1.95676426465836,50.6882194326631]]],[[[-1.28292173108355,50.7297199501257],[-1.29002539481171,50.6977383729455],[-1.27563520980144,50.7317242862666],[-1.2904659050356,50.754353615722],[-1.2758130342865,50.7657541325591],[-1.21415662674439,50.7381261891408],[-1.22546148760161,50.7246286543127],[-1.10970780844137,50.7215633037039],[-1.09614291250082,50.6942314089043],[-1.10826190426559,50.6935148670565],[-1.06983492669321,50.6838808681837],[-1.16045416271274,50.6493369855962],[-1.18260622067861,50.5983951851549],[-1.29964623292,50.5759040273835],[-1.48518299364819,50.6669477965988],[-1.58654257502514,50.6631252717928],[-1.52379131514764,50.7062618242684],[-1.49905982817654,50.6942186606568],[-1.50391018583695,50.70567304273],[-1.42739150448695,50.7260990914158],[-1.41205712689479,50.7245604154246],[-1.41303627021256,50.7035437485043],[-1.40394236051302,50.7208491400326],[-1.37667300499211,50.7106468057879],[-1.40947513968831,50.7251221705117],[-1.31974876712288,50.7653899923082],[-1.29993225634406,50.7669538882281],[-1.28292173108355,50.7297199501257]]],[[[-1.09259884047015,50.8150475317129],[-1.10164342831192,50.8136706101516],[-1.09803663842497,50.8203004373683],[-1.09259884047015,50.8150475317129]]],[[[-1.00531638074112,50.8337934113197],[-1.00237994162694,50.8293239689987],[-1.00897035920441,50.8333163600221],[-1.00531638074112,50.8337934113197]]],[[[-0.96910319746011,50.8345330488794],[-0.951026190824232,50.8239788880996],[-0.973387965922701,50.80879695544],[-0.952744881946138,50.8010677664928],[-0.967338515464135,50.7871525640212],[-0.936469449377521,50.7781541096916],[-1.02018584338791,50.7856357770951],[-0.96910319746011,50.8345330488794]]],[[[-1.04413719716249,50.8313603396871],[-1.03209702078451,50.7867846224977],[-1.08922258843155,50.7777007016237],[-1.10967244295408,50.7915422205449],[-1.09049054528629,50.8116272396763],[-1.10021521689139,50.8269101105464],[-1.04413719716249,50.8313603396871]]],[[[-1.0184837675862,50.8381658491997],[-1.010246324836,50.8349576637902],[-1.02337052553868,50.8333260027617],[-1.0184837675862,50.8381658491997]]],[[[-3.01577328883599,51.2284862458919],[-3.0148210695477,51.2230920041491],[-3.0186832058029,51.2284187610187],[-3.01577328883599,51.2284862458919]]],[[[-4.6640828632435,51.1617757112281],[-4.68057246853434,51.1724248304546],[-4.67734739354856,51.2024646111329],[-4.6640828632435,51.1617757112281]]],[[[-3.10515061960547,51.3401880651349],[-3.11482786782436,51.3396628028672],[-3.10602211780306,51.3414268428582],[-3.10515061960547,51.3401880651349]]],[[[0.676507130024316,51.3925512210171],[0.670533435232856,51.3943702558407],[0.682059664687934,51.3963213313544],[0.676507130024316,51.3925512210171]]],[[[0.614643851364023,51.4004466705878],[0.603388365956422,51.3938329616353],[0.595128335286905,51.4002164415197],[0.614643851364023,51.4004466705878]]],[[[0.564435834328907,51.4079545418085],[0.582572584376833,51.4031341853723],[0.561520430470315,51.4022334214046],[0.564435834328907,51.4079545418085]]],[[[0.691199231999407,51.4116741203557],[0.694536882817616,51.3966268940346],[0.665928519130536,51.4062823343678],[0.691199231999407,51.4116741203557]]],[[[0.638913923900006,51.4212668831784],[0.638491997773013,51.4164889533816],[0.629883738779221,51.4210516455041],[0.638913923900006,51.4212668831784]]],[[[0.686969928801202,51.4222752183707],[0.687828097002103,51.4143462380993],[0.660113688435495,51.4175876614239],[0.686969928801202,51.4222752183707]]],[[[0.638316450414561,51.4275994263073],[0.633151989594985,51.4269565040907],[0.636621967698649,51.429429157828],[0.638316450414561,51.4275994263073]]],[[[0.658144775252846,51.4396251359855],[0.650279889439622,51.4390468534577],[0.654086491433999,51.4423279808341],[0.658144775252846,51.4396251359855]]],[[[0.658562665695052,51.4479350139327],[0.661211601884388,51.443737692295],[0.655529088820357,51.445439576151],[0.658562665695052,51.4479350139327]]],[[[0.902019423826626,51.41649050846],[0.951024989787225,51.3734796267971],[0.897167768282596,51.3543359750737],[0.773588792479123,51.3677453843928],[0.721502840029973,51.4144703159104],[0.740595074530389,51.4112300836497],[0.744648772436859,51.4472930756015],[0.902019423826626,51.41649050846]]],[[[0.63987627016617,51.5334567747481],[0.609036015779947,51.5348324870647],[0.646533496643483,51.5376500779636],[0.63987627016617,51.5334567747481]]],[[[0.556518160722683,51.5444366825104],[0.636857597087395,51.5219536923841],[0.573330417577274,51.5078289924826],[0.517995305886731,51.5298708489272],[0.556518160722683,51.5444366825104]]],[[[0.840283360455631,51.5608704454803],[0.825779682464893,51.5644666807244],[0.828924482692235,51.5722579105355],[0.840283360455631,51.5608704454803]]],[[[0.837491462473458,51.5851768186781],[0.822949654645002,51.5648819668179],[0.80806608456375,51.5856266729807],[0.837491462473458,51.5851768186781]]],[[[0.955316883466157,51.6131647775175],[0.866370064397508,51.5589408408895],[0.832725148717867,51.5757691456914],[0.863400351585854,51.5718621584621],[0.83799748353139,51.5936189637611],[0.866825807789835,51.5951863616669],[0.874374641083865,51.6141508605581],[0.955316883466157,51.6131647775175]]],[[[0.746420029088127,51.6354105476982],[0.738735053103655,51.6374171416503],[0.745635548207842,51.6387119792499],[0.746420029088127,51.6354105476982]]],[[[0.759458460870587,51.6414874340437],[0.76276940611183,51.6403026729354],[0.748608040156205,51.637529911658],[0.759458460870587,51.6414874340437]]],[[[0.746533201741215,51.6405539239905],[0.732587258232312,51.6395696659979],[0.737654774667933,51.6342645037487],[0.711461766978794,51.637407289156],[0.746533201741215,51.6405539239905]]],[[[0.787745310700603,51.7223400550592],[0.772328635276649,51.7186612802973],[0.754509028415827,51.7245450556116],[0.787745310700603,51.7223400550592]]],[[[0.721897837323274,51.7305250981514],[0.729067482659209,51.7183476197924],[0.7104618525979,51.7185643649918],[0.721897837323274,51.7305250981514]]],[[[0.965127442611807,51.8088285964816],[1.00584611507955,51.7994568826143],[0.945791283086092,51.7747258178021],[0.89809896079341,51.7797315126495],[0.965127442611807,51.8088285964816]]],[[[1.26345578751963,51.8639898598293],[1.25446885503035,51.8736188738493],[1.26461065764565,51.8722493599139],[1.26345578751963,51.8639898598293]]],[[[1.26368204534891,51.8749415915575],[1.25464536768155,51.8756206230746],[1.26221459640115,51.8806942091861],[1.26368204534891,51.8749415915575]]],[[[1.25703538940432,51.8837322410115],[1.24455757595359,51.8688379883539],[1.22591119740826,51.8750671342519],[1.25703538940432,51.8837322410115]]],[[[1.22716478087014,51.8882014517828],[1.22975855142634,51.884929119021],[1.21200031524243,51.8809697351814],[1.22716478087014,51.8882014517828]]],[[[1.22353488649699,51.8982218550782],[1.22889669762993,51.8956291607964],[1.218650420511,51.8974958114743],[1.22353488649699,51.8982218550782]]],[[[1.23183115658758,51.901752906866],[1.24464201801994,51.8880621834897],[1.23086545379862,51.8882626067551],[1.23183115658758,51.901752906866]]],[[[1.53628004806312,52.0761391244968],[1.50011205757934,52.0655201337979],[1.52521697137083,52.0802361168054],[1.53628004806312,52.0761391244968]]],[[[0.868943498908628,52.9576862589608],[0.857302486862634,52.9576538670807],[0.871239691535144,52.9602114239503],[0.868943498908628,52.9576862589608]]],[[[0.680168560289971,52.9882200530338],[0.751091161849282,52.9784032904644],[0.662991729230135,52.982537730819],[0.680168560289971,52.9882200530338]]],[[[-0.546408375512733,53.6899338455488],[-0.520604423154002,53.6856770201683],[-0.558599802283928,53.6894870633902],[-0.546408375512733,53.6899338455488]]],[[[-2.89332821603423,53.9895769401559],[-2.89829076201192,53.987786429059],[-2.9000602488267,53.990558535797],[-2.89332821603423,53.9895769401559]]],[[[-3.17414037665675,54.0665054596638],[-3.1733563944656,54.0619013305],[-3.17690551926068,54.0635141019658],[-3.17414037665675,54.0665054596638]]],[[[-2.80064731741204,54.1224539179091],[-2.8045178038365,54.1202498149943],[-2.80387512219785,54.1225334683226],[-2.80064731741204,54.1224539179091]]],[[[-2.98700279405902,54.1483416882468],[-2.97234092610053,54.1455068059095],[-3.01646487366873,54.1325743967165],[-2.98700279405902,54.1483416882468]]],[[[-3.24596088345262,54.1072066496835],[-3.2057385405614,54.0522691194634],[-3.17311782971818,54.0470912380378],[-3.20969137922897,54.0475232367759],[-3.26404413059651,54.1025831647654],[-3.27130710682538,54.1481609724581],[-3.25200650574525,54.1507459669262],[-3.26476412843411,54.1385568008686],[-3.24596088345262,54.1072066496835]]],[[[-3.1168295773599,54.9751247398727],[-3.11861948906279,54.9744653623941],[-3.1181485957924,54.9748666422797],[-3.1168295773599,54.9751247398727]]],[[[-3.1027959765437,54.9778696631555],[-3.09906153495259,54.9767966621595],[-3.10389817296909,54.9776541490532],[-3.1027959765437,54.9778696631555]]],[[[-3.08716711298859,54.9782072343421],[-3.08842613223565,54.977859166154],[-3.08829373865806,54.9781233227713],[-3.08716711298859,54.9782072343421]]],[[[-3.06353629570194,54.985257203377],[-3.06640012261373,54.9843539124693],[-3.06489080929003,54.9852548271318],[-3.06353629570194,54.985257203377]]],[[[-1.65500818957618,55.6173834569729],[-1.65512839617079,55.6166536298341],[-1.65834778644732,55.6169154716109],[-1.65500818957618,55.6173834569729]]],[[[-1.8012101911041,55.6893115830555],[-1.77921132996832,55.6856261067366],[-1.77887451590651,55.6677306658771],[-1.85495547464104,55.6856300102869],[-1.8012101911041,55.6893115830555]]],[[[-2.03117086683748,55.804230056814],[-1.98432342146068,55.7647702492824],[-2.01656895791342,55.7746499081077],[-2.04603502788312,55.7579869060294],[-1.99256972269135,55.7613728456021],[-1.88409332954301,55.6944591238839],[-1.83901677850136,55.6423461443414],[-1.80217017470921,55.6361142895337],[-1.79171607356388,55.6581202333894],[-1.7647767256772,55.625909641585],[-1.78633189999702,55.616004377776],[-1.76908790141066,55.602968171683],[-1.72701452409368,55.6171782664536],[-1.63942865021283,55.5782306221485],[-1.65216369148104,55.5712558786831],[-1.61894770179467,55.5521835852126],[-1.63811327634802,55.5409070046479],[-1.61059329382314,55.5217182712206],[-1.61427439421224,55.4981543191088],[-1.59114224073804,55.492330566042],[-1.59334536153846,55.4402349545991],[-1.57535748675576,55.4308801283539],[-1.57884615580075,55.4088976094158],[-1.62347066395297,55.3894918057877],[-1.57106566088367,55.339654592039],[-1.59243817480818,55.3396220524809],[-1.54939419416243,55.3217234425153],[-1.57313557886025,55.2753482547148],[-1.49902381488852,55.1854382095119],[-1.54007499767794,55.1615572169786],[-1.49097954606709,55.1207567802998],[-1.52194010728981,55.1435750633959],[-1.56513821073327,55.1338171479129],[-1.50030938028039,55.1279364942109],[-1.49457030005263,55.1023998583529],[-1.40349208930986,55.0146645271443],[-1.45650552441973,54.9885661971359],[-1.53084429541888,54.9840152780562],[-1.55403083493326,54.9600056325186],[-1.59283339539174,54.9762939498465],[-1.63945377452031,54.9603502203388],[-1.78497172937048,54.9845241647276],[-1.55243325650544,54.9580372018928],[-1.52838827497977,54.9821124070673],[-1.44909469503205,54.9853769405482],[-1.41415671034667,55.0052750138933],[-1.35663012910714,54.9651987888726],[-1.36051552121394,54.9186329171774],[-1.38283280071156,54.9095012636537],[-1.35344185387766,54.9183998033171],[-1.3580051190216,54.8857329578665],[-1.32089098427849,54.8375634503815],[-1.30867557384164,54.7809987327897],[-1.24592128460714,54.7234405281221],[-1.17569729724445,54.6967465914717],[-1.19632938053034,54.6985649667341],[-1.19849239250194,54.6795835299739],[-1.15798025196481,54.648313452044],[-1.21276582137568,54.6214986239424],[-1.16484632932882,54.6282277215656],[-1.16743285551662,54.6047855592226],[-1.20445531433197,54.5826329234814],[-1.25251885086485,54.5923975965216],[-1.26020702726351,54.5729668000669],[-1.25170846105873,54.5906769518001],[-1.20697417243001,54.5767436214208],[-1.15139431318611,54.5961637404645],[-1.16349063398613,54.6021046071507],[-1.14677026000937,54.5990951501693],[-1.15462417114531,54.6275034978044],[-1.13546007680997,54.6296157286284],[-1.13747557906455,54.6475831466519],[-0.984431769768939,54.5893121157946],[-0.774535975882038,54.5573994630192],[-0.670278678886381,54.5007549169857],[-0.588164026431606,54.488639744721],[-0.521476959252688,54.4469678118003],[-0.522785329106211,54.4162747281739],[-0.471722570407676,54.3970179326325],[-0.363890554746246,54.2450950734651],[-0.259259432499059,54.2158784445018],[-0.280133637094091,54.2149136731372],[-0.282750812700331,54.1950775296238],[-0.232852441201026,54.1618271566389],[-0.0780371674347588,54.1160836758034],[-0.198424021765174,54.077918637462],[-0.215056738521342,54.0158348958395],[-0.153965034285028,53.8993206902959],[0.116999388408663,53.6622591240029],[0.146626040286442,53.5996259953774],[0.108346644001934,53.5714719452091],[0.145277307007693,53.6058468689192],[0.124564050067233,53.62341542006],[0.000576480566651833,53.6548606844262],[0.0173273886953013,53.6449156440165],[-0.103546755829809,53.6353418756986],[-0.227254981760063,53.7084938188361],[-0.243048048285932,53.73892797179],[-0.330231957518233,53.7477711950492],[-0.384620196542874,53.7243475887539],[-0.54255251540347,53.7084426891874],[-0.620730516014218,53.7302285864774],[-0.700123518700436,53.7037597983977],[-0.811885120280041,53.7043454484476],[-0.730587335042768,53.7043281696673],[-0.698493610813827,53.6846112501455],[-0.611423103252438,53.7146028982699],[-0.525538761492673,53.6779805078407],[-0.289364002000774,53.7131988201614],[-0.204422800569946,53.6379000446098],[-0.0932145186275363,53.5810722299436],[-0.0602285028280816,53.5815780694896],[0.0219796923201741,53.5199035927079],[0.0849996736028064,53.5163573916851],[0.0932554008812956,53.4886739923404],[0.12153020351242,53.4838902846207],[0.10878651191317,53.5042852278836],[0.168164852774028,53.4767973544079],[0.212471923780209,53.4213938363697],[0.189536114641344,53.417319763107],[0.23285478022409,53.3974244072965],[0.337184186535268,53.2403514764867],[0.355627376907466,53.1920584275719],[0.348210789726189,53.1091843370873],[0.332372870503056,53.0866975495652],[0.311295104862479,53.0948602033875],[0.151425050200805,53.008107120262],[0.0564642829438318,52.9301250522413],[0.076505089631619,52.93145094143],[0.0426433700650574,52.9278225969433],[0.0531717545197117,52.9158791792566],[0.00928512202967654,52.8942683512646],[0.0685508565176829,52.9187349186753],[0.0563762601847459,52.9033926260967],[0.176331510149807,52.8741162233266],[0.209444563137556,52.8195182561994],[0.351922628534727,52.8094450839694],[0.39552199125864,52.7475681276401],[0.357764687822173,52.8125481560388],[0.444772990373951,52.8533086896015],[0.490019892682054,52.9478293361729],[0.534937821290634,52.9746560469056],[0.752133230742927,52.9728812830591],[0.733275164302869,52.964173188534],[0.844194844263152,52.9772040848771],[0.869914381123761,52.9548967359403],[0.865342083210077,52.9695218430251],[0.852996913832645,52.9578715458484],[0.866611474241805,52.9790259328681],[0.907605731212267,52.9584890548599],[1.04639153975671,52.9657593535044],[0.958306099496171,52.9691813339899],[0.977548697472944,52.979889814502],[1.24198733946878,52.9424298689405],[1.40649461411723,52.8938765454949],[1.60530349289631,52.7892727059961],[1.69756952021577,52.7235391901525],[1.74186513082057,52.6339846134551],[1.73982283053948,52.5730371952193],[1.71070075960162,52.6190286428344],[1.64546725089514,52.5893814781775],[1.65055699941858,52.5762135644852],[1.65022259879135,52.5940124616846],[1.71883913400027,52.6096359720094],[1.76357118981522,52.4816350659752],[1.72165773511989,52.4776250810526],[1.7561982622895,52.4715532612805],[1.67552678155121,52.3134187518535],[1.63571713179229,52.2814203663784],[1.62231787310477,52.1868948843431],[1.57894539303224,52.0861478548819],[1.46736753931101,52.0475864918006],[1.58098271895241,52.0915392553095],[1.53950578362068,52.088042368527],[1.56880166187716,52.0981176016302],[1.5991487177255,52.1436114967866],[1.55172603072302,52.1665763643628],[1.49474840566431,52.1652231094401],[1.59476607578282,52.141571618403],[1.53790207815764,52.0810286227008],[1.51051560612363,52.069562124413],[1.49063102748719,52.0734515280879],[1.49612474900291,52.0864434877614],[1.49538159961889,52.0643878076842],[1.39412270325351,51.9872614127524],[1.31902362867578,52.0806353380306],[1.33723699331583,52.1037661879728],[1.29545692828078,52.0773000673613],[1.31742391761407,52.0760950145231],[1.34738956335914,52.0422726495633],[1.33738549902578,52.0243580775197],[1.39146705805036,51.9893249475189],[1.32021345294513,51.9334942628833],[1.28257035577333,51.9660618354656],[1.28031563207736,51.9931152002314],[1.18833162306344,52.0149988786755],[1.15992602219143,52.0479576181739],[1.15003489113037,52.034004890136],[1.16688136049961,52.0182610193122],[1.26730316429769,51.9878681967667],[1.2790881432162,51.960388259765],[1.21972192999347,51.9528720268273],[1.16354272628026,51.9705251526761],[1.05391970029527,51.9529993952923],[1.29169200184392,51.9492867136264],[1.29655838963736,51.9356054631444],[1.25403512083466,51.9181211616641],[1.24672983700422,51.8961112443349],[1.22975647342711,51.9045504590852],[1.17821443386404,51.8714311458658],[1.2244241881101,51.8805810745268],[1.21275752363623,51.8699489097347],[1.2324077673325,51.8550740668173],[1.26906622648226,51.8517520770447],[1.26369001181489,51.8862127594072],[1.28626448992612,51.876662266158],[1.28722667880968,51.859263217869],[1.23876185276414,51.8212462529822],[1.12442364936422,51.7754519930552],[1.04268242610963,51.7699096026894],[1.01761138042625,51.8006619301233],[1.06779725573519,51.8210882206679],[1.01060215931811,51.8056300588906],[0.955468599013042,51.8541225852651],[0.976016068634127,51.8463901882248],[0.982322645310723,51.8173587210199],[0.952554470344666,51.8332857943404],[0.964166441964546,51.8219930305421],[0.943539748645469,51.8221642668495],[0.991238982819986,51.8071991994293],[0.91989286791833,51.8079105305248],[0.937152457903174,51.8058597735168],[0.894753394092583,51.7910203673161],[0.893427669898868,51.7744385625096],[0.837467699678749,51.7842070106866],[0.894608810887656,51.7663024234976],[0.836724761248785,51.7738721895278],[0.882710544872676,51.7576522539139],[0.852430417976529,51.7416123526918],[0.686471863557025,51.7332192582975],[0.769185517779274,51.7083592420955],[0.738323364039189,51.6937103098439],[0.751229517613637,51.6885039139578],[0.77978257077557,51.692786259658],[0.771581982679827,51.7040612953427],[0.794955802583126,51.7185235493836],[0.848178284675708,51.7157052273293],[0.927747806836817,51.7481156716841],[0.950691527860078,51.7228800393088],[0.926546958770398,51.628948235542],[0.82287928136844,51.6231131541946],[0.650380626224716,51.6484412808022],[0.657874564453792,51.6378610992974],[0.605313962050893,51.6290039381463],[0.764094701830483,51.6368781665093],[0.779443551661996,51.6188309544874],[0.865747078722512,51.615569766687],[0.862526473082407,51.5960522255041],[0.81628759112688,51.6022475672687],[0.713659116084998,51.5726549189722],[0.805932493174082,51.5861220075423],[0.799139202825337,51.5709152679228],[0.848619668975376,51.551392007142],[0.787770680963095,51.5218312592832],[0.545033824433572,51.5476300696817],[0.506868774999988,51.531263959517],[0.54127138652028,51.5125607464342],[0.455889568439559,51.506850969647],[0.433979747212772,51.4614986154458],[0.378759071347683,51.4521358354594],[0.340845314505118,51.4523277366639],[0.318735408175832,51.474115466806],[0.281402125989587,51.4613984588571],[0.126345975161068,51.5194462649611],[0.0686613479588301,51.4990865709587],[-0.00204585615387899,51.507342668644],[-0.0163816641307183,51.4861488167725],[-0.0303687853206311,51.5071904274095],[-0.111475372963366,51.5107577704465],[-0.19737486402442,51.4652092453709],[-0.234394020015144,51.4904255208257],[-0.25521169579162,51.4725763925752],[-0.298964454878668,51.4852556918667],[-0.321712316644831,51.4654065958495],[-0.304279006346907,51.4516121339997],[-0.328485800316887,51.433958725644],[-0.302547817224562,51.4523442852726],[-0.319245650051518,51.4683613310391],[-0.287272129073823,51.4865216775146],[-0.260215048755059,51.4703144328646],[-0.235505416577919,51.4889505340594],[-0.195098791641277,51.4606160892373],[-0.108805057906591,51.5084462995708],[-0.0338695788014832,51.5060830180155],[-0.0227415564966814,51.475354171187],[0.000852384060337712,51.5045242744285],[0.0762345446849466,51.4958916035646],[0.128620890855794,51.5132941538122],[0.276519122502966,51.4535684997638],[0.309946490854417,51.4669594206122],[0.355894693107856,51.4455996136307],[0.443243411080802,51.449498621339],[0.481491396074262,51.4871629918744],[0.703174915090527,51.4712712920477],[0.722708359545191,51.4537641553571],[0.710285623311776,51.4348165232554],[0.635814795441336,51.4462226450498],[0.610866385052462,51.4174042897816],[0.491953531526442,51.3916952558642],[0.52254435937189,51.3850710587366],[0.537174124721616,51.4103051528523],[0.616297375930775,51.3779268551228],[0.634639670068849,51.3890893916805],[0.626927098579493,51.3747310490736],[0.648018280128286,51.3976009888512],[0.670065397523827,51.3733009985029],[0.686488701397093,51.3915519774466],[0.719187552877468,51.3881822774487],[0.698937274215735,51.4214003662417],[0.727977427880636,51.423589955274],[0.714703442480433,51.4197753013072],[0.73226780037907,51.4150140136584],[0.716859003235301,51.4140887848202],[0.726779321377664,51.3989210112311],[0.762826106628123,51.3843940140568],[0.764794268508334,51.3630820746127],[0.741322741845125,51.3456153520578],[0.760169306254271,51.3607159514813],[0.862759338185725,51.3563100041828],[0.898902658413543,51.3339667501524],[1.03318205477243,51.3655946372013],[1.42492483282119,51.3937887717512],[1.44958517398544,51.3774967277419],[1.42468182646303,51.3259930963434],[1.37689618483466,51.3296017036786],[1.35618843638307,51.309326933421],[1.36760555605523,51.3151243872295],[1.40261877662628,51.238330422337],[1.40106443053318,51.1651813883858],[1.31011119336943,51.1167959120417],[1.3248199348157,51.1120061486657],[1.07559834449458,51.0634836072134],[0.997348035727354,51.0250792552563],[0.964140643478175,50.9680805152191],[0.978406567929974,50.9128729195088],[0.772016625616782,50.9312619609906],[0.658637905395505,50.8699507083448],[0.377512425932031,50.8202989635353],[0.240908388187749,50.7349441836632],[0.0667733107989352,50.7824834513386],[-0.287500322188381,50.8405307756171],[-0.248136728721745,50.8247994492467],[-0.544987226111581,50.8050006620282],[-0.752568798798031,50.7580504537968],[-0.76309159880609,50.7729192291355],[-0.786854383500342,50.7599013473389],[-0.750081971913928,50.7574545083502],[-0.7891668480937,50.7223605159129],[-0.916824395101302,50.780381826557],[-0.877796685245669,50.8077127318676],[-0.82518078524483,50.8048530154694],[-0.812012552638792,50.833926242174],[-0.844574177105394,50.8048543824274],[-0.869938002517346,50.8164663570723],[-0.858062414524451,50.8394887568607],[-0.87687742861178,50.8114818409104],[-0.913204586293997,50.840078516801],[-0.908003092665566,50.7986040014131],[-0.942576239196575,50.8153971820182],[-0.932477907919786,50.8460494372293],[-0.981420804407408,50.8349280849224],[-1.00078254751953,50.8513917364961],[-1.02412894889485,50.8263225588785],[-1.17896540896825,50.8488352542921],[-1.11657262913995,50.7957215118509],[-1.13863061979218,50.7851876818321],[-1.11309827756289,50.7913443969034],[-1.13811726437177,50.7738824887665],[-1.30640856372924,50.8406796699191],[-1.30204106567659,50.8836423255513],[-1.25600813620225,50.903523900663],[-1.31290116596401,50.8764449396822],[-1.31264952843521,50.8488674989926],[-1.38312553935544,50.8893844750922],[-1.38083238690649,50.9324061713278],[-1.39327084197526,50.8830557238962],[-1.48273081237447,50.9248774423874],[-1.30858369298341,50.8148454678388],[-1.34201257536666,50.785998529688],[-1.4035166649674,50.783429379927],[-1.45123020157255,50.8191570829918],[-1.39238464583862,50.7769293840684],[-1.51378626707686,50.753230456842],[-1.53682655032701,50.7630918312697],[-1.53107393692561,50.7370180953137],[-1.57954323159501,50.7177228800433],[-1.55238852159548,50.7061048773173],[-1.692547967083,50.7373528291345],[-1.77056819447297,50.7302989612946],[-1.74110091120498,50.7232608929741],[-1.74884156008202,50.7110424135805],[-1.87619586403308,50.7154370952176],[-1.9478094101184,50.6826768805077],[-1.93212740370537,50.6961467443308],[-1.99190921550623,50.7124649127161],[-1.99596095998786,50.7374884880633],[-2.01140062300153,50.7265844527197],[-1.98650393151947,50.7081976608028],[-2.04257054885649,50.7319005599083],[-2.04162630761674,50.7140313032106],[-2.06290249092498,50.7165404624021],[-2.08119723467529,50.6862807533317],[-2.02624887114515,50.7074353384961],[-2.02445650976953,50.6876362428331],[-2.05267156124091,50.6779789827883],[-1.97836639693774,50.6769452904709],[-1.97820587676979,50.6592633630798],[-1.94982786014496,50.6801175400248],[-1.94939373939346,50.6458448183267],[-1.92375945775831,50.6420339891584],[-1.96095414372905,50.5909949618938],[-2.0553532610983,50.5765584077744],[-2.13441579481619,50.6126153635384],[-2.39361565997597,50.6366773664091],[-2.44092514277912,50.6266582388295],[-2.45081476180996,50.6042071559231],[-2.43343615910021,50.5965255769843],[-2.47240168316337,50.5845239007629],[-2.61145256570102,50.6540468041876],[-2.46059593843725,50.5710611768796],[-2.42243385201977,50.5692189355418],[-2.41820961398214,50.5427316362226],[-2.4572586209349,50.513387049973],[-2.44870660319066,50.5591416807916],[-2.50400145774758,50.5965531531162],[-2.77970224546285,50.7146673149754],[-2.92089930437522,50.7318231179364],[-2.98360945799245,50.7046641340565],[-3.07987491497486,50.702273472277],[-3.09596366668846,50.6852232769491],[-3.23404043670757,50.6786516483243],[-3.35990634634838,50.6072685454435],[-3.42553699255929,50.6183209875869],[-3.41551654708744,50.6291914308564],[-3.45164405197376,50.6825267683805],[-3.48387999881274,50.6905104837873],[-3.44367293738485,50.6015892897599],[-3.42894382643086,50.6076373234422],[-3.49643993506539,50.5416928010137],[-3.59080033929384,50.5388478043697],[-3.49670310182705,50.5380298190777],[-3.51480198381588,50.4816900243434],[-3.480824533607,50.4640287125078],[-3.54014670200344,50.4605262935835],[-3.55908828021355,50.4276642301715],[-3.54470197690165,50.4020991482172],[-3.48243295049384,50.3989680053836],[-3.54413308291276,50.3354477024348],[-3.5736274409333,50.3479601322879],[-3.57036728946413,50.368529751351],[-3.59165278310164,50.3823394122452],[-3.57518675433579,50.3931944165343],[-3.63424494604583,50.4088051245472],[-3.67236104481876,50.396951576252],[-3.59407145683346,50.3897370962004],[-3.58058815507125,50.3720600117663],[-3.60133143152292,50.35631448621],[-3.57931906393514,50.3599869549243],[-3.56353939705906,50.3354118829388],[-3.64617147797849,50.2830193647859],[-3.659183848086,50.2378902291317],[-3.64051497564688,50.2217847545396],[-3.72118747748353,50.2028749439923],[-3.77341246995397,50.2240864725465],[-3.72609027411823,50.2368521267659],[-3.75541317287629,50.2518842739395],[-3.71997728731297,50.2705501399349],[-3.75689197772265,50.254864177777],[-3.75803226126553,50.2836296942937],[-3.77803109626507,50.2792167182555],[-3.76746990921529,50.2628678601447],[-3.78581741772685,50.2657253708033],[-3.75883068588003,50.2406138918237],[-3.77525010176725,50.243728905846],[-3.78465701482253,50.2108910911774],[-3.82305652453488,50.2171443490608],[-3.86914334147142,50.2400873013317],[-3.85808770705541,50.2607796917619],[-3.8813641261081,50.2749594363553],[-3.8258280012143,50.3106492059173],[-3.85472005646313,50.309216083171],[-3.8709958498769,50.2812588663408],[-3.94371408638679,50.2959236214064],[-3.9263713601454,50.3397670526127],[-3.9609143082929,50.3045255983355],[-4.02019024798243,50.2948729227629],[-4.07541487772385,50.3040465687841],[-4.03192787108066,50.3142767895234],[-4.05320990376473,50.3150568777252],[-4.01573074793729,50.3410430183035],[-4.05828199678584,50.3380766271063],[-4.05647938449737,50.3113960116512],[-4.11899825525202,50.3193411666391],[-4.13530368082873,50.3594212860304],[-4.10533168090595,50.356531956059],[-4.0839811291844,50.3867327659888],[-4.11394702689305,50.3625256438109],[-4.18540674515691,50.3671948095518],[-4.17970267338224,50.3966915842968],[-4.20487503367993,50.3988195718805],[-4.19234041838316,50.4246825653434],[-4.16947293726425,50.4223695004218],[-4.1898603488086,50.428453066212],[-4.15693407360384,50.4618866775637],[-4.18509978859368,50.4342703500795],[-4.21570385781984,50.4682753719587],[-4.2429609815601,50.4659917766472],[-4.21765124326894,50.4644479820533],[-4.19938034762615,50.4364153561754],[-4.23676175065945,50.4387227945316],[-4.20979817033719,50.4253541742906],[-4.21198219948314,50.3993174876714],[-4.27632284428323,50.3770038169024],[-4.28064768479905,50.3985934002023],[-4.30872014009699,50.3877711021506],[-4.26665176101383,50.3695177909342],[-4.20167673679332,50.3876121883672],[-4.19476740639604,50.3718694483427],[-4.23930486592727,50.361674793943],[-4.19679559021605,50.3594485027294],[-4.2085291776033,50.3470305163733],[-4.17633442616615,50.360270433163],[-4.16999166742884,50.3433249827447],[-4.20122722558893,50.3329307540075],[-4.18837136254808,50.3176713451342],[-4.22273727146473,50.3113488854759],[-4.22034844245105,50.3260503735714],[-4.28270553294373,50.3568352190289],[-4.38697130300878,50.365693590496],[-4.45113027819672,50.3508982164387],[-4.45941058514264,50.3696271859488],[-4.48365215356014,50.3641248299565],[-4.45118720301402,50.3502553741764],[-4.47351157414871,50.3331534507009],[-4.63447791505679,50.3248581240174],[-4.60883219412556,50.3382841381203],[-4.63608837067161,50.3473407555564],[-4.60766274126578,50.3593960528809],[-4.63595842766601,50.3600692771431],[-4.615847557023,50.3855310326622],[-4.63796658525472,50.3731063384898],[-4.662404765065,50.3897768359604],[-4.63873865333631,50.3703920844609],[-4.63853101776292,50.332443167529],[-4.67296376008599,50.314033620942],[-4.69156562205375,50.3468302730096],[-4.75683595681938,50.3310338445686],[-4.75259254473066,50.2988468780306],[-4.787007181703,50.2694692234499],[-4.76705792509417,50.2567347510637],[-4.79883372687678,50.2194405371071],[-4.8629347859456,50.2359660777356],[-4.91877566639282,50.196223871044],[-4.95759464655832,50.2022266351116],[-4.98193813693263,50.1518124019897],[-5.00936177850886,50.1395311763559],[-4.98857996181963,50.1784974047984],[-5.02380085537048,50.1547555868754],[-5.01438308433253,50.1904495870564],[-5.02569409864205,50.1821940059553],[-5.03490774760695,50.2033618855603],[-4.96485405817109,50.2380073882612],[-5.01469334964796,50.2278722722745],[-5.02170237541653,50.245163745137],[-4.99155528801595,50.2798875204235],[-5.02801536698976,50.2429499055865],[-5.05015966142303,50.264101782687],[-5.05048396797409,50.2482516462028],[-5.01601145291828,50.2406319471695],[-5.01841867319248,50.2258835042599],[-5.04433107053775,50.2275327663219],[-5.02840973986212,50.2099519139792],[-5.05899798574645,50.19337049367],[-5.06661584036735,50.2104624654211],[-5.09669942774452,50.2111712794564],[-5.04639839616252,50.1687604291287],[-5.10221132350524,50.1697890119329],[-5.04202348441673,50.1442503115179],[-5.07677195370431,50.1392936408798],[-5.09757543589506,50.1007399153874],[-5.13782807556591,50.1117153328001],[-5.16315174339144,50.0967520113377],[-5.1636519700597,50.1127667060568],[-5.15942921599738,50.093972365076],[-5.19450994958511,50.0827437756872],[-5.10931346067238,50.0948930268408],[-5.09299234196458,50.0881424699821],[-5.11789110908286,50.0823087281725],[-5.07607700305361,50.0854677480985],[-5.05782603466165,50.0527912950035],[-5.10137981771245,50.0042070548985],[-5.16663255993957,50.0037349810631],[-5.19877944918994,49.9589618599301],[-5.24598993921806,49.9759913483365],[-5.26691348797681,50.0006438490385],[-5.26151614805417,50.0336067240406],[-5.31628439037373,50.0851952740984],[-5.4292439292031,50.0969886735981],[-5.48375660035615,50.1267878331185],[-5.54858130273927,50.1066310526456],[-5.53321941665169,50.0885155132022],[-5.55476441989879,50.0598601508779],[-5.67927228713674,50.0349931229694],[-5.71697949558696,50.0686729814241],[-5.68903190325079,50.0885157967885],[-5.70982532928711,50.1274666620419],[-5.67305599707322,50.1663063409121],[-5.49818848317038,50.2197454402317],[-5.43675893868638,50.1933919385943],[-5.43674717490199,50.1759643523577],[-5.40700864077531,50.1928019700267],[-5.43363286935838,50.1936716044546],[-5.39569837903282,50.2404041396061],[-5.34081757973173,50.238251047249],[-5.25072818664762,50.2818306706052],[-5.23404433443134,50.3187433600436],[-5.15386655699988,50.3461438450055],[-5.14957598203465,50.401694183787],[-5.08317636834076,50.4040804772986],[-5.12379749625692,50.4128981940728],[-5.05469330823253,50.4259056167706],[-5.03264105285814,50.4659186198799],[-5.04679059455401,50.4977942993347],[-5.02125551363502,50.5092333004164],[-5.03659236790489,50.5494368974235],[-4.98380350460812,50.5422227304993],[-4.94527907070599,50.5686283034999],[-4.93625927286234,50.5115760426706],[-4.92949469877939,50.5296347335576],[-4.85525399409013,50.5288589081959],[-4.92611977241642,50.5448533623067],[-4.91557325299498,50.5759871746751],[-4.93430386333569,50.5876430449101],[-4.80003004826747,50.597163130507],[-4.77043196086056,50.6223799589591],[-4.76375477330835,50.6696393662234],[-4.68028504482393,50.6960181335949],[-4.65389502889642,50.7398453947643],[-4.5584999365786,50.7882580676205],[-4.56984576322975,50.9037021492824],[-4.54595691118618,50.9283540559508],[-4.52604956486267,51.022188577529],[-4.34527313220164,50.9888630076941],[-4.30358542731271,50.9973453543894],[-4.22520927411768,51.0630322228859],[-4.19054765515255,51.0548221309222],[-4.20324450634273,51.0056919269315],[-4.18089737732268,51.0663060479724],[-4.15309472392381,51.0801837608328],[-4.1146516522746,51.073565699842],[-4.11796490645174,51.089816833367],[-4.05553983314216,51.0729373814592],[-4.11869052025032,51.0945378527364],[-4.16761064904952,51.0933462842673],[-4.19054714501017,51.0648753117146],[-4.2158378861734,51.0757223785872],[-4.22255989135025,51.1177960158717],[-4.2618052927948,51.1428352862621],[-4.21996352926971,51.1466979402868],[-4.20973463078902,51.1725288780511],[-4.2305319688265,51.187879777925],[-3.78542444693296,51.2463935825163],[-3.62171408877056,51.2167743609447],[-3.55451084867313,51.2330877752852],[-3.41164398996629,51.18386319038],[-3.31321663206093,51.1795597948868],[-3.01915209610144,51.2182579131404],[-3.05618149248754,51.1733561094807],[-3.00233165891691,51.2260106141583],[-3.02189668640386,51.2690266966599],[-3.01123616570036,51.3202919489399],[-3.03592989396078,51.3285451721506],[-2.98593582034049,51.307680141437],[-2.99413206269543,51.3571531748279],[-2.96250100498869,51.3823471618145],[-2.98079855960708,51.3884162463913],[-2.89797252369921,51.3903350848707],[-2.91302295917806,51.3959849107561],[-2.87912944633119,51.43190086139],[-2.77355028903305,51.4946168172197],[-2.71648224169541,51.5006083235134],[-2.65113378290566,51.4736582486091],[-2.71831717905998,51.5061593506697],[-2.66389522945569,51.5731525402867],[-2.56670696090924,51.6290628429745],[-2.5740271448253,51.6487116662675],[-2.48900335829745,51.6996644954429],[-2.48185529471287,51.7256508130891],[-2.3820371608502,51.7591723621786],[-2.38371957489988,51.7757559472025],[-2.44702445454518,51.792684842079],[-2.43486468614545,51.8099542656918],[-2.34714669742062,51.7976898335339],[-2.35038703160491,51.8297608788201],[-2.36323062215408,51.8215785576732],[-2.35072124174485,51.7978841593069],[-2.44059836040735,51.8126025765922],[-2.44843206935402,51.7849199086746],[-2.40463997921253,51.7728121955521],[-2.60999005665618,51.6724091597302],[-2.65613479309018,51.6102104935108],[-2.680059684461,51.648581817507],[-2.66597684034939,51.6644671488217],[-2.68497099562609,51.6612384959266],[-2.6569864049332,51.6735858778848],[-2.68753448385493,51.7302052268534],[-2.66269206735517,51.7538947427429],[-2.67853782959666,51.8028451984713],[-2.65040070567432,51.8261246880221],[-2.71966531119947,51.8488696891103],[-2.73884858634764,51.8366165094632],[-2.77879887552431,51.865859065782],[-2.76845708326348,51.8805382700943],[-2.87542257173629,51.9330887259947],[-2.97275848557235,51.9058894127876],[-2.97752817985425,51.9275108960613],[-3.00823373586958,51.9272581388503],[-3.06737674091607,51.9831362965463],[-3.09919890693024,52.0226858076554],[-3.09078087745997,52.0508252935815],[-3.12589457339956,52.0783105771297],[-3.10492212967307,52.1167418928952],[-3.14122947075569,52.1299219958831],[-3.0725382658941,52.1557732338737],[-3.12243047087079,52.1634196046664],[-3.09465104889233,52.1837422721208],[-3.10208187078616,52.2027204247282],[-3.07210637947488,52.2132868024623],[-3.07400227544547,52.234200256831],[-2.94962136496068,52.2695258649155],[-3.01261128212472,52.2794137726788],[-3.00094585848268,52.3216572705086],[-2.95465135625057,52.3491547619378],[-3.06329658078396,52.3492111267604],[-3.23555343310675,52.4425111831888],[-3.19724017301225,52.4759894035959],[-3.02920219998827,52.5012680249874],[-3.03237893922629,52.5237313424194],[-3.00387364775971,52.5198330362371],[-2.99430716764492,52.5530480800461],[-3.01443998659297,52.5754974436957],[-3.13308143025898,52.5274741129364],[-3.11149542440582,52.5413637639296],[-3.13950076571608,52.5857198071629],[-3.08955816271373,52.5995062971115],[-3.05980887011232,52.6307546624332],[-3.08356627752097,52.6412925192923],[-3.05112433418108,52.6473703190466],[-3.02147728971123,52.7242448164798],[-2.96109991405064,52.716387247975],[-3.02189115209444,52.7523788410907],[-3.01719151424293,52.7676407153281],[-3.07951607132088,52.771513911764],[-3.08663218442715,52.7955931558439],[-3.15842528976348,52.7934881029228],[-3.16264040154044,52.8479872102473],[-3.12771287514737,52.8671030319031],[-3.14750393983102,52.8901693448939],[-3.11416217688046,52.8939782156026],[-3.09595322236249,52.9302818594646],[-3.03500585010775,52.9295082828756],[-2.97477008589386,52.9689516069911],[-2.9288886576968,52.9386788293684],[-2.84101496067848,52.9426237140995],[-2.80047694829725,52.8955151282304],[-2.72854141965598,52.9251781184273],[-2.7268406065337,52.9832729453915],[-2.83387298951252,52.9967237008863],[-2.85861696216635,53.0198376113779],[-2.86151314240195,53.0607743450991],[-2.90094374755769,53.0908335333307],[-2.88094231782242,53.1213747331969],[-2.94367033475339,53.1216257321628],[-2.99292900752875,53.1532880706437],[-2.92784057008542,53.1714106890062],[-2.92229929317117,53.1892926708204],[-3.02590523620471,53.2484562322812],[-3.09580623644781,53.26237833571],[-3.07805966166501,53.2691059150834],[-3.0918170388319,53.278336659198],[-3.06417584218527,53.2732469871019],[-3.10844948283661,53.2903222363262],[-3.09665622890249,53.2971686376886],[-3.20036786484447,53.3875152769109],[-3.04032032385677,53.4428974492803],[-2.95826371765444,53.3326417736128],[-2.87838965649441,53.2907828192051],[-2.84299741520689,53.307536579453],[-2.78896613468561,53.295450918772],[-2.75248091389742,53.314733779232],[-2.75377295712957,53.3434470186141],[-2.62173022885747,53.3750249680143],[-2.76205149798426,53.3532625599253],[-2.78980651468789,53.3223565232255],[-2.8781584032105,53.3341988129017],[-2.98497258192719,53.386503354574],[-3.06506183003855,53.5047971855252],[-3.0640893032736,53.5306079695072],[-3.10546969372255,53.551515121877],[-3.00319787554834,53.670109250229],[-3.01409163674866,53.6791290336072],[-2.94152892554935,53.6965385670863],[-2.95510573113752,53.7044380058463],[-2.92884252098914,53.7045058981382],[-2.94824334885701,53.7117819661068],[-2.93590241203022,53.7254278573857],[-2.91550650829472,53.7133397800803],[-2.9293482374125,53.7241612097607],[-2.86466825064204,53.7339230617199],[-2.82630966820449,53.7132010736024],[-2.8548327060395,53.7353303345746],[-2.75719952461912,53.7564230236602],[-3.00082176254005,53.7367111159568],[-3.05502289109455,53.7619850625643],[-3.06101064072763,53.7953291519783],[-3.05014790005106,53.9192152246252],[-3.00608974736265,53.9280637141292],[-3.00312505660112,53.8930317106926],[-2.95265198509772,53.8577740609325],[-2.99122127663588,53.8955466416647],[-2.99657472244147,53.9311477620765],[-2.91500859446365,53.9515129958546],[-2.89126896343871,53.9394762817232],[-2.87248617071447,53.9537934502568],[-2.88677863849597,53.9583911422734],[-2.84122748789692,53.9659433197092],[-2.8792546255851,53.9791130168565],[-2.85608726991274,53.9995800754066],[-2.82324000272676,53.9947504509764],[-2.84151072048131,54.0456851133999],[-2.79329700171989,54.0629132048356],[-2.85033295170146,54.041101368841],[-2.83522372484665,54.010845607339],[-2.87263755927612,54.0076471139492],[-2.88104026035683,53.9894528386938],[-2.92442353253621,54.0313276877543],[-2.87914977008389,54.0745555742443],[-2.82619662102057,54.0869000407816],[-2.78507456194648,54.1350400464222],[-2.8207208101858,54.1229822654212],[-2.869476779971,54.1766678427868],[-2.78581402808178,54.2264402390537],[-2.81439870780994,54.2495782598682],[-2.79438125660623,54.2274202495207],[-2.90761017263178,54.1931286298853],[-2.93186222921314,54.1513920393982],[-2.9683818648167,54.1460258024939],[-3.00529343160223,54.1562692861361],[-2.99412094734348,54.1730486061648],[-3.03876063401333,54.197194103868],[-3.01454551426712,54.2063678043235],[-3.04876496998461,54.2332337381789],[-3.02857300583275,54.2463678139575],[-3.04805397110303,54.2422896958078],[-3.05311965732432,54.2208456404576],[-3.03241956451862,54.2113156696235],[-3.05974102980086,54.1893598898341],[-3.0608558624468,54.1619982118481],[-3.17239860225786,54.0817840914531],[-3.1507107426661,54.0647853241542],[-3.19130643872628,54.1028502156935],[-3.23930826998406,54.1041391361432],[-3.23769626162009,54.1559201085784],[-3.25653832090725,54.1687019771402],[-3.21715247540839,54.1774638240511],[-3.18919287950842,54.233588875631],[-3.22904062116442,54.2599049898852],[-3.22376053391549,54.2769294598587],[-3.25398110018546,54.1916383619339],[-3.33003785831517,54.1963397955424],[-3.4227306105891,54.2928557559864],[-3.40422688112153,54.3619805735887],[-3.43528528972723,54.3433826113222],[-3.63880287364147,54.5170684439755],[-3.58039127077633,54.5719033632217],[-3.56589360056457,54.6122261994034],[-3.57807649539379,54.6517055576845],[-3.55721494120297,54.646254238809],[-3.57174335475492,54.6508463225268],[-3.50831309205108,54.7172147972456],[-3.44541183797266,54.7521684951147],[-3.4378546668328,54.8016272621156],[-3.36698781532365,54.8914698709485],[-3.3388444593,54.9002339958123],[-3.35760798578794,54.8918501002141],[-3.28960036277855,54.8802135308819],[-3.28193492989162,54.8615162404409],[-3.28804736111497,54.8926061034282],[-3.2661650640217,54.8856699828069],[-3.25065252667829,54.9117806286142],[-3.20971340199137,54.9038985312187],[-3.31347584927487,54.9188930578604],[-3.23220190321563,54.9532200146604],[-3.1188703594269,54.925349302034],[-3.05019304371727,54.945998854423],[-3.00960779179728,54.9461800534668],[-3.00638744634778,54.9308863307415],[-3.00803378880629,54.9470414530548],[-3.05498775059172,54.9536373462569],[-3.12978499956331,54.9344049017078],[-3.1040230149421,54.9713739055153],[-3.05841740623839,54.9830657802935],[-3.04028151484511,54.9700318911227],[-3.05790265046854,54.9917193523923],[-3.02587564330566,55.0364866601826],[-3.05092854160806,55.0528035971603],[-2.95859356798911,55.0492945911909],[-2.82550257520544,55.1383140714092],[-2.70347661666498,55.1731731598941],[-2.666814789349,55.2215803899766],[-2.63141420722149,55.2236980849122],[-2.63022898081735,55.2447914959374],[-2.61145085823107,55.247134429328],[-2.64677118121333,55.2600438629418],[-2.55904121304847,55.3178347054877],[-2.47747192039823,55.3543328815088],[-2.37891180668306,55.3491694371305],[-2.33747713193072,55.3672809415469],[-2.332366351754,55.4099107139305],[-2.19421972116367,55.4452580081787],[-2.1655212321177,55.4683818980953],[-2.20159170971667,55.475516011399],[-2.2403065059112,55.5556271683871],[-2.28853587165619,55.5800500223507],[-2.30862602967662,55.6288759763574],[-2.33601244831487,55.6320546994208],[-2.30578970416838,55.6470437737042],[-2.23479932643361,55.6408121299553],[-2.24817393761024,55.6523531987835],[-2.16723105928948,55.7060351648167],[-2.17699672355935,55.718375035575],[-2.0856391490368,55.7620403321679],[-2.0861230942702,55.7930452706114],[-2.03117086683748,55.804230056814]]]]}},{"type":"Feature","id":"nir","properties":{"app_id":"nir","parent_id":"gb","name":"Northern Ireland","source_code":"N92000002"},"geometry":{"type":"MultiPolygon","coordinates":[[[[-5.52132981631193,54.6764077350708],[-5.54541385707566,54.6728674965663],[-5.53379556543648,54.6816492641566],[-5.52132981631193,54.6764077350708]]],[[[-5.52218451866392,54.6970293319901],[-5.52455601088895,54.6926064898051],[-5.52838924108435,54.695084133917],[-5.52218451866392,54.6970293319901]]],[[[-6.46838096219081,55.251206230633],[-6.40930689281313,55.2322768050202],[-6.33254006275192,55.2396369855488],[-6.23592562121633,55.2027273989681],[-6.14595369484932,55.2280221265758],[-6.06222813377427,55.1988810573507],[-6.02553707147018,55.1399467741922],[-6.06224944358356,55.0600883676259],[-5.96601625631755,55.0523809463849],[-5.99166571770805,54.9863955997074],[-5.91898707001459,54.9617533985834],[-5.87503238646159,54.9056069705516],[-5.84429569303279,54.900753677927],[-5.79362406263639,54.852093360851],[-5.72532018197086,54.8481057896905],[-5.68944749472882,54.8029288763425],[-5.68804706275384,54.766958613772],[-5.71010896761564,54.7459302340894],[-5.84070013154873,54.7052190002518],[-5.91286190678806,54.6479818592566],[-5.85510871926641,54.6336702336859],[-5.74100998047309,54.6776208141341],[-5.672908520868,54.6629966194769],[-5.63000408694866,54.6799956112911],[-5.54146163440778,54.6545350127371],[-5.51989841252334,54.5956860635418],[-5.47724932767884,54.5640537053414],[-5.4631572328081,54.49789225965],[-5.43279084010804,54.4873294249847],[-5.4356139142063,54.4571278104472],[-5.47817492290475,54.4319100129048],[-5.45812176998308,54.3929598637749],[-5.48969052750174,54.3763940199641],[-5.4967641358556,54.3332820501975],[-5.61452959239657,54.2464821675954],[-5.63980565703616,54.262988642378],[-5.63635612142367,54.2422697894631],[-5.66018062367681,54.2256146959057],[-5.6872577214268,54.2505493173108],[-5.82266934875245,54.2433325437108],[-5.83376829094292,54.2570287950278],[-5.81586122860151,54.2591468526417],[-5.81391045743484,54.2866472277213],[-5.84961934582096,54.2545070530797],[-5.83132371831681,54.2403069043619],[-5.89285019587222,54.2053686188394],[-5.87177602642365,54.1676037203016],[-5.89428678835067,54.107805302627],[-6.06301177995862,54.0229118335418],[-6.10583003364296,54.0409673094177],[-6.07308491743096,54.0459002550467],[-6.09489429352366,54.0626175473578],[-6.15938706237367,54.0649566825468],[-6.19809850043,54.0981700609954],[-6.29088218758648,54.1126750144333],[-6.3180123204477,54.0909620585078],[-6.36637430472328,54.1136426122681],[-6.3635375109824,54.0725917818714],[-6.39146979590292,54.0587919757166],[-6.44352624932341,54.0564653956085],[-6.4777577915687,54.0771101473023],[-6.47127143322683,54.0662947118375],[-6.51052802634723,54.052670952962],[-6.58661444892787,54.0575528295935],[-6.62383843790942,54.0364871470294],[-6.66898383853788,54.0729681743195],[-6.64506226106336,54.0991614878008],[-6.66125089395715,54.1225713184218],[-6.62971588703464,54.1535378789817],[-6.64405486228898,54.1797542878835],[-6.69185994092017,54.2002286746554],[-6.74156730782156,54.1821995214306],[-6.81616846653069,54.2230075544352],[-6.82774017794984,54.2614484808733],[-6.87800193574229,54.2790286385038],[-6.85095257282283,54.2919803784377],[-6.87604222383114,54.3465722063005],[-6.90637099573104,54.3504297170744],[-6.9110396791768,54.3745273665613],[-6.97879497001987,54.4085898199749],[-7.02841572256739,54.4210334419768],[-7.10970473285652,54.3683160187829],[-7.10337727140205,54.3559994059587],[-7.18883022750182,54.33764894441],[-7.1791487776856,54.3096899976113],[-7.21219347850518,54.2996019185743],[-7.14224373046422,54.2556213282909],[-7.15899118818347,54.2436668845671],[-7.14495174669455,54.2247154728684],[-7.24910372390233,54.2034048286213],[-7.23297728668329,54.1977969391846],[-7.25905874252243,54.1922420973924],[-7.25824823551584,54.1773765193014],[-7.24026995808637,54.1696848120158],[-7.27953621466042,54.1223710673282],[-7.30893642539855,54.1321126014676],[-7.28535937791346,54.1364821534078],[-7.30131930005387,54.144080369632],[-7.28380072928641,54.1538523710107],[-7.29134270514924,54.1719426731357],[-7.33945498671651,54.1468352301154],[-7.30532907405191,54.1233556274696],[-7.31894125242478,54.113328715536],[-7.36352050614821,54.1314395486121],[-7.39189821530749,54.1202016973079],[-7.37278393579758,54.1395220053535],[-7.42038940357354,54.1368537665629],[-7.40955331328968,54.1562131320573],[-7.44233997568184,54.1539028087988],[-7.47932887615282,54.1222484746727],[-7.52814113482711,54.1357561472058],[-7.54738750034438,54.1221115241841],[-7.67658346315967,54.1820086734217],[-7.68542610776773,54.2077579503057],[-7.81147150795378,54.2008866897266],[-7.86024218460512,54.2175535498251],[-7.86188555448804,54.2934868654432],[-7.96165131898819,54.3124348811708],[-8.00036657558952,54.3581491361488],[-8.05739402500478,54.36574155543],[-8.17748428228008,54.4647764389835],[-8.04260603057662,54.4877233137362],[-8.00596571136954,54.5459418306767],[-7.85051187442265,54.5330034415847],[-7.79404163860916,54.5815882983032],[-7.6948941601474,54.6126304436589],[-7.70836787720627,54.6349023539689],[-7.74159461592634,54.6179457940147],[-7.81325914533255,54.6438839947981],[-7.85142725401062,54.6306736817815],[-7.85658899607321,54.650475346954],[-7.90405973961756,54.6627163737488],[-7.91411771221507,54.6753245090107],[-7.89885562658892,54.6906459366459],[-7.92101292530627,54.6959648954732],[-7.83668374304635,54.7364274211321],[-7.74994675840577,54.7042537593992],[-7.63662067766314,54.751500843907],[-7.53424902817404,54.7470300322912],[-7.54930558585403,54.7893537455574],[-7.47085547588209,54.8348883703927],[-7.44316031457941,54.8712170218473],[-7.44721121229491,54.9352036715083],[-7.3920842152073,54.9454326608888],[-7.40745593226814,54.9636559601653],[-7.39145871224322,54.99784445244],[-7.40558090810418,55.0033098717875],[-7.34514620192406,55.0508375195808],[-7.2890728269145,55.0474427334625],[-7.2569451141616,55.0672373197573],[-7.25303690182705,55.0451895134007],[-7.22567956361975,55.0609082843231],[-7.05954799950252,55.0476027834192],[-7.01387317032351,55.0796970927819],[-7.02020558998291,55.100261204877],[-6.9899928625477,55.1095498918989],[-6.96640328489473,55.1945760675208],[-6.9109316410512,55.1737154316716],[-6.76844180462335,55.1673893404477],[-6.65837982452969,55.1994678129106],[-6.66286467320783,55.2126817803206],[-6.54761442250931,55.2158582651739],[-6.46838096219081,55.251206230633]]],[[[-6.23992907978855,55.3120392396684],[-6.16814340117818,55.2968549048353],[-6.18992039473354,55.2584687599458],[-6.19303586103391,55.2926274343029],[-6.28609463639854,55.293449269033],[-6.23992907978855,55.3120392396684]]]]}},{"type":"Feature","id":"sco","properties":{"app_id":"sco","parent_id":"gb","name":"Scotland","source_code":"S92000003"},"geometry":{"type":"MultiPolygon","coordinates":[[[[-4.21135398723758,54.8118587131881],[-4.21251923168763,54.8062133444667],[-4.21582820014675,54.807970876941],[-4.21135398723758,54.8118587131881]]],[[[-4.22274297859617,54.8222283458276],[-4.22500755856511,54.8153986695014],[-4.2279835845594,54.8171857622841],[-4.22274297859617,54.8222283458276]]],[[[-3.80855805371735,54.8315080704327],[-3.81024336874211,54.8314483605882],[-3.81061532825095,54.835879043404],[-3.80855805371735,54.8315080704327]]],[[[-5.11352371877439,55.2473271791991],[-5.12392522346925,55.2494897357724],[-5.11922757027834,55.2579388192731],[-5.11352371877439,55.2473271791991]]],[[[-5.57223072482531,55.28656148578],[-5.56451784233371,55.2814869202834],[-5.5969009645058,55.2790318434574],[-5.57223072482531,55.28656148578]]],[[[-5.53907575297796,55.4226178203721],[-5.55379630332316,55.4248921627781],[-5.53871703411134,55.4273169647082],[-5.53907575297796,55.4226178203721]]],[[[-5.06007573954693,55.5176767232488],[-5.07037391809024,55.5121776464348],[-5.08861177171983,55.535451372056],[-5.06007573954693,55.5176767232488]]],[[[-6.14216633687745,55.6135074402906],[-6.15250632128301,55.6146551974687],[-6.13302601603189,55.6190686280916],[-6.14216633687745,55.6135074402906]]],[[[-5.74625595183006,55.6342546004884],[-5.75912937995506,55.6287116871644],[-5.75002435545163,55.6387079125729],[-5.74625595183006,55.6342546004884]]],[[[-6.08896122460685,55.6384736153384],[-6.08768379973886,55.6434994841783],[-6.08344906945434,55.6404208120347],[-6.08896122460685,55.6384736153384]]],[[[-6.02296032387653,55.6648654298417],[-6.02578212689304,55.6685986969721],[-6.02056268293933,55.66916507348],[-6.02296032387653,55.6648654298417]]],[[[-6.51314898566957,55.676586493435],[-6.50628540591779,55.6713412673479],[-6.51513397579497,55.6719082548131],[-6.51314898566957,55.676586493435]]],[[[-5.25486023095106,55.7203237298961],[-5.15178482424983,55.6660733375619],[-5.12806764715908,55.6098366687719],[-5.16031275608365,55.5837245233169],[-5.08281572835297,55.5519107891347],[-5.12885542138283,55.5310299088669],[-5.07930515658052,55.5098206557869],[-5.09477098977086,55.4916772196503],[-5.08358302235039,55.4545211634062],[-5.11236133455458,55.4398636925434],[-5.25142233014603,55.4394244345887],[-5.31320332358711,55.4649984413825],[-5.32728821880805,55.4981286538473],[-5.35536142878443,55.506685288233],[-5.34908329510326,55.5709022076702],[-5.39517192007768,55.6270080765696],[-5.36481326245821,55.6783151227964],[-5.25486023095106,55.7203237298961]]],[[[-6.5153646813006,55.6785061695065],[-6.52153663907785,55.6809934261599],[-6.51897136240178,55.682772714292],[-6.5153646813006,55.6785061695065]]],[[[-4.94504652393356,55.7158247313979],[-4.96783335030132,55.7212917457244],[-4.93937863941191,55.7345640572373],[-4.94504652393356,55.7158247313979]]],[[[-5.72216267562593,55.7279031988626],[-5.7343682172287,55.6843535539439],[-5.7179930303752,55.6852152813832],[-5.76372122374185,55.6458239373389],[-5.77434224899526,55.6768482549611],[-5.72216267562593,55.7279031988626]]],[[[-4.89364940782459,55.7657801949496],[-4.91385164980256,55.7447847539222],[-4.95044734375859,55.7536408256303],[-4.91908422162233,55.7902709161933],[-4.90101313690529,55.7919009806322],[-4.89364940782459,55.7657801949496]]],[[[-5.14787449272826,55.7853368331495],[-5.16205868174977,55.7821995198244],[-5.16339254119391,55.8038814799611],[-5.14787449272826,55.7853368331495]]],[[[-5.9886845933332,55.7908517331906],[-5.99166002206042,55.7866317460039],[-5.99429260285805,55.7890957667559],[-5.9886845933332,55.7908517331906]]],[[[-6.03419272947654,55.7910999713544],[-6.03830829421457,55.7908987185082],[-6.03955500701452,55.7938208920343],[-6.03419272947654,55.7910999713544]]],[[[-5.18323494226607,55.9251275035873],[-5.07830246315958,55.8813845873291],[-5.09209569235644,55.8629254632807],[-5.06191205512504,55.8590818702587],[-5.05888897769524,55.8391969106053],[-5.02468775389337,55.8435131754728],[-5.00103562151375,55.7699837586848],[-5.03201305379556,55.7535613602154],[-5.00390169238018,55.7307152842487],[-5.02912783580209,55.7217909739368],[-5.09355454372881,55.7780141061031],[-5.12038348024036,55.7723172472035],[-5.12673673461592,55.8094702938738],[-5.14303179514549,55.8127285847348],[-5.12923555935828,55.8452217247381],[-5.16917190959207,55.8516818034601],[-5.22140622792085,55.9012142187216],[-5.18323494226607,55.9251275035873]]],[[[-5.73068752321391,55.916849358351],[-5.73743224712156,55.9104479488959],[-5.73806563987743,55.9150169978348],[-5.73068752321391,55.916849358351]]],[[[-6.33326679068156,55.8998978356784],[-6.34453336330388,55.8972123245023],[-6.33049303246643,55.9023692143034],[-6.33326679068156,55.8998978356784]]],[[[-6.12151355466216,55.9352024483594],[-6.13208478025674,55.8897247938601],[-6.1034610094171,55.8466252590333],[-6.10403123771251,55.8128819903202],[-6.04691220445192,55.7636435548198],[-6.03587725049284,55.6914284397061],[-6.01996617928702,55.6841678078363],[-6.07335312561594,55.6632571705852],[-6.07419490602515,55.6423121398203],[-6.21782859832256,55.6305023332533],[-6.26783881647806,55.5790683670188],[-6.33918693765328,55.5910941409327],[-6.30396007048023,55.6486770022763],[-6.25909042877479,55.6575921346393],[-6.28753650992025,55.7022064308456],[-6.34122719364501,55.7161140735631],[-6.34009288899328,55.729588384416],[-6.26194683158652,55.7638913732079],[-6.25970378613865,55.7843046417461],[-6.34729816457538,55.7841635853633],[-6.41476272034893,55.7060422596121],[-6.48821244820672,55.6710089411579],[-6.52569733799817,55.6929383528003],[-6.49312183357554,55.7130941924874],[-6.50696325221811,55.718940266838],[-6.49755776075878,55.7355909515112],[-6.46131961087643,55.7518048875344],[-6.456560402719,55.7824524827469],[-6.48696087993249,55.7927186945831],[-6.45658632295286,55.8091903407359],[-6.45464598780516,55.8524387605197],[-6.3920902203679,55.8580779582484],[-6.32761345523569,55.8916112426733],[-6.34609242428736,55.8345117284967],[-6.31878973375567,55.8218675000616],[-6.31630380477062,55.873468297767],[-6.27965056790265,55.8767109263984],[-6.19688705719102,55.9269167918671],[-6.12151355466216,55.9352024483594]]],[[[-5.67446920541597,55.9536087159973],[-5.69380740852537,55.9315672818211],[-5.70606986317235,55.938764303149],[-5.67446920541597,55.9536087159973]]],[[[-5.65304760967398,55.9825155454195],[-5.65480342567383,55.9789476745505],[-5.65094885541226,55.979651036022],[-5.65608613125353,55.9775024031802],[-5.65304760967398,55.9825155454195]]],[[[-3.30250846732002,56.03032578459],[-3.29718632215967,56.0288934118837],[-3.30534140472223,56.0279492011673],[-3.30250846732002,56.03032578459]]],[[[-3.13359510807537,56.0319727464513],[-3.13037012851588,56.0274459724927],[-3.14081657322473,56.0339943987868],[-3.13359510807537,56.0319727464513]]],[[[-6.27111588189646,55.9984440589896],[-6.27533873965371,55.9977353474639],[-6.27406347160712,56.0001360263099],[-6.27111588189646,55.9984440589896]]],[[[-6.27038633695329,56.000497384025],[-6.26928400516749,55.9987144531539],[-6.27364680218068,56.0001415031563],[-6.27038633695329,56.000497384025]]],[[[-6.26246353159707,56.0025956154872],[-6.25714577433193,55.9986418759884],[-6.26847921732489,56.0020603360701],[-6.26246353159707,56.0025956154872]]],[[[-2.63875641169721,56.0792402418856],[-2.64049011775997,56.0756824731128],[-2.64295685567461,56.0783354573947],[-2.63875641169721,56.0792402418856]]],[[[-6.27580182414611,56.0187470015637],[-6.26176042977975,56.0162109639942],[-6.27985442788711,56.0165555913033],[-6.27580182414611,56.0187470015637]]],[[[-6.21839851511814,56.0280184809106],[-6.20593674225354,56.0199253864673],[-6.25725977162107,56.0010271062367],[-6.27428392892453,56.0206299173488],[-6.21839851511814,56.0280184809106]]],[[[-3.81392679251405,56.1035648396636],[-3.82169724940421,56.1021887372445],[-3.81408920952317,56.1094483913644],[-3.81392679251405,56.1035648396636]]],[[[-2.56116257341239,56.1896088578845],[-2.54474714640728,56.1809853981469],[-2.55711984349679,56.1831565171415],[-2.56116257341239,56.1896088578845]]],[[[-5.56037322555646,56.1335748640757],[-5.57420389507092,56.1280320363],[-5.55689226404035,56.1419018940054],[-5.56037322555646,56.1335748640757]]],[[[-2.56162268582978,56.1913352039531],[-2.5595760333631,56.1897624732728],[-2.56678416804445,56.1914518341459],[-2.56162268582978,56.1913352039531]]],[[[-6.13965968779651,56.1228415721158],[-6.19666414138611,56.0617789203591],[-6.18668234783796,56.0417730030901],[-6.27872774614541,56.0358776334556],[-6.24785548055878,56.0552484998021],[-6.26120098115938,56.057146540393],[-6.23429032553546,56.0928991271664],[-6.18421929542058,56.1016301338077],[-6.14945815566026,56.1329304150166],[-6.13965968779651,56.1228415721158]]],[[[-5.69633981680278,56.141226262179],[-5.68755029165752,56.1114330851717],[-5.83643685625919,55.9707955122747],[-5.87286455730159,55.8898073258743],[-5.93651930193839,55.8673993872934],[-5.96375035116964,55.7928145822698],[-6.03581174913635,55.7954038715345],[-6.08736638504845,55.8312940117306],[-6.08743411902002,55.8997300470815],[-6.04270749963116,55.9406258254927],[-5.84873206235906,55.9781765513475],[-5.85481045147483,55.9903282223797],[-5.94036016687894,55.9603801123937],[-6.0061223825503,55.9730750633317],[-5.96417787321618,56.0272624656675],[-5.73829021020321,56.1412282254034],[-5.69633981680278,56.141226262179]]],[[[-5.55357810675974,56.1610461630266],[-5.56046055162321,56.1555643225023],[-5.558387241808,56.1618167414554],[-5.55357810675974,56.1610461630266]]],[[[-5.54363709417907,56.1514926908648],[-5.55355260881942,56.1469861842092],[-5.52717497904459,56.1684275660376],[-5.54363709417907,56.1514926908648]]],[[[-6.63374282376559,56.1326162163518],[-6.63288025035608,56.1317935126677],[-6.63444218021808,56.1321815647813],[-6.63374282376559,56.1326162163518]]],[[[-5.5450164442778,56.1664515124076],[-5.53089126645094,56.1817409324216],[-5.52752660388825,56.1795445587907],[-5.5450164442778,56.1664515124076]]],[[[-5.68015431867305,56.1864673473374],[-5.67233825722113,56.1682183074654],[-5.70057613400169,56.1596286874316],[-5.75188958825454,56.1702328954513],[-5.68823705702409,56.1995942435359],[-5.68015431867305,56.1864673473374]]],[[[-5.720466749017,56.2077742159796],[-5.72359935182026,56.2055851726065],[-5.72164429569586,56.208905250377],[-5.720466749017,56.2077742159796]]],[[[-5.60924846663217,56.2293541776086],[-5.58871702730073,56.2073975093396],[-5.6112921849715,56.195388141879],[-5.60924846663217,56.2293541776086]]],[[[-5.80258083845126,56.2218724474467],[-5.81878216405917,56.2163853023885],[-5.80069990751371,56.2268176108317],[-5.80258083845126,56.2218724474467]]],[[[-5.71781828800336,56.2278941865323],[-5.72826391347956,56.2287587498029],[-5.71024144830606,56.2346365852143],[-5.71781828800336,56.2278941865323]]],[[[-5.69252291949651,56.2277148732804],[-5.68543405834465,56.2030023850104],[-5.71527718605309,56.2118458232135],[-5.69252291949651,56.2277148732804]]],[[[-5.66464462294362,56.2395616638952],[-5.66386762884282,56.2338427774389],[-5.66552212674586,56.2395334688959],[-5.66464462294362,56.2395616638952]]],[[[-5.71625586197741,56.2359111469798],[-5.7238944105616,56.2370323512824],[-5.71870501594148,56.2391638325787],[-5.71625586197741,56.2359111469798]]],[[[-5.75339045143991,56.2417998405365],[-5.77762995948198,56.2370732237717],[-5.76671396680657,56.2470937761211],[-5.75339045143991,56.2417998405365]]],[[[-5.69022100729193,56.2511215919423],[-5.69360340019051,56.2509562442863],[-5.69142866028254,56.2531381904344],[-5.69022100729193,56.2511215919423]]],[[[-5.60793329351593,56.256387382377],[-5.62623890174804,56.2538619630281],[-5.60937826805975,56.2656786292485],[-5.60793329351593,56.256387382377]]],[[[-5.62321937401673,56.250199519219],[-5.63385280209644,56.1887667793111],[-5.66553275639401,56.2191797034205],[-5.63914620947054,56.2702176101267],[-5.62321937401673,56.250199519219]]],[[[-6.29323862139297,56.268757907399],[-6.29649232521152,56.2678915213339],[-6.29458933894563,56.2709421168865],[-6.29323862139297,56.268757907399]]],[[[-5.65605134942344,56.293778449373],[-5.65419916762618,56.2897953967267],[-5.66405185722866,56.2894439451728],[-5.65605134942344,56.293778449373]]],[[[-6.34534794664573,56.2742816530104],[-6.34918987864841,56.2716511843221],[-6.35615491517664,56.2735509861214],[-6.34534794664573,56.2742816530104]]],[[[-6.45517593281882,56.2868536941297],[-6.45384226226008,56.2827642611611],[-6.46043404178053,56.286110822386],[-6.45517593281882,56.2868536941297]]],[[[-6.38587050220126,56.291046109767],[-6.38894529425537,56.2917778957703],[-6.38353747208578,56.2929951283927],[-6.38587050220126,56.291046109767]]],[[[-5.67390537492332,56.3078564280082],[-5.67306881684088,56.3132720353033],[-5.66340859606421,56.3167525748112],[-5.67390537492332,56.3078564280082]]],[[[-6.356165144762,56.2956402936481],[-6.36227392216278,56.2844653960066],[-6.38544473742897,56.2879675657088],[-6.356165144762,56.2956402936481]]],[[[-5.58345017272185,56.3204484946485],[-5.62435486475913,56.2653431268472],[-5.65419234905213,56.2976559437743],[-5.61882117795911,56.3218455133642],[-5.61150342592,56.3094688414511],[-5.58345017272185,56.3204484946485]]],[[[-6.36565211777922,56.3396435325329],[-6.37167435003651,56.3333034410667],[-6.36877277458642,56.3393322415133],[-6.36565211777922,56.3396435325329]]],[[[-6.4070653268059,56.3144734932574],[-6.44351904151666,56.3146716347504],[-6.42686524491132,56.3386132067323],[-6.38144410270249,56.3486492973197],[-6.4070653268059,56.3144734932574]]],[[[-5.49814663774093,56.4198974579102],[-5.55158767277058,56.3727542146483],[-5.58897737063989,56.3803829426308],[-5.56336207273744,56.4082397363141],[-5.49814663774093,56.4198974579102]]],[[[-6.33853534812749,56.4387351441384],[-6.34339026067339,56.4314643343112],[-6.34681097497769,56.4354726038705],[-6.33853534812749,56.4387351441384]]],[[[-6.15934002641242,56.4384531535247],[-6.16590212529258,56.4433537551381],[-6.14975807012671,56.4456393807739],[-6.15934002641242,56.4384531535247]]],[[[-6.25156171240137,56.4480602629696],[-6.2601211623921,56.4464801406758],[-6.26634093697516,56.4557408797163],[-6.25156171240137,56.4480602629696]]],[[[-6.23741044344419,56.4635696949667],[-6.23805745559801,56.4607855280656],[-6.24272613485046,56.4614981949363],[-6.23741044344419,56.4635696949667]]],[[[-6.08038657284606,56.4629135654005],[-6.10053484751719,56.4640592117901],[-6.08964404538216,56.4701452866755],[-6.08038657284606,56.4629135654005]]],[[[-5.51010394001752,56.48828489461],[-5.50851471095824,56.4867919673023],[-5.51611865123415,56.4846337515384],[-5.51010394001752,56.48828489461]]],[[[-6.46957170620182,56.4646079485293],[-6.4804746848724,56.4559390318477],[-6.47829695741726,56.4612347148572],[-6.46957170620182,56.4646079485293]]],[[[-5.59361254710796,56.4904661144125],[-5.57854742919319,56.4974713658582],[-5.5741518404999,56.4966226198355],[-5.59361254710796,56.4904661144125]]],[[[-5.69681483289282,56.5010518316084],[-5.69817039098284,56.5013075204979],[-5.69734043303494,56.5036309490746],[-5.69681483289282,56.5010518316084]]],[[[-6.27955110526032,56.4972271979155],[-6.25410771481607,56.494101112012],[-6.27852796253707,56.473955620484],[-6.30726735829153,56.4810499884654],[-6.27955110526032,56.4972271979155]]],[[[-6.3065610637426,56.4972259669237],[-6.30340776856483,56.4935523847872],[-6.31093543849335,56.4965269039593],[-6.3065610637426,56.4972259669237]]],[[[-6.21659915829077,56.498389934037],[-6.14183788088416,56.4713916152565],[-6.20412517867196,56.4603728245402],[-6.26860565914688,56.4784213579901],[-6.21659915829077,56.498389934037]]],[[[-6.43010538631714,56.4818220846196],[-6.42064455978145,56.4966520933819],[-6.41717819407913,56.4921615173513],[-6.43010538631714,56.4818220846196]]],[[[-5.40460072731091,56.530940782156],[-5.43057613174561,56.5250417211506],[-5.41515754150302,56.5349654648664],[-5.40460072731091,56.530940782156]]],[[[-6.39077730401976,56.5119532040082],[-6.3901089551971,56.5073306723309],[-6.39772849975232,56.5054600406182],[-6.39077730401976,56.5119532040082]]],[[[-5.43420428971069,56.5513031427666],[-5.59847530657686,56.4610497214482],[-5.57083337094322,56.499096894435],[-5.52236436083975,56.5125114108556],[-5.47031385374613,56.55839471199],[-5.43420428971069,56.5513031427666]]],[[[-6.7594838553745,56.5167346410801],[-6.76565875198528,56.5157596885401],[-6.76235021859238,56.511650643121],[-6.76972264258573,56.5144339219927],[-6.7594838553745,56.5167346410801]]],[[[-5.38633219951823,56.5863545800016],[-5.40306628608471,56.5887998358963],[-5.38073535238115,56.5956074921964],[-5.38633219951823,56.5863545800016]]],[[[-6.72652184836342,56.5405843815168],[-6.73004161078268,56.5257267194186],[-6.80475363255336,56.5236462027054],[-6.81433497539073,56.5125436658077],[-6.79537096167127,56.5058904183814],[-6.81163091438906,56.4888570186403],[-6.8761494904976,56.4865478442994],[-6.8955236494349,56.4742121369466],[-6.88818411954581,56.4482694029376],[-6.91171342602783,56.4403999537873],[-6.98011425032617,56.4518466929022],[-6.97373365238095,56.4883305042032],[-6.99902746004415,56.5034761425078],[-6.9509134551597,56.5290115843311],[-6.87287796323518,56.5189188918349],[-6.75405357870085,56.5560485935687],[-6.72652184836342,56.5405843815168]]],[[[-6.62839069763522,56.5666342921955],[-6.63139466770723,56.5657746415358],[-6.63173645718698,56.5682514910969],[-6.62839069763522,56.5666342921955]]],[[[-6.71129624291588,56.5684298714661],[-6.7075935274255,56.5643424251902],[-6.73288863547187,56.5601774574819],[-6.71129624291588,56.5684298714661]]],[[[-5.34182743468313,56.6291244176577],[-5.33530260661524,56.635868713712],[-5.33630845780764,56.6314248793036],[-5.34182743468313,56.6291244176577]]],[[[-6.04800920700614,56.6216077167898],[-6.04535082510711,56.6198696837942],[-6.05105325208136,56.6202495207368],[-6.04800920700614,56.6216077167898]]],[[[-6.03341259897735,56.61887248232],[-6.04479406314042,56.6173621609412],[-6.04583817007357,56.624994886744],[-6.03341259897735,56.61887248232]]],[[[-6.52194784804686,56.6106166017881],[-6.52652352230357,56.6036736724651],[-6.52689505275828,56.6087467003398],[-6.52194784804686,56.6106166017881]]],[[[-6.11723744747054,56.6530582007245],[-6.06656016671157,56.6385850990929],[-6.06986629779599,56.6211501226535],[-5.98937144776148,56.5796877209437],[-5.96190747584297,56.5377794651969],[-5.97526403182074,56.531526195848],[-5.95148996046346,56.5180445727027],[-5.79686833244511,56.5150939704932],[-5.68335970431042,56.4518386982402],[-5.65237191466262,56.4566893376167],[-5.65171714013067,56.424525527868],[-5.68595283426569,56.4347706456808],[-5.65262336383264,56.415472245255],[-5.67948928423298,56.3837059901303],[-5.71751632410502,56.3906533384089],[-5.71098284435757,56.414604434633],[-5.74819381320206,56.4134966312157],[-5.73176793598587,56.3960600981824],[-5.79398218208736,56.3664446665219],[-5.70921858684013,56.383763038134],[-5.69542027803207,56.3705807910902],[-5.83412409922515,56.3108601534147],[-5.88895820373842,56.3216782904566],[-5.84616829822964,56.3455525907061],[-5.87667389193093,56.3562281878097],[-5.93442364921173,56.3215351743914],[-5.98680210793101,56.3228540137781],[-6.04492212995131,56.292653915483],[-6.24539557419982,56.2885744766551],[-6.26464941794827,56.2642416228805],[-6.34978883095093,56.2834070539524],[-6.34679751255246,56.3059894074909],[-6.37629392533106,56.3091687895075],[-6.35363809087836,56.345260048323],[-6.29461593183066,56.3442153452627],[-6.26738253113236,56.3242978445368],[-6.29785112096555,56.3243766711642],[-6.23644441099952,56.3157061970465],[-6.24855991230362,56.3430772412719],[-6.10313308477283,56.3422779051087],[-6.01864855225583,56.3645068682876],[-6.00329501914367,56.3784114414631],[-6.0149058596766,56.3880372897897],[-5.97968346460334,56.3858335954514],[-6.02272772323207,56.394655168242],[-6.19485369854764,56.3588456067687],[-6.20599342359873,56.3852228548684],[-6.15116106034892,56.4130786298955],[-6.12908267881192,56.4484256091174],[-6.05476027743068,56.4513704691102],[-5.99683492529745,56.4888366138916],[-6.01326863817855,56.4999222524202],[-6.12137483004512,56.4722555766707],[-6.22535301438961,56.5288556776296],[-6.34047091875321,56.5372106106105],[-6.27971816206253,56.5773432420511],[-6.31520298896498,56.5770851585264],[-6.32376728782468,56.6061610895422],[-6.25407830315294,56.6130447893302],[-6.18828796173136,56.5823852709692],[-6.22417293699773,56.6050094456962],[-6.21190738153312,56.6031388106371],[-6.2270049761724,56.633437120352],[-6.19460400074952,56.6237369933135],[-6.19825546299439,56.6423393806085],[-6.11723744747054,56.6530582007245]]],[[[-5.87103454805436,56.6616074794099],[-5.89482839060341,56.6533134669516],[-5.88219807954593,56.6700443906105],[-5.87103454805436,56.6616074794099]]],[[[-5.92814422661932,56.669432162802],[-5.90544630257745,56.6588543219947],[-5.95041388953528,56.6590809601652],[-5.92814422661932,56.669432162802]]],[[[-5.89795525723412,56.670616913425],[-5.90300448884778,56.6689389484226],[-5.90404808257832,56.6710906892171],[-5.89795525723412,56.670616913425]]],[[[-5.66201430514889,56.6840466598614],[-5.65765950357163,56.6809027770434],[-5.66455787204096,56.6811773366511],[-5.66201430514889,56.6840466598614]]],[[[-5.94267920858007,56.6786573778102],[-5.94442817731566,56.6870321267086],[-5.93850479485797,56.6799663903507],[-5.94267920858007,56.6786573778102]]],[[[-6.45345124121321,56.6878148908077],[-6.49386045811478,56.6268499301268],[-6.5060339692446,56.6166407009035],[-6.53410990413696,56.6394211540318],[-6.5233007894888,56.6131906856175],[-6.56671189860839,56.58650079793],[-6.61082295215633,56.5753947246822],[-6.62496942157611,56.592490224681],[-6.63798840317682,56.5730853194045],[-6.67064393344989,56.5832892938387],[-6.6948576589557,56.5631382933026],[-6.71016233391992,56.5767033522108],[-6.53183833427037,56.6761353793534],[-6.45345124121321,56.6878148908077]]],[[[-6.44440344721404,56.695487862214],[-6.44725973062268,56.6948151603509],[-6.44541968612294,56.698766040311],[-6.44440344721404,56.695487862214]]],[[[-5.87668973089942,56.8106448836304],[-5.80921609376018,56.7935198512499],[-5.88691161376829,56.7920341441816],[-5.87668973089942,56.8106448836304]]],[[[-5.73511123503826,56.8513652764654],[-5.74079958537377,56.8506508511038],[-5.74289599679554,56.8531548335224],[-5.73511123503826,56.8513652764654]]],[[[-7.61805758907432,56.787894786941],[-7.63700914092044,56.7781532469325],[-7.66076946197372,56.7853366703282],[-7.61805758907432,56.787894786941]]],[[[-6.2656701013949,56.8479306456199],[-6.21482594205444,56.836525468437],[-6.27032334183032,56.8280128890825],[-6.2656701013949,56.8479306456199]]],[[[-6.27124286756652,56.8495101300154],[-6.28014729738934,56.8502404120799],[-6.27507479585642,56.8531080420696],[-6.27124286756652,56.8495101300154]]],[[[-7.65939503366017,56.8053815463577],[-7.66292747874187,56.8048404831277],[-7.66238713760102,56.8076981742584],[-7.65939503366017,56.8053815463577]]],[[[-6.12033631921947,56.8711156337457],[-6.12856423251857,56.8723844177229],[-6.12487775709133,56.8772069029913],[-6.12033631921947,56.8711156337457]]],[[[-7.62375221778524,56.8240258789284],[-7.62205064218793,56.8025881562908],[-7.66636142200859,56.7996997393269],[-7.64822572194954,56.8126399322831],[-7.65907688110687,56.822118381709],[-7.62375221778524,56.8240258789284]]],[[[-5.92474836999063,56.9020683336281],[-5.9335170165956,56.9013540766699],[-5.92124297861838,56.9039665833297],[-5.92474836999063,56.9020683336281]]],[[[-5.90891878516223,56.915582879042],[-5.9128832346601,56.9142908459793],[-5.9135370608753,56.9164508464251],[-5.90891878516223,56.915582879042]]],[[[-7.55487054240354,56.8553200434117],[-7.55014169856082,56.8495522014658],[-7.55830184213902,56.8539486258193],[-7.55487054240354,56.8553200434117]]],[[[-7.57616559625849,56.8611668311944],[-7.55862689436396,56.8563854152339],[-7.59808064035652,56.8493344256638],[-7.57616559625849,56.8611668311944]]],[[[-5.88831622577494,56.92613198013],[-5.88615055081714,56.9199412059629],[-5.90024501840736,56.9197488227308],[-5.88831622577494,56.92613198013]]],[[[-7.57191130056111,56.8736349762501],[-7.58057051860118,56.8728715364432],[-7.57796893842906,56.8765398519106],[-7.57191130056111,56.8736349762501]]],[[[-6.11171763096846,56.924506416999],[-6.11640799291658,56.8881876976795],[-6.13859438229622,56.8719996201208],[-6.20746947479462,56.8873852820397],[-6.20191877782108,56.9093081086618],[-6.15865344263267,56.9150058626099],[-6.16227837381759,56.9363060400765],[-6.13808364736076,56.9443644654344],[-6.11171763096846,56.924506416999]]],[[[-7.51085532797469,56.9020066960685],[-7.49938813223852,56.8808999008405],[-7.53926789405379,56.8983345865804],[-7.51085532797469,56.9020066960685]]],[[[-7.56550145788853,56.9005944964499],[-7.56695704392705,56.8955792076903],[-7.57177547837337,56.8994860126014],[-7.56550145788853,56.9005944964499]]],[[[-7.44106374496886,56.9136447668723],[-7.45120700067393,56.9200741457639],[-7.44052414893366,56.9223633069754],[-7.44106374496886,56.9136447668723]]],[[[-7.57501994903074,56.9346408392638],[-7.57445984043027,56.9322986817092],[-7.5795435856179,56.9334850249664],[-7.57501994903074,56.9346408392638]]],[[[-6.67266040512857,56.9694865857491],[-6.68137400959143,56.9689435043317],[-6.6784109239376,56.9754153129829],[-6.67266040512857,56.9694865857491]]],[[[-7.34503105082237,56.9949751872333],[-7.35771583012348,56.994055880315],[-7.35062388202118,56.9994806778511],[-7.34503105082237,56.9949751872333]]],[[[-7.36582436893513,57.0005423574353],[-7.36204489311355,56.9924031077847],[-7.37639910949253,56.9941881903392],[-7.36582436893513,57.0005423574353]]],[[[-7.33705344632628,57.015675103895],[-7.3299371160483,57.0068561215287],[-7.36189029074897,57.0133423560764],[-7.33705344632628,57.015675103895]]],[[[-6.31011484761251,57.0553759133448],[-6.24753803126672,57.0201209948414],[-6.27963824917534,57.0117546255398],[-6.23830174629987,57.0047980989639],[-6.24997896900704,56.9718710389288],[-6.31114123002018,56.9348677044567],[-6.46005318884238,57.0073940542152],[-6.37018503530332,57.0533536366924],[-6.31011484761251,57.0553759133448]]],[[[-6.49155745714905,57.0534654305602],[-6.46573380132588,57.0447436650983],[-6.51299282914406,57.0492598201081],[-6.49155745714905,57.0534654305602]]],[[[-7.31968555210762,57.0150081201119],[-7.34412652587427,57.0206909433739],[-7.3254394574225,57.0259463582973],[-7.31968555210762,57.0150081201119]]],[[[-7.41490592115675,57.0275945005073],[-7.42396553425017,57.027056863558],[-7.41440716112926,57.0313910626491],[-7.41490592115675,57.0275945005073]]],[[[-6.55668335381128,57.0696849043822],[-6.48614564732493,57.0665825141605],[-6.61171629695059,57.0516947309415],[-6.55668335381128,57.0696849043822]]],[[[-7.3006546858456,57.0463528829535],[-7.30053907958453,57.0420257307795],[-7.30418710903416,57.0454808409086],[-7.3006546858456,57.0463528829535]]],[[[-7.44924734520651,57.0251746685421],[-7.37870141313317,56.9800638567885],[-7.42199995758905,56.9918477617486],[-7.40543551943996,56.9779853055655],[-7.44247097161457,56.9613709422751],[-7.43602146934783,56.9486360890465],[-7.50516666276959,56.9580396165342],[-7.54241871360925,56.9394239437456],[-7.48721741848237,56.9305583627316],[-7.5549333775923,56.9119701341626],[-7.54161298871632,56.9269808363661],[-7.57305590800259,56.9336440242767],[-7.57004256182578,56.9478593910931],[-7.5328030493329,56.9465391305797],[-7.56158487617654,56.9554244798772],[-7.55597962628572,56.9677284729672],[-7.51937176129481,56.9739233187861],[-7.52652698703897,56.9865846995058],[-7.50138374892931,57.0035388870925],[-7.52870595621445,57.0130228808299],[-7.45747108637727,57.0232701880077],[-7.45309658828649,57.0578297470874],[-7.4202617929498,57.0423876990296],[-7.44924734520651,57.0251746685421]]],[[[-7.38618974085221,57.0427447915432],[-7.40284364272801,57.0478750015935],[-7.38927393578253,57.0621845348636],[-7.37134890360423,57.0520458376156],[-7.38618974085221,57.0427447915432]]],[[[-7.43516846475854,57.0652454830595],[-7.4505103595932,57.063524057891],[-7.44569454716462,57.0684124382019],[-7.43516846475854,57.0652454830595]]],[[[-5.61753953077809,57.1422486431459],[-5.6190593397473,57.1425496321971],[-5.61575749156322,57.1437043865631],[-5.61753953077809,57.1422486431459]]],[[[-7.3591733136569,57.0802168723731],[-7.35883856019791,57.0788850352107],[-7.3656269702119,57.0813114916794],[-7.3591733136569,57.0802168723731]]],[[[-5.78159427873114,57.1459464072002],[-5.7935935740062,57.1435488839117],[-5.78938722692514,57.150509357561],[-5.78159427873114,57.1459464072002]]],[[[-7.31362213289878,57.0921340804334],[-7.26865376327662,57.0909743491043],[-7.27855938010653,57.0677851955745],[-7.29937891999632,57.0671425302948],[-7.28194175268538,57.0573389746446],[-7.30990557186736,57.0612287639487],[-7.31362213289878,57.0921340804334]]],[[[-5.89227409152185,57.1732332624586],[-5.89769551408949,57.1725671518905],[-5.89507288628691,57.1752804810945],[-5.89227409152185,57.1732332624586]]],[[[-6.18341844861071,57.1627771976406],[-6.22121212391745,57.1297956986379],[-6.25595593925415,57.1495461545976],[-6.18341844861071,57.1627771976406]]],[[[-7.40763714496725,57.1301025596067],[-7.41037000094039,57.127890245791],[-7.4126150710626,57.1305975156836],[-7.40763714496725,57.1301025596067]]],[[[-7.25891876745539,57.143183746373],[-7.25718973969788,57.141696534386],[-7.26641617377841,57.1424076856994],[-7.25891876745539,57.143183746373]]],[[[-7.33248565210652,57.1413110338433],[-7.34271092992091,57.1431110323637],[-7.33849948713228,57.1456440044605],[-7.33248565210652,57.1413110338433]]],[[[-7.30619954600276,57.1467301478914],[-7.29979814759188,57.1430736368523],[-7.32627049800568,57.147341819275],[-7.30619954600276,57.1467301478914]]],[[[-7.2432355124238,57.1897144023207],[-7.25449701573773,57.1895834969252],[-7.25102327181336,57.1950902541372],[-7.2432355124238,57.1897144023207]]],[[[-5.57342532488896,57.2635470938992],[-5.58064348148282,57.2663654966002],[-5.5769136062973,57.2689470059037],[-5.57342532488896,57.2635470938992]]],[[[-5.85697700466266,57.2688515809536],[-5.86996396240688,57.2776994777156],[-5.85611112209658,57.2824153752913],[-5.85697700466266,57.2688515809536]]],[[[-7.34650649187118,57.2354133027374],[-7.34758512947614,57.2303717443644],[-7.35653119623898,57.2381016356966],[-7.34650649187118,57.2354133027374]]],[[[-5.88335270888608,57.3097271716129],[-5.89106280950665,57.3055727207165],[-5.89484454129303,57.3138320688763],[-5.88335270888608,57.3097271716129]]],[[[-5.9944467686027,57.3247967845854],[-5.92355748730958,57.3044265146754],[-5.92898563446672,57.280946128872],[-5.98035766377243,57.2738380409796],[-6.00730577082611,57.2886175689734],[-6.02241979073506,57.3058079185426],[-5.9944467686027,57.3247967845854]]],[[[-5.84416151881269,57.3486917389033],[-5.82161837266174,57.3344854836859],[-5.85917203325861,57.3531993867491],[-5.84416151881269,57.3486917389033]]],[[[-6.45719144171119,57.3361611699151],[-6.46930462909888,57.3316037828171],[-6.462283157269,57.337959050581],[-6.45719144171119,57.3361611699151]]],[[[-6.48506212780855,57.3415118215127],[-6.49246379346377,57.3304115617598],[-6.51313553776832,57.3313455731272],[-6.48506212780855,57.3415118215127]]],[[[-5.64880215101054,57.3752620701197],[-5.65236976971959,57.3765964926005],[-5.64816531747844,57.3775514743477],[-5.64880215101054,57.3752620701197]]],[[[-5.83544299652991,57.3755676236431],[-5.83541987651724,57.3720033254215],[-5.84056548907665,57.3723497408526],[-5.83544299652991,57.3755676236431]]],[[[-7.24350691070332,57.3292282173051],[-7.24485936022288,57.3250640845971],[-7.25158692543493,57.3267972203884],[-7.24350691070332,57.3292282173051]]],[[[-7.22268116597292,57.3291149418176],[-7.22816982877684,57.3283941961449],[-7.22607671990902,57.3304633792515],[-7.22268116597292,57.3291149418176]]],[[[-6.48809372352993,57.3588772790368],[-6.4939405337308,57.3557270676657],[-6.49541229059506,57.3646821905295],[-6.48809372352993,57.3588772790368]]],[[[-6.52216359704525,57.3597678941382],[-6.53172115219067,57.3630358622956],[-6.525784270258,57.3658604739235],[-6.52216359704525,57.3597678941382]]],[[[-7.25792372059015,57.3706077506148],[-7.25466915474914,57.36758850204],[-7.26007462517839,57.3701463876523],[-7.25792372059015,57.3706077506148]]],[[[-7.22989253946499,57.3856525495012],[-7.23849467442505,57.3855123816232],[-7.23684650496239,57.3866692488186],[-7.22989253946499,57.3856525495012]]],[[[-7.26175197426241,57.395697630151],[-7.24821496668543,57.3900369570278],[-7.25986378510854,57.3898060988646],[-7.26175197426241,57.395697630151]]],[[[-7.2485052314401,57.393354321589],[-7.25433116477906,57.3938126137385],[-7.25400523068449,57.3978711629779],[-7.2485052314401,57.393354321589]]],[[[-7.24237250234081,57.3984652251228],[-7.24056777468641,57.3942047849555],[-7.24989663555855,57.3958383069876],[-7.24237250234081,57.3984652251228]]],[[[-7.19012366234728,57.4105755701361],[-7.18953562575986,57.3955348469829],[-7.22154187399052,57.3883908123644],[-7.20506583404258,57.3862602910523],[-7.2336389098073,57.3914145378516],[-7.19012366234728,57.4105755701361]]],[[[-7.32568245679051,57.405120998506],[-7.31910742834092,57.3825881314221],[-7.28233313305463,57.3840822297816],[-7.26639691211864,57.3723296363783],[-7.30045726473311,57.3719463515466],[-7.24102137505809,57.3527010651335],[-7.27007541435132,57.344689924361],[-7.22075295805076,57.349020072847],[-7.26373491625467,57.3280628061104],[-7.29401943377891,57.3371111857195],[-7.19244266286938,57.2990244894198],[-7.25314502432878,57.2603636498093],[-7.24266381916952,57.2488614224449],[-7.26758958564937,57.2241447441766],[-7.36298831148544,57.2458124825172],[-7.34961178139034,57.2253823767677],[-7.30857629033528,57.2297394070985],[-7.26188285725864,57.207185643189],[-7.2446170983241,57.1636873983468],[-7.28399385155185,57.149762295566],[-7.32121119552036,57.1640967821339],[-7.29047716025264,57.1472941820169],[-7.35597387445491,57.1536402802491],[-7.33347372634479,57.1358947122687],[-7.24630586337014,57.1357812701404],[-7.24399390571038,57.1188353797855],[-7.21185610741879,57.1174480473096],[-7.22937576698906,57.095926150114],[-7.39176080306771,57.1135441298551],[-7.42389519390181,57.217596894956],[-7.45821309147538,57.2408938627117],[-7.43011400897578,57.2462072062518],[-7.42055776741796,57.2886283785896],[-7.39142543537485,57.3004571337315],[-7.40376189256762,57.3592957059486],[-7.42978329695202,57.3883240617275],[-7.32568245679051,57.405120998506]]],[[[-7.32576316117816,57.4062932047016],[-7.32571221481475,57.405553240711],[-7.32605698654716,57.4057327004477],[-7.32576316117816,57.4062932047016]]],[[[-7.19806970077721,57.413388976989],[-7.21024972022921,57.4102714606162],[-7.21262050004326,57.4128096209422],[-7.19806970077721,57.413388976989]]],[[[-7.21305276721646,57.4127422064231],[-7.21726546486567,57.4085495159157],[-7.23269276175983,57.4113812866892],[-7.21305276721646,57.4127422064231]]],[[[-6.62151696054948,57.4450454949392],[-6.62091688364421,57.4410977067191],[-6.62692876248684,57.4471212578264],[-6.62151696054948,57.4450454949392]]],[[[-7.36972810438978,57.4042130782787],[-7.38026608636463,57.3961585347031],[-7.36321690065811,57.418106217178],[-7.36972810438978,57.4042130782787]]],[[[-6.63259956918628,57.448357009605],[-6.62833662128942,57.4443395734723],[-6.63438651994156,57.4457636780419],[-6.63259956918628,57.448357009605]]],[[[-6.60237251268589,57.4509868088247],[-6.60822325985026,57.4527568116372],[-6.604584890069,57.4535565947894],[-6.60237251268589,57.4509868088247]]],[[[-7.19864184977506,57.433314834841],[-7.19777863541066,57.4322713824575],[-7.20426734857949,57.4342087607826],[-7.19864184977506,57.433314834841]]],[[[-7.22091816993883,57.4371693324422],[-7.22765758030122,57.4364132088131],[-7.22805496936184,57.4374446106326],[-7.22091816993883,57.4371693324422]]],[[[-6.0253411168844,57.4964652121228],[-6.02522272473406,57.4754855118551],[-6.03410120249759,57.4896657945803],[-6.0253411168844,57.4964652121228]]],[[[-7.22724093036993,57.4564031447627],[-7.22226719887835,57.4536893575464],[-7.23352629404359,57.4570049929335],[-7.22724093036993,57.4564031447627]]],[[[-5.97839010772008,57.4945850987571],[-6.03234615260128,57.4294448483658],[-5.99276981352828,57.3581882432213],[-6.02113603757475,57.3333388676099],[-6.06700043388068,57.3336733465776],[-6.08743570261096,57.3510498565582],[-6.0776869245159,57.4401094071899],[-6.05556404541188,57.4614245296501],[-6.01782988426125,57.4546097789174],[-6.02944420157887,57.4694354262996],[-5.99206965610389,57.4936126992439],[-5.99735735760084,57.5065279401265],[-5.97839010772008,57.4945850987571]]],[[[-7.23501273081244,57.4650462110984],[-7.23614892160185,57.4649856103141],[-7.23515648735596,57.4656057293822],[-7.23501273081244,57.4650462110984]]],[[[-5.99480090993045,57.5086179006716],[-6.01302076785247,57.5137853477688],[-6.00314328857112,57.5157218599942],[-5.99480090993045,57.5086179006716]]],[[[-7.20001605312243,57.4832677331969],[-7.19417106800889,57.480834731599],[-7.20098902775509,57.4809533044298],[-7.20001605312243,57.4832677331969]]],[[[-7.2927919200613,57.4809281327384],[-7.29333179858041,57.4808558372123],[-7.29319708620978,57.4810056309476],[-7.2927919200613,57.4809281327384]]],[[[-7.27313703490423,57.4822756605022],[-7.25745019551107,57.4727877510085],[-7.28079779984504,57.4812397575092],[-7.27313703490423,57.4822756605022]]],[[[-7.26960715063324,57.4883367728373],[-7.27157323356043,57.4864967647969],[-7.27819072657745,57.488914416958],[-7.26960715063324,57.4883367728373]]],[[[-7.33292160978894,57.4881617312155],[-7.34043927826867,57.4875763245942],[-7.33807006913837,57.4918552298037],[-7.33292160978894,57.4881617312155]]],[[[-7.33654748686813,57.4800832855876],[-7.21417557125927,57.4657680234613],[-7.20390469117379,57.4560929671604],[-7.24111645482116,57.4509702368214],[-7.21800821406588,57.4460781121987],[-7.28357314768973,57.438069428058],[-7.21599933132099,57.436272218097],[-7.20311319936071,57.424409867328],[-7.22420857957207,57.4265818519706],[-7.2029483843473,57.4183859624647],[-7.2541207258223,57.4121570752216],[-7.23793565294895,57.4017637957943],[-7.31385043961633,57.4181414614431],[-7.26298929713211,57.399048962479],[-7.30435493962413,57.3987702782995],[-7.39188112981713,57.4223139088734],[-7.40984917208524,57.4703207140244],[-7.36762037526967,57.4917520700178],[-7.33654748686813,57.4800832855876]]],[[[-7.19089876197989,57.5005475594605],[-7.1580475861178,57.483707834354],[-7.19362705194052,57.4735226990453],[-7.20367528772913,57.4980598994243],[-7.17699171589016,57.4911178188996],[-7.19089876197989,57.5005475594605]]],[[[-7.14399313593375,57.5005637630484],[-7.16292959793519,57.4990160616298],[-7.15824830462798,57.5033548785073],[-7.14399313593375,57.5005637630484]]],[[[-6.6472386372074,57.524796527488],[-6.63848683322216,57.5115997684884],[-6.65040618115989,57.511812203667],[-6.6472386372074,57.524796527488]]],[[[-7.16448882997769,57.5048362362187],[-7.16542563476335,57.5053373143781],[-7.1639033841278,57.5052118492847],[-7.16448882997769,57.5048362362187]]],[[[-7.18556626169054,57.5059444741133],[-7.18085953819669,57.5042346449367],[-7.19538156764144,57.5053476183248],[-7.18556626169054,57.5059444741133]]],[[[-7.29505150388902,57.5000798424952],[-7.29933929255009,57.4986439605687],[-7.30287880263535,57.5013744728411],[-7.29505150388902,57.5000798424952]]],[[[-7.14346488584587,57.506836473721],[-7.15381900751738,57.5068596317968],[-7.1475607241469,57.5090840467209],[-7.14346488584587,57.506836473721]]],[[[-7.3410756404548,57.5003658861036],[-7.34802672456231,57.4972857831314],[-7.34456441264784,57.5011970839692],[-7.3410756404548,57.5003658861036]]],[[[-7.23220236439616,57.5037528853703],[-7.24787322208258,57.5018778016832],[-7.21665028747212,57.4989170620719],[-7.20220386004167,57.4753517831663],[-7.29127947224973,57.4909040131634],[-7.23220236439616,57.5037528853703]]],[[[-7.27594825096129,57.5097199383983],[-7.27411092624131,57.5080457807183],[-7.28210375239698,57.5091260600548],[-7.27594825096129,57.5097199383983]]],[[[-7.1949199949841,57.5126941991986],[-7.19551967110841,57.5122175035636],[-7.19966860086554,57.5135148794788],[-7.1949199949841,57.5126941991986]]],[[[-5.96982270432085,57.5829107601661],[-5.95387955768327,57.5684269390313],[-5.97856785808179,57.5145860418312],[-5.99729226737287,57.5286422211378],[-5.98044299190948,57.5404406773181],[-6.0011113571584,57.5427356372121],[-5.97635196667954,57.5496873273304],[-5.98909002576279,57.5694693394099],[-5.96982270432085,57.5829107601661]]],[[[-7.63117877348321,57.5238020485029],[-7.63387028654353,57.5187463957452],[-7.63724854797496,57.5247382207641],[-7.63117877348321,57.5238020485029]]],[[[-3.63893966558568,57.6433173017147],[-3.63610633614811,57.6418240251987],[-3.64173046524734,57.6419343551289],[-3.63893966558568,57.6433173017147]]],[[[-7.69333708271896,57.5277661424772],[-7.69262158153839,57.5246885316421],[-7.69743707444734,57.5263788260199],[-7.69333708271896,57.5277661424772]]],[[[-7.60144324564975,57.5234723031703],[-7.6270213093609,57.5176713537157],[-7.60625210952575,57.5330937071965],[-7.60144324564975,57.5234723031703]]],[[[-7.64797244774287,57.5302879593094],[-7.64007873088941,57.5247553915263],[-7.67885951986234,57.5237816246205],[-7.64797244774287,57.5302879593094]]],[[[-6.512895604154,57.5785336560155],[-6.5199755707427,57.5773200965489],[-6.51271363360509,57.5830466348376],[-6.512895604154,57.5785336560155]]],[[[-7.29387367907391,57.5578019205772],[-7.28735143044555,57.5557115874203],[-7.29972311994885,57.5569268925639],[-7.29387367907391,57.5578019205772]]],[[[-6.53432531454607,57.5965468015477],[-6.52792956311199,57.5944319677267],[-6.53487362519901,57.5952437020128],[-6.53432531454607,57.5965468015477]]],[[[-7.42154237256999,57.5596775445356],[-7.40201116131324,57.5535425403721],[-7.43841868902689,57.5652044786287],[-7.42154237256999,57.5596775445356]]],[[[-6.20061546537883,57.6402102138159],[-6.20695100202454,57.640624912286],[-6.20814822214379,57.6460755906243],[-6.20061546537883,57.6402102138159]]],[[[-7.13793440140381,57.61435049277],[-7.13713241103209,57.6120414007831],[-7.14507547897468,57.6149971758319],[-7.13793440140381,57.61435049277]]],[[[-7.11749676568467,57.6099867231888],[-7.12968714349521,57.6105979956611],[-7.12822384562877,57.6161326961395],[-7.11749676568467,57.6099867231888]]],[[[-7.14593983407746,57.6193671104737],[-7.1458392537703,57.6187532158815],[-7.14747633003885,57.6189255569299],[-7.14593983407746,57.6193671104737]]],[[[-7.13413077588547,57.6184489131229],[-7.14129253049829,57.6165848072012],[-7.14406542697732,57.6193114824513],[-7.13413077588547,57.6184489131229]]],[[[-7.1459932318917,57.6196930193271],[-7.15261458712767,57.6194663326736],[-7.14874870477397,57.6208987634178],[-7.1459932318917,57.6196930193271]]],[[[-7.15869001407354,57.6222960188278],[-7.1563879374083,57.6205897870399],[-7.16080840197285,57.6207778651336],[-7.15869001407354,57.6222960188278]]],[[[-7.18148988861848,57.6227688744848],[-7.17904235692102,57.6202948147863],[-7.18758394832133,57.6206534223178],[-7.18148988861848,57.6227688744848]]],[[[-7.14437667952009,57.6272682639611],[-7.15073140454632,57.6263045869869],[-7.14820597201201,57.6281675203959],[-7.14437667952009,57.6272682639611]]],[[[-7.15965937155528,57.6288095912929],[-7.15941299588931,57.622856869694],[-7.1769860704317,57.6282625295364],[-7.15965937155528,57.6288095912929]]],[[[-6.22165735959925,57.6634195460782],[-6.22540127315855,57.6625561260679],[-6.23073867150325,57.6664427159698],[-6.22165735959925,57.6634195460782]]],[[[-5.71234289856271,57.7069909294271],[-5.71717307090854,57.7012289420788],[-5.72243947229742,57.7064765174698],[-5.71234289856271,57.7069909294271]]],[[[-7.05074509264072,57.6614485145497],[-7.04721428666504,57.6502177564441],[-7.05898850171049,57.654064242242],[-7.05074509264072,57.6614485145497]]],[[[-7.06597961674873,57.6615150371864],[-7.07629575877121,57.6576326730282],[-7.06766279595972,57.6604055637124],[-7.0734795836405,57.6640438795114],[-7.06597961674873,57.6615150371864]]],[[[-7.1301065667912,57.6577379054923],[-7.14367081625214,57.6512518354082],[-7.1419897877808,57.6595757216048],[-7.1301065667912,57.6577379054923]]],[[[-7.08730480855229,57.6608566852395],[-7.10254214128817,57.6634684968797],[-7.09701661029099,57.6669093394649],[-7.08730480855229,57.6608566852395]]],[[[-7.14639928354672,57.66625494393],[-7.14492777373169,57.6655109117648],[-7.14971382945443,57.666348366628],[-7.14639928354672,57.66625494393]]],[[[-7.06278206264016,57.6744347749446],[-7.06163429019834,57.6706075083227],[-7.06676968568302,57.6729881202184],[-7.06278206264016,57.6744347749446]]],[[[-7.11513648158315,57.6726896806972],[-7.11436072395262,57.6696511217716],[-7.12408277193003,57.670417935952],[-7.11513648158315,57.6726896806972]]],[[[-7.08526321966638,57.6750542344718],[-7.08841856892309,57.6703175037642],[-7.09034025584196,57.6737759492145],[-7.08526321966638,57.6750542344718]]],[[[-7.09689270943179,57.6699434078116],[-7.1083283410785,57.6691983128033],[-7.10624345136616,57.6752029037224],[-7.09689270943179,57.6699434078116]]],[[[-7.28076113417864,57.6605363089325],[-7.31157139933611,57.661358196946],[-7.28786827175812,57.6678892688017],[-7.28076113417864,57.6605363089325]]],[[[-6.34173046258963,57.7014666387124],[-6.2969527191874,57.7075478033535],[-6.30320890502741,57.6915908931069],[-6.2510695413295,57.6734747119734],[-6.23535224544889,57.6373616665925],[-6.19130907537024,57.6332517965015],[-6.13723707107607,57.5877360499166],[-6.14573215326535,57.4300851143619],[-6.19773265073077,57.4121387102365],[-6.20213608527564,57.3904871251985],[-6.13993879504102,57.40560834612],[-6.12420745653352,57.3877504783166],[-6.14621153964635,57.3710333410179],[-6.09611020287922,57.3401215875994],[-6.10413710713453,57.3191844553245],[-6.16842206018331,57.295387342396],[-6.05703119648924,57.313664275623],[-6.04164424372751,57.2932671286039],[-6.08304562067437,57.267704877148],[-6.02064670377333,57.287682982485],[-5.88579217449952,57.2379709168313],[-5.75345843530521,57.2747009095572],[-5.66708872542593,57.2648337760564],[-5.64757826275575,57.2551397869531],[-5.6690542671065,57.2090660217578],[-5.78105976924607,57.1668618954812],[-5.80847276650599,57.1761646116172],[-5.80579388346772,57.1457439036485],[-5.78730904159044,57.1384280765405],[-5.8059257303999,57.1370347793419],[-5.80429685445006,57.1210819758802],[-5.85327289659493,57.1115604394383],[-5.92382795637895,57.0431689278212],[-6.0175638262033,57.0186201481902],[-6.03812642639021,57.0568829964959],[-5.99947476624932,57.0739219154238],[-6.00800748447501,57.087139669699],[-5.98498749992857,57.1073863583541],[-5.99775586565347,57.1241107867871],[-5.83802451339638,57.189755065731],[-5.99167680393846,57.1685566240847],[-6.03688358689879,57.227834625411],[-6.02941483334199,57.1839986612356],[-6.04994838368385,57.1805858705645],[-6.0837771202604,57.1267505085121],[-6.11271031255426,57.137078562084],[-6.1019494109198,57.1701114998086],[-6.12338835142862,57.1946856884545],[-6.32231171280985,57.1601385149452],[-6.28483390182802,57.2013566020087],[-6.34345297804931,57.1860974802318],[-6.38543967329174,57.2151540592026],[-6.34921194387694,57.2299421223574],[-6.34315885590698,57.2529577760082],[-6.40500686047019,57.2322392757672],[-6.48184633957385,57.2915042231863],[-6.48278322202102,57.3109793421073],[-6.42685424235554,57.3230651862041],[-6.43070763717328,57.3399756525715],[-6.34777307390682,57.299921533782],[-6.30620707222851,57.2993209897983],[-6.40261803963755,57.3398922991283],[-6.38359912833724,57.363974449918],[-6.45780124871682,57.339197512452],[-6.4887108687584,57.4036880446033],[-6.52475296148598,57.3693566289963],[-6.51655473354042,57.3932087385541],[-6.53840481896722,57.4134661334272],[-6.53406850587885,57.3931978319668],[-6.57297990686793,57.3884914335154],[-6.56355526898543,57.3386188242878],[-6.58212552222075,57.3330044136986],[-6.7194619607821,57.3716639232497],[-6.74312246374005,57.4176194146951],[-6.78965218555406,57.4210411239931],[-6.78011183024944,57.4580260648213],[-6.7199762715247,57.4497364429178],[-6.74953499594573,57.4836479021542],[-6.71666883869193,57.5137581954851],[-6.63967634651037,57.442734301195],[-6.57386324176801,57.4301677828072],[-6.62395361665885,57.459374754805],[-6.61338445224143,57.4674039013533],[-6.63738131682017,57.5030278635669],[-6.59847854563658,57.5099146903981],[-6.56792085207495,57.4933239095664],[-6.56058060813999,57.508027114256],[-6.65502027919568,57.5458578347506],[-6.63477578987714,57.6085301073298],[-6.58268555783397,57.5883566119168],[-6.56551356049658,57.5482273523379],[-6.5043194340484,57.5340497474071],[-6.46567116470264,57.4980691735366],[-6.42709927969963,57.5182554864],[-6.45263012360467,57.4806599259166],[-6.43241793593537,57.4704808355688],[-6.43561357170713,57.4917427931504],[-6.39981352844578,57.5088418215429],[-6.39961046371473,57.5287025498955],[-6.31178994357522,57.4551680512887],[-6.32499665910868,57.4840047828587],[-6.30460418573079,57.4823336767268],[-6.36518715058967,57.515202660089],[-6.39610050833498,57.5556880424318],[-6.35942755612399,57.588947194645],[-6.39455099423672,57.5850616785316],[-6.39423759506935,57.6127239747445],[-6.42770448904871,57.6421502995927],[-6.35357217839784,57.6712057585091],[-6.3423505186767,57.6850235827783],[-6.35613283862887,57.705215639456],[-6.34173046258963,57.7014666387124]]],[[[-7.39309737359667,57.6696154837931],[-7.37613023181884,57.6678305618122],[-7.39324775956914,57.6537443146092],[-7.44063079888875,57.6609237015859],[-7.39309737359667,57.6696154837931]]],[[[-7.14525902903813,57.687698565697],[-7.14398882292644,57.6816419704639],[-7.14870456126709,57.685863060873],[-7.14525902903813,57.687698565697]]],[[[-5.82026949753743,57.7367263923584],[-5.79001630115145,57.7365243162726],[-5.80117619633529,57.7265173565481],[-5.82026949753743,57.7367263923584]]],[[[-7.24918542352351,57.6849277877514],[-7.25837379159933,57.6881801421009],[-7.25089458909712,57.6900441080233],[-7.24918542352351,57.6849277877514]]],[[[-7.17643562830119,57.6951034424253],[-7.16597426026962,57.6911216355944],[-7.17607819673746,57.6928173987407],[-7.17643562830119,57.6951034424253]]],[[[-6.29241791284656,57.7237819132703],[-6.3052021981131,57.72567095058],[-6.29925583970383,57.7285514586302],[-6.29241791284656,57.7237819132703]]],[[[-7.01564206191334,57.7038511647648],[-7.01275912209564,57.6988750755487],[-7.01832296257674,57.7003179705491],[-7.01564206191334,57.7038511647648]]],[[[-7.03194099246147,57.7056955436494],[-7.02491910884062,57.699889193053],[-7.04070448548408,57.7046098275036],[-7.03194099246147,57.7056955436494]]],[[[-7.09727192119197,57.703207362606],[-7.09646902957206,57.7010092291527],[-7.10094907628974,57.7021330220056],[-7.09727192119197,57.703207362606]]],[[[-7.08862287171768,57.7039235200886],[-7.09381277274198,57.7015098644758],[-7.09229446552386,57.7044547709259],[-7.08862287171768,57.7039235200886]]],[[[-7.00628438791726,57.7105533720131],[-6.99891650562947,57.7058156665764],[-7.00853115575195,57.7116299341704],[-7.00628438791726,57.7105533720131]]],[[[-7.72090534598644,57.6879861546714],[-7.71529925204729,57.6869170083136],[-7.71820729190523,57.6868662821119],[-7.72090534598644,57.6879861546714]]],[[[-7.71761962311058,57.6888912371696],[-7.71426637635129,57.6874544301913],[-7.71713302679129,57.6877790627915],[-7.71761962311058,57.6888912371696]]],[[[-7.71560884028939,57.6896214770091],[-7.71362914495929,57.6882078932235],[-7.71619826677423,57.6892032218017],[-7.71560884028939,57.6896214770091]]],[[[-7.71264499438403,57.6899907072628],[-7.71155039257196,57.689094217464],[-7.71363898910647,57.6897602163955],[-7.71264499438403,57.6899907072628]]],[[[-7.71209666652066,57.6907977273504],[-7.71125488445825,57.6900437580537],[-7.71221057993981,57.6900814722462],[-7.71209666652066,57.6907977273504]]],[[[-7.06648539992815,57.7209236316817],[-7.05953133250534,57.7163752045021],[-7.06640234989444,57.71747626853],[-7.06648539992815,57.7209236316817]]],[[[-6.43991306793778,57.7465025093278],[-6.42840244630248,57.7387833674758],[-6.44300830933159,57.7443204323326],[-6.43991306793778,57.7465025093278]]],[[[-7.68577510300626,57.6999397564351],[-7.68948168660872,57.6978056357814],[-7.69062353186567,57.6999050447682],[-7.68577510300626,57.6999397564351]]],[[[-7.27647035005489,57.7028487671881],[-7.30111306764881,57.7167273558502],[-7.27519776131833,57.7154459460579],[-7.27647035005489,57.7028487671881]]],[[[-7.68163590803692,57.7023225438674],[-7.68297491173287,57.7015517756124],[-7.68217071228583,57.7033115193933],[-7.68163590803692,57.7023225438674]]],[[[-7.15291972712127,57.7260702043777],[-7.19501460810746,57.6908409478188],[-7.15599294708758,57.6766407343652],[-7.18456072229432,57.6611952109202],[-7.1644383097335,57.6586552440352],[-7.21392836127708,57.6571371111175],[-7.13782924167545,57.6393430377381],[-7.10000205961415,57.6487626168601],[-7.11590877907673,57.6623004192902],[-7.06311739023324,57.6403036605165],[-7.10039247986637,57.6079221922147],[-7.13223310947873,57.6256278625307],[-7.11643717737109,57.6341581211893],[-7.21911810295462,57.6389072608795],[-7.18852873809573,57.6313324051718],[-7.20431107310052,57.6217181378516],[-7.1909654367029,57.6145702132858],[-7.15274533535815,57.613056948189],[-7.18249358008747,57.6115218903889],[-7.15504021019163,57.5969891418915],[-7.18685002793557,57.5931240268346],[-7.10155597021854,57.5934993064852],[-7.11762566681503,57.566243616658],[-7.25911362467197,57.5536772756512],[-7.25629578628851,57.5739850876453],[-7.30649002924303,57.554114175113],[-7.13513194842248,57.554063478937],[-7.13899609192663,57.525769665252],[-7.16950063609474,57.5132505459958],[-7.148538831514,57.5098676076243],[-7.24939807290245,57.5073694410628],[-7.26705051949359,57.5227510816419],[-7.28539869346529,57.5200292042009],[-7.26326340449373,57.5027183674903],[-7.31259999471765,57.5217402875147],[-7.29751924147541,57.5113460043479],[-7.31296787821664,57.5083774868358],[-7.34523465149122,57.5418960044438],[-7.35763162237279,57.4978304614463],[-7.40412903945447,57.5495413555714],[-7.38656159984879,57.5353661119505],[-7.31131475030178,57.5541951403881],[-7.4418330672618,57.5877822867141],[-7.42974722205239,57.5784069253387],[-7.48321448895226,57.5681315009332],[-7.48272730708972,57.5906311088396],[-7.54693057716743,57.5994825663631],[-7.50011236684002,57.6272867926266],[-7.49466904248181,57.6592162347713],[-7.44949834393409,57.6631543493326],[-7.38265055555991,57.6308573415874],[-7.37590370193799,57.658788302632],[-7.3148440795081,57.6940815148047],[-7.31251152499565,57.6666252507155],[-7.33718963723149,57.6581035120133],[-7.28415470764014,57.6404107739671],[-7.28690255133707,57.6525140822425],[-7.2453033468391,57.6570989421749],[-7.27827535982044,57.6642875136832],[-7.18288848382661,57.7026128810839],[-7.22866157867784,57.7067723097281],[-7.19963595815655,57.7345242024876],[-7.15291972712127,57.7260702043777]]],[[[-6.93034678264385,57.7534051475152],[-6.9343297137426,57.7512951421563],[-6.93690493700701,57.7539478021113],[-6.93034678264385,57.7534051475152]]],[[[-7.08029584887461,57.7416878168791],[-7.06227088089014,57.7329417713603],[-7.09683804441588,57.7452278228856],[-7.08029584887461,57.7416878168791]]],[[[-3.9434494287205,57.8526935941089],[-3.92661523045029,57.8417741128747],[-3.96447661962591,57.8518359315052],[-3.9434494287205,57.8526935941089]]],[[[-7.24972291657397,57.7591674749951],[-7.24481154525254,57.7557060895611],[-7.25058119293383,57.7589778048496],[-7.24972291657397,57.7591674749951]]],[[[-7.07037098474451,57.759622300659],[-7.09821618741996,57.7684621753014],[-7.08180786991397,57.7738041046458],[-7.07037098474451,57.759622300659]]],[[[-6.85624488601076,57.7901528872842],[-6.8636241049959,57.7900201238667],[-6.86712134754291,57.7935649627505],[-6.85624488601076,57.7901528872842]]],[[[-7.215006821971,57.7848057153136],[-7.20025944893889,57.7725695465079],[-7.22275753175311,57.7601692733604],[-7.2659532906524,57.7734672848519],[-7.215006821971,57.7848057153136]]],[[[-5.60186781730088,57.8301685649063],[-5.6168377872614,57.8221222051353],[-5.64478410163882,57.8401118796151],[-5.60186781730088,57.8301685649063]]],[[[-6.81413423274156,57.8068168839556],[-6.82391107889662,57.8049350346343],[-6.82806232452957,57.812166892683],[-6.81413423274156,57.8068168839556]]],[[[-7.25273724515727,57.798847243094],[-7.26064360786438,57.8021146401649],[-7.2453805544335,57.8017701291777],[-7.25273724515727,57.798847243094]]],[[[-6.69069343657418,57.8568565925997],[-6.68792619598475,57.8558264446489],[-6.69417837332838,57.8557769016047],[-6.69069343657418,57.8568565925997]]],[[[-5.45925303379036,57.8790834029072],[-5.47852186566384,57.8843912936613],[-5.47951502438186,57.8981445185905],[-5.45925303379036,57.8790834029072]]],[[[-6.71161819378047,57.860958027079],[-6.71849257682103,57.8582328280107],[-6.71774884876152,57.8623920619359],[-6.71161819378047,57.860958027079]]],[[[-6.72041816792472,57.8691009603363],[-6.71738880095257,57.8672867132085],[-6.72410322942723,57.868057999556],[-6.72041816792472,57.8691009603363]]],[[[-6.67304913331663,57.8747442325505],[-6.64135122910895,57.8564965737677],[-6.67098616671191,57.8497669191055],[-6.71399223281322,57.8751042463561],[-6.67304913331663,57.8747442325505]]],[[[-6.74721449773036,57.8788519801306],[-6.73990430777304,57.8741777445372],[-6.75540984269653,57.8759809015357],[-6.74721449773036,57.8788519801306]]],[[[-8.57072352344664,57.8002781400774],[-8.55110172393219,57.793745005646],[-8.57233923483513,57.7961449695289],[-8.57072352344664,57.8002781400774]]],[[[-6.36108604529285,57.9045623880251],[-6.35261149642643,57.8800682245274],[-6.38096923283842,57.9026512020398],[-6.36108604529285,57.9045623880251]]],[[[-6.33468384876135,57.9049953922821],[-6.32474522500098,57.8983185526473],[-6.34287092450163,57.9019374073675],[-6.33468384876135,57.9049953922821]]],[[[-5.21399356542678,57.9376224063826],[-5.23935924203204,57.9477716208765],[-5.21023444330777,57.9481127416405],[-5.21399356542678,57.9376224063826]]],[[[-8.61523610962589,57.8279190781286],[-8.54992988868092,57.8122781496692],[-8.57777525405714,57.799471598112],[-8.61523610962589,57.8279190781286]]],[[[-5.36312549332918,57.9616939014014],[-5.36028199209272,57.9600970490991],[-5.36266409482012,57.9608363582814],[-5.36312549332918,57.9616939014014]]],[[[-8.63132378859468,57.8245939266037],[-8.64999583330431,57.8279585269355],[-8.62496083998285,57.8336505392301],[-8.63132378859468,57.8245939266037]]],[[[-5.45850792082648,57.9611286287175],[-5.46178433923379,57.9593308411694],[-5.46363108212926,57.9602778220946],[-5.45850792082648,57.9611286287175]]],[[[-6.89185821769736,57.9169721529496],[-6.88565347066554,57.9156543875222],[-6.8912902381626,57.9159326493007],[-6.89185821769736,57.9169721529496]]],[[[-5.44035076887046,57.9663571049074],[-5.45245849126806,57.9628709347017],[-5.44668655444889,57.9670199946626],[-5.44035076887046,57.9663571049074]]],[[[-5.50643312458015,57.9563652259126],[-5.52568849384706,57.9610619718249],[-5.50804972033861,57.9670795505479],[-5.50643312458015,57.9563652259126]]],[[[-6.99565405976974,57.9191298543903],[-6.99011724413576,57.894133786859],[-7.0130018423187,57.8813653638688],[-7.04272995401099,57.8953924495736],[-7.07760023175869,57.8752175045227],[-7.0850231201313,57.8893648310291],[-6.99565405976974,57.9191298543903]]],[[[-5.42190710541805,57.976834413093],[-5.43262520599725,57.970290831212],[-5.43212265881634,57.9766296711708],[-5.42190710541805,57.976834413093]]],[[[-5.33888403336093,57.985184720147],[-5.35240888144358,57.9815118333215],[-5.34968442771293,57.9930080866181],[-5.33888403336093,57.985184720147]]],[[[-6.95996878330805,57.9379219320427],[-6.96718152604688,57.9347856918795],[-6.97056988616741,57.9425124082092],[-6.95996878330805,57.9379219320427]]],[[[-5.34909615750482,57.9970098714624],[-5.34616256563157,57.9938028175619],[-5.34982937735763,57.9950436095266],[-5.34909615750482,57.9970098714624]]],[[[-8.4908323722174,57.87642994833],[-8.48023370092734,57.8668214854734],[-8.49970763572064,57.8669294527864],[-8.4908323722174,57.87642994833]]],[[[-6.97675427204633,57.9431131459672],[-6.98326653316604,57.9441256727876],[-6.97524943800514,57.9456225864593],[-6.97675427204633,57.9431131459672]]],[[[-5.43465557034387,58.0089065498123],[-5.45079748170428,58.0042713896446],[-5.45818498385373,58.0121380953734],[-5.43465557034387,58.0089065498123]]],[[[-5.43211222490442,58.0165319069071],[-5.43156199357359,58.0107920766523],[-5.43712542212393,58.0113465048815],[-5.43211222490442,58.0165319069071]]],[[[-5.39809984085237,58.0176037136746],[-5.38312219435041,58.0067521696978],[-5.42172399117208,58.0054030461632],[-5.39809984085237,58.0176037136746]]],[[[-5.46782763682653,58.0272262094791],[-5.4724499879527,58.0253391327463],[-5.46984889658589,58.0311966017154],[-5.46782763682653,58.0272262094791]]],[[[-6.42012942077894,58.005417200858],[-6.41233800535592,57.9979650349594],[-6.44996036675502,58.0010924040007],[-6.42012942077894,58.005417200858]]],[[[-6.72147146085161,57.9862705288505],[-6.73661305645942,58.0057279941728],[-6.7128683291653,57.9942488796642],[-6.72147146085161,57.9862705288505]]],[[[-7.28320758376364,57.9835522903209],[-7.28792144059994,57.980485320926],[-7.29376531109536,57.9844850092983],[-7.28320758376364,57.9835522903209]]],[[[-5.44192948498141,58.0498358547216],[-5.42395847725474,58.0471339975974],[-5.44860147999045,58.0397625520499],[-5.44192948498141,58.0498358547216]]],[[[-5.45603523763462,58.0491267465119],[-5.46130954191644,58.0431899490634],[-5.46695485801317,58.0470407362522],[-5.45603523763462,58.0491267465119]]],[[[-7.0930745366381,58.0262378105569],[-7.09131624285264,58.0231554760798],[-7.09375746341385,58.0253969676376],[-7.0930745366381,58.0262378105569]]],[[[-7.13029216416624,58.0374750525556],[-7.10749876902639,58.0287310130251],[-7.10319875012979,58.0046170968077],[-7.1532959262801,58.0088850132786],[-7.16962078677467,58.0279950572975],[-7.13029216416624,58.0374750525556]]],[[[-7.14350721734762,58.0379963100705],[-7.14855030790794,58.037821650087],[-7.14130292161534,58.0405521853422],[-7.14350721734762,58.0379963100705]]],[[[-5.27353870317078,58.1012280821971],[-5.27707943118935,58.1033531029689],[-5.27137589768005,58.1020707467051],[-5.27353870317078,58.1012280821971]]],[[[-5.29457464045565,58.1016079542737],[-5.30532778407513,58.1025809987074],[-5.29983157942237,58.1044641256649],[-5.29457464045565,58.1016079542737]]],[[[-6.37241581563461,58.0938138049915],[-6.37173790515498,58.0901762786019],[-6.38281167779161,58.0976687385565],[-6.37241581563461,58.0938138049915]]],[[[-6.37920810800424,58.1011350560751],[-6.38145118963329,58.1005814477476],[-6.38786870128347,58.1018008017254],[-6.37920810800424,58.1011350560751]]],[[[-6.51989104193947,58.095597803985],[-6.52657274451748,58.0971256914869],[-6.51807851572741,58.0961179448151],[-6.51989104193947,58.095597803985]]],[[[-6.43112591247816,58.1038245780738],[-6.45087485042561,58.1022640835602],[-6.43748021909365,58.1087295502033],[-6.43112591247816,58.1038245780738]]],[[[-5.31102248310556,58.1431365672074],[-5.32870239128734,58.1426688691173],[-5.31793902928787,58.145159740246],[-5.31102248310556,58.1431365672074]]],[[[-7.11898859566403,58.0774738680163],[-7.13592306318623,58.0751954710718],[-7.12870260467423,58.0802559664049],[-7.13876130683847,58.0834975479155],[-7.11898859566403,58.0774738680163]]],[[[-6.37548202002512,58.1184448935263],[-6.3814086276137,58.11687721341],[-6.37728976172494,58.1203867837429],[-6.37548202002512,58.1184448935263]]],[[[-6.40926472334057,58.1241297578227],[-6.4146319054259,58.1210717446142],[-6.41560198180911,58.126069277559],[-6.40926472334057,58.1241297578227]]],[[[-7.12613850213564,58.1054130305342],[-7.1308500255771,58.1064513338094],[-7.1268380191116,58.1062970922913],[-7.12613850213564,58.1054130305342]]],[[[-6.33916876248652,58.1873869305659],[-6.34307869864482,58.1885743134473],[-6.34157937891277,58.1898181051862],[-6.33916876248652,58.1873869305659]]],[[[-6.88111721675243,58.1757217496325],[-6.88350281701576,58.1744622933749],[-6.88510489834236,58.1806479946894],[-6.88111721675243,58.1757217496325]]],[[[-6.73333416198063,58.187466908712],[-6.73951360603905,58.1878575660846],[-6.73233048039107,58.190956091101],[-6.73333416198063,58.187466908712]]],[[[-6.89748941081807,58.1994923362782],[-6.89628935523412,58.1935676368385],[-6.90250651059938,58.1959487885333],[-6.89748941081807,58.1994923362782]]],[[[-6.92180504431589,58.1899904046513],[-6.93379594765112,58.1927216412395],[-6.92734948204567,58.1985754227175],[-6.92180504431589,58.1899904046513]]],[[[-6.76588993293143,58.2022417747395],[-6.76536529554237,58.193573752597],[-6.77719945180815,58.2006796727589],[-6.76588993293143,58.2022417747395]]],[[[-5.29396916097251,58.2531407635342],[-5.29373031515058,58.2496619517918],[-5.29808353820612,58.2515891886602],[-5.29396916097251,58.2531407635342]]],[[[-5.02100297141095,58.2618564044924],[-5.02039448111482,58.2610165890321],[-5.02605127399592,58.2621601824672],[-5.02100297141095,58.2618564044924]]],[[[-5.12736558706445,58.2663086346133],[-5.12814446732029,58.2652285327614],[-5.13040022044265,58.2665318748829],[-5.12736558706445,58.2663086346133]]],[[[-6.76712037795938,58.2124818644552],[-6.77558598571885,58.2130436057788],[-6.77416041468556,58.217363526588],[-6.76712037795938,58.2124818644552]]],[[[-5.26192842140561,58.267222939777],[-5.24199461632128,58.2503819100846],[-5.28005290719816,58.2578012577112],[-5.26192842140561,58.267222939777]]],[[[-6.89451049490844,58.2188014117259],[-6.87713748506787,58.2084816822553],[-6.89561256367142,58.2072536895593],[-6.89451049490844,58.2188014117259]]],[[[-6.79224994604077,58.2266934426694],[-6.7871875305895,58.2229589950239],[-6.7927612900027,58.2234544049876],[-6.79224994604077,58.2266934426694]]],[[[-6.91429249320426,58.2296583827012],[-6.91112190343809,58.2244778744212],[-6.92024092459247,58.2238416978319],[-6.91429249320426,58.2296583827012]]],[[[-5.15016483325234,58.2850827333868],[-5.14417847555632,58.2780439490129],[-5.15603181129786,58.2837395557872],[-5.15016483325234,58.2850827333868]]],[[[-5.13252450734669,58.2879249253994],[-5.12256073591,58.2821102891284],[-5.13442914679633,58.2779937332978],[-5.13252450734669,58.2879249253994]]],[[[-5.20473987733926,58.2899919616096],[-5.20947956938814,58.2877161719729],[-5.20744500418059,58.2906121129928],[-5.20473987733926,58.2899919616096]]],[[[-6.93619532412185,58.2409124519382],[-6.92991350786653,58.230148244178],[-6.94882800691937,58.2390140939799],[-6.93619532412185,58.2409124519382]]],[[[-6.94023188354738,58.2422628203841],[-6.94691484718753,58.2419464793138],[-6.94502455813288,58.2434370753338],[-6.94023188354738,58.2422628203841]]],[[[-5.17079015769614,58.3023398484217],[-5.17279806916562,58.3059765600538],[-5.16844888708118,58.3032422182869],[-5.17079015769614,58.3023398484217]]],[[[-6.88609327048704,58.258007664083],[-6.84891576254668,58.2567639719149],[-6.83688933071658,58.2321261337073],[-6.78553182188423,58.220805150486],[-6.78357698224094,58.2010390279347],[-6.86723830306437,58.2074625391782],[-6.87555297546528,58.2201715283521],[-6.85373106560692,58.2259101946123],[-6.8718885512901,58.2424301452667],[-6.86183854880041,58.2234798396016],[-6.87686458315574,58.2298403480399],[-6.88609327048704,58.258007664083]]],[[[-6.9065071851767,58.2662111145084],[-6.9118868357209,58.2681635131527],[-6.90802731274822,58.2689030795275],[-6.9065071851767,58.2662111145084]]],[[[-6.88150873070232,58.2696921118593],[-6.85905712247839,58.2605368632253],[-6.87912564645498,58.2597614794764],[-6.88150873070232,58.2696921118593]]],[[[-6.87055213590473,58.2739302029781],[-6.86832206228103,58.270070214624],[-6.87255289214103,58.2728908288741],[-6.87055213590473,58.2739302029781]]],[[[-6.91658569036103,58.2843019150541],[-6.92260651584064,58.2834269483483],[-6.91880097316918,58.2847839083662],[-6.91658569036103,58.2843019150541]]],[[[-7.58571669604821,58.2880566136732],[-7.58955011158835,58.2864708641684],[-7.59440179710932,58.2880924330932],[-7.58571669604821,58.2880566136732]]],[[[-5.18198908777647,58.3894881669784],[-5.17151810588437,58.3745870571568],[-5.20695740867671,58.3760612057997],[-5.18198908777647,58.3894881669784]]],[[[-5.08567950789209,58.396425301392],[-5.09049773395405,58.3987870464529],[-5.08407080296322,58.3980831283978],[-5.08567950789209,58.396425301392]]],[[[-5.09296404186579,58.3990570791611],[-5.09689064479923,58.3990119645364],[-5.09554976670324,58.3993401300933],[-5.09296404186579,58.3990570791611]]],[[[-5.10457920221015,58.4018606629287],[-5.11134489948719,58.403110641692],[-5.1072981769992,58.4057115800922],[-5.10457920221015,58.4018606629287]]],[[[-5.07476890879475,58.4037717054882],[-5.08640863627258,58.4039242273124],[-5.07520075090533,58.4068287566687],[-5.07476890879475,58.4037717054882]]],[[[-4.47476360137192,58.4449206720731],[-4.47527552457955,58.4429738056987],[-4.47534426140052,58.4445499925745],[-4.47476360137192,58.4449206720731]]],[[[-4.75588781292128,58.4493954297701],[-4.7559977079791,58.4492391637826],[-4.75630663214869,58.4493912261969],[-4.75588781292128,58.4493954297701]]],[[[-5.07891770344646,58.464108735761],[-5.08431350759578,58.4629222911126],[-5.08188668477011,58.4655344032683],[-5.07891770344646,58.464108735761]]],[[[-4.71027840518624,58.4791806581916],[-4.7101995535456,58.4849012431425],[-4.7037822908455,58.4867819582493],[-4.71027840518624,58.4791806581916]]],[[[-5.13356135180753,58.4772802608963],[-5.13605509984867,58.4731589642208],[-5.13949759311287,58.4759336944856],[-5.13356135180753,58.4772802608963]]],[[[-5.1223623933982,58.4758072610217],[-5.1333770203013,58.4732854342572],[-5.11692424970163,58.4772326260059],[-5.1223623933982,58.4758072610217]]],[[[-4.39752732550567,58.530886760645],[-4.40611047590251,58.5332253331853],[-4.40424366555653,58.5362539530698],[-4.39752732550567,58.530886760645]]],[[[-4.38881167566574,58.5359038068902],[-4.39498423180043,58.5349017343666],[-4.39007959792733,58.5404683938904],[-4.38881167566574,58.5359038068902]]],[[[-4.81042699909203,58.53431508721],[-4.81102415515375,58.5340497351143],[-4.81077273720224,58.534318801411],[-4.81042699909203,58.53431508721]]],[[[-4.29539827499979,58.5504382220327],[-4.28846119474457,58.5459247311839],[-4.30385136171003,58.5486674024638],[-4.29539827499979,58.5504382220327]]],[[[-4.78761137520644,58.5421692789535],[-4.79024888616269,58.5393014893811],[-4.7885830306234,58.5419573849824],[-4.78761137520644,58.5421692789535]]],[[[-4.78080219310229,58.5460905833114],[-4.78133091174662,58.5458692482869],[-4.78115798089824,58.5463586089051],[-4.78080219310229,58.5460905833114]]],[[[-4.78309326233154,58.5478164273951],[-4.78752982924054,58.5448621897351],[-4.79124647282344,58.5474121244308],[-4.78309326233154,58.5478164273951]]],[[[-4.33986633961702,58.5489328256357],[-4.35231084676838,58.5520215147985],[-4.32632371205996,58.5572444511138],[-4.33986633961702,58.5489328256357]]],[[[-4.35183342648343,58.5610821214883],[-4.34778538937813,58.5597303957071],[-4.36084845205406,58.5598609224003],[-4.35183342648343,58.5610821214883]]],[[[-6.25103390491939,58.5133161878793],[-6.18305476551936,58.4690371080313],[-6.1963831474958,58.446765061941],[-6.16822344358342,58.4172654841359],[-6.2183211528689,58.3681855363686],[-6.16221714036748,58.3425452888436],[-6.19845269417168,58.3383055741443],[-6.24222372963689,58.2956848883215],[-6.29884812198827,58.2927050571449],[-6.28141984805159,58.2700167280153],[-6.31863570379708,58.2699962718473],[-6.32622958016156,58.2398302627916],[-6.3789813832032,58.2250195108031],[-6.28473712953667,58.2067445388553],[-6.15771703698746,58.2638326497208],[-6.13786731577301,58.260225930524],[-6.16518434025974,58.2285818535082],[-6.15372917231944,58.2213661637581],[-6.25513937344183,58.1799950248187],[-6.28728497072505,58.2054249962706],[-6.35324636762246,58.1896949205889],[-6.38737790286984,58.2146443648175],[-6.39593576335479,58.1989460886459],[-6.3696794189934,58.1912043062174],[-6.38769338900681,58.1794543263699],[-6.36916339762968,58.1518528929504],[-6.42347465104537,58.1375679155366],[-6.37054132758975,58.1314008605939],[-6.49294701275486,58.1429846047547],[-6.42780949810157,58.1211437790351],[-6.63292465292165,58.0853056630769],[-6.43211094556762,58.089727791232],[-6.39343137849303,58.1091372829438],[-6.40315434909976,58.0989940505838],[-6.3834475219095,58.092976723119],[-6.39701640217171,58.0844171620822],[-6.37792560308662,58.0915175085534],[-6.36655337639934,58.0563045594905],[-6.43997075446897,58.0488153992163],[-6.36050264680676,58.039768055992],[-6.38870732315914,57.9998857669927],[-6.45968212287564,58.0198072959204],[-6.58010687714875,58.0033875583362],[-6.47198238368013,58.0007503167214],[-6.44889208360306,57.9656412315107],[-6.46836294772295,57.961304886894],[-6.47091731567071,57.9382651936168],[-6.51789143463474,57.9273105081671],[-6.54846032144537,57.9585482420494],[-6.53784733802903,57.9189490176623],[-6.57300747455046,57.9246111743069],[-6.57270094146782,57.9097058311353],[-6.64609097744143,57.964099297734],[-6.60633955560078,57.9172565695106],[-6.64988664139678,57.9177247517136],[-6.70504805418952,57.9665529420816],[-6.71195688847002,58.0122190669233],[-6.66217138300134,58.0532429439643],[-6.58664877537432,58.0532549062287],[-6.69535962438068,58.0579589042559],[-6.67205809996646,58.0448645036309],[-6.76057000156492,58.0034311625394],[-6.72166286836601,57.9621989383835],[-6.74521011942587,57.9528587298609],[-6.70722642728367,57.9533408961308],[-6.67388076239343,57.917222669412],[-6.71378753873757,57.9157441254851],[-6.66551049119962,57.8822922541146],[-6.80297155178908,57.8975742224184],[-6.78973685261709,57.8802349209472],[-6.81288233535012,57.8820725929913],[-6.80391693870147,57.8672010121319],[-6.77407038652178,57.8674977559833],[-6.73659559370774,57.8268512029929],[-6.79787099827412,57.8344183098655],[-6.79140210086882,57.8046705392126],[-6.8630026084343,57.833225325003],[-6.83376851154082,57.8147820088592],[-6.86294726141996,57.8126821081046],[-6.85843639087568,57.7936657690188],[-6.88365669735104,57.8005321161238],[-6.87717995559579,57.7733891803817],[-6.92248673465075,57.7824620430865],[-6.8990134876458,57.7641973186541],[-6.93059820829162,57.7624357868321],[-6.9446017027723,57.7387490659615],[-6.97877355463255,57.7436384595386],[-6.96562478194663,57.7276736780208],[-7.12822208236017,57.8247295328142],[-7.1335872770948,57.8373434895829],[-7.10533898117437,57.8412747496968],[-7.0759517384272,57.809263421653],[-6.99830844945005,57.8456977004606],[-6.99285546829692,57.8684975958463],[-6.9055320638302,57.8687707033042],[-6.9600526923557,57.886810119451],[-6.94902920263022,57.9046837091626],[-6.81356612567663,57.9008839007186],[-6.85863285277574,57.9163245981344],[-6.8494517786915,57.9345503888184],[-6.91399909276935,57.9363061487737],[-6.90168091897065,57.9508757093424],[-6.92187989733351,57.940300637629],[-6.99983704606139,57.9655583530849],[-7.02274110684876,57.9522690752798],[-7.07993713770279,57.9670895919804],[-7.09022372233112,57.9949062883428],[-7.11452260605031,57.9898965412766],[-7.08234139206997,58.0205272766368],[-7.05606105891743,58.0087918111723],[-7.02900447559867,58.031482315408],[-6.90679397057523,58.0495382733355],[-7.03894850173118,58.0337421124558],[-7.06210793154648,58.0462941415593],[-7.02079413278668,58.0540433185629],[-7.05920811444694,58.0553484096702],[-7.02050478007822,58.0710275517997],[-7.03065762351217,58.0815213246775],[-7.06627801809256,58.0600802069181],[-7.10046402094674,58.0701262704549],[-7.10981986929783,58.1098626650163],[-7.13544864779399,58.1228438365014],[-7.08935036167137,58.1639662269171],[-7.10798763742869,58.177946492791],[-7.00733569706748,58.1836567238708],[-7.0647468465434,58.1964800092237],[-7.04956128588751,58.2317247622836],[-7.02403305090824,58.2442185198622],[-6.97558200691538,58.2194800079663],[-6.95864005379681,58.2346214345253],[-6.91559445764918,58.2182685156403],[-6.91119343838794,58.2033830078026],[-6.962799550516,58.203386155665],[-6.89317811690935,58.187078619463],[-6.85889534567421,58.1109309440143],[-6.88644543527846,58.1625794263372],[-6.86913732241999,58.1726802115233],[-6.87702424593631,58.1893394564201],[-6.85913050139399,58.1811813288214],[-6.82816676756366,58.2046405889108],[-6.74978789148883,58.1921578421907],[-6.73414444948417,58.1663253091027],[-6.70682803369945,58.1841056596451],[-6.76008705964458,58.198834449642],[-6.73988521960139,58.2133117958642],[-6.80983845852004,58.2538731393042],[-6.81741757713389,58.2720706060814],[-6.77227456075695,58.2821074890164],[-6.82852124079542,58.2833766029955],[-6.80436132904856,58.3043707392529],[-6.75711606757275,58.3056783875184],[-6.66812560288009,58.3497287150164],[-6.64308519918324,58.3399488129069],[-6.54713539941229,58.3650744246943],[-6.51922450606834,58.3970947125612],[-6.25103390491939,58.5133161878793]]],[[[-4.66886801418845,58.5694903523694],[-4.66894986370096,58.5668329455807],[-4.68671133539927,58.5646129581169],[-4.66886801418845,58.5694903523694]]],[[[-4.8007749199794,58.571583584598],[-4.80952441837545,58.5715220320218],[-4.80470509591316,58.5736516458804],[-4.8007749199794,58.571583584598]]],[[[-4.80813311565481,58.5745873050245],[-4.80975250731003,58.5737996393914],[-4.80977284667793,58.5740027283916],[-4.80813311565481,58.5745873050245]]],[[[-3.35476814349414,58.6639431370611],[-3.31026117856916,58.6428728583466],[-3.18792162373226,58.6601303968485],[-3.15754686647441,58.6372073943627],[-3.0245107817879,58.6437970547645],[-3.04342076294084,58.5979593186467],[-3.07285301260534,58.5919219473932],[-3.06812826320143,58.5640719488922],[-3.12590008143844,58.5273750911064],[-3.13481505858132,58.5021106645453],[-3.11184283858609,58.4758011091213],[-3.04866786392544,58.4730649703873],[-3.05345459052247,58.4475528973595],[-3.08635430779162,58.4396923401338],[-3.06935045213395,58.428633964541],[-3.10811831883957,58.3711299182092],[-3.20974827480204,58.3099595147668],[-3.38137310598298,58.2703848494672],[-3.50828868364905,58.1718564159991],[-3.80426880893597,58.0570554962211],[-3.84777513799921,58.0064966343302],[-3.9832737181571,57.9695621757987],[-4.00380659082652,57.93470681549],[-4.02990668444516,57.9344361240949],[-4.01115309971475,57.9485823098525],[-4.08196693326225,57.9512864118779],[-4.00136881815531,57.9263890563031],[-3.99220805026075,57.9030799570357],[-4.01309935038113,57.8907473451345],[-4.01138220102872,57.8593473990471],[-4.07285043637625,57.8671723729858],[-4.11168839529022,57.8484988236155],[-4.1469083292955,57.8553054372194],[-4.13527757003396,57.870163826117],[-4.16236429464954,57.8593285901125],[-4.23406419108865,57.8750476925916],[-4.28739189418313,57.8619290933573],[-4.35773799105022,57.8865578594626],[-4.29695071939513,57.8518995968847],[-4.19098404639272,57.8622508028361],[-4.16384486896762,57.8336761290301],[-4.11047887861218,57.8409915812133],[-4.04802693688736,57.8153204615771],[-3.96633927485811,57.8452036330659],[-3.8934860136789,57.8248403447922],[-3.9488266419104,57.8121226563924],[-3.8562258273891,57.8252566498536],[-3.7720671134992,57.8668772080677],[-3.97527758584477,57.6943691671949],[-4.03579368360057,57.6951560678237],[-4.00946304342025,57.7423285209239],[-4.07318382543195,57.7322623663368],[-4.16589148376907,57.6861408867807],[-4.28893790264735,57.6812193656367],[-4.30106604163839,57.6676262967911],[-4.27980457871456,57.6646389904559],[-4.41255334347144,57.6077076584893],[-4.40679267727879,57.5927449079769],[-4.44430673218162,57.5669356249301],[-4.23431322410154,57.6693429438044],[-4.1655222571907,57.6758517936764],[-4.16514969233422,57.6569221602578],[-4.03717925348922,57.6838257464393],[-3.99401362292522,57.6766975743978],[-4.10203481522265,57.6074590456297],[-4.11294367726531,57.5900951752804],[-4.09120987049716,57.5740422472088],[-4.14053905086337,57.57745755057],[-4.18823826159061,57.5456283488616],[-4.25220120186487,57.5493665646697],[-4.19418580073326,57.5392650272788],[-4.23440764972875,57.5007763409288],[-4.37549884908093,57.512346055731],[-4.43362418091311,57.48897233513],[-4.31583436265989,57.4801159310254],[-4.21995262214801,57.4966980582998],[-4.18680496736996,57.4838326606026],[-4.14738475235073,57.5184286603259],[-4.11277161369452,57.5160605263633],[-4.04071338044424,57.5601493569028],[-4.07599362369008,57.5833653709562],[-4.05807285633679,57.5909184074425],[-3.98537224939627,57.5941503666664],[-4.007771989002,57.6026874225249],[-3.86550007283463,57.5833654000148],[-3.68956128144826,57.6578373723104],[-3.71490784861347,57.6549027813085],[-3.64402948126245,57.6631649764204],[-3.61964200360765,57.655268326572],[-3.63717811911365,57.6325899910613],[-3.59207526046489,57.6303200648479],[-3.58582310214672,57.6469448575926],[-3.62428991985979,57.6627749436518],[-3.51488616653805,57.6683575138091],[-3.49315302226305,57.6844144390452],[-3.49760012251229,57.7041805983266],[-3.33834073264858,57.7249722463512],[-3.02725011656668,57.6636069033385],[-2.85145147699116,57.70655482823],[-2.7404310034176,57.6818819219015],[-2.57417416777091,57.6826912886971],[-2.51372120528299,57.6593086349523],[-2.4956600156745,57.6731812918599],[-2.34463573744071,57.6699008594828],[-2.29754875592422,57.6962031517512],[-2.1919058333835,57.6713094541296],[-2.1180893038638,57.7011152890497],[-2.00230110528422,57.6986136432224],[-1.99560927771711,57.6811268847927],[-1.91939604348959,57.6739005612959],[-1.89076986432134,57.6342917783864],[-1.82345683514347,57.6121233056142],[-1.82626789996009,57.5678743361742],[-1.80413647234024,57.5563913069969],[-1.80150069598174,57.517213912626],[-1.76682478425826,57.5055391876999],[-1.7935397476701,57.494744493241],[-1.77584011603172,57.4961232579024],[-1.79608995530749,57.4846602764363],[-1.77551328944546,57.474756387624],[-1.78153613177741,57.461106590521],[-1.85945034219533,57.4080438304458],[-1.85814515879258,57.3901444138929],[-1.98801929953753,57.3100343114489],[-1.99058822506468,57.348961290263],[-2.05271623387746,57.3635131072328],[-1.99523948807536,57.3468388892979],[-2.0144295327038,57.3349763196706],[-1.99011218102979,57.3049924536232],[-2.0768388229462,57.1775781982362],[-2.10017898094344,57.1778806682359],[-2.07689567731859,57.1754760342275],[-2.06882943943229,57.14305024768],[-2.09180141191915,57.138830602205],[-2.0555972956381,57.1448905715863],[-2.04862698998353,57.1283144085564],[-2.09209775082078,57.0679964707806],[-2.16130442884592,57.0180461335222],[-2.17735313781809,56.9795270546439],[-2.20915358245314,56.9676404889885],[-2.19112790993,56.9507596814069],[-2.19647210106079,56.9088542814393],[-2.23321420237862,56.8627720755406],[-2.31619437757075,56.8015154960867],[-2.44494470581939,56.7516979276695],[-2.42456007949952,56.7547406701222],[-2.45468915826947,56.7033986878027],[-2.47814309430094,56.7220977934094],[-2.55046465701821,56.7160214824037],[-2.51609065990643,56.6985510990361],[-2.4364437295575,56.701700514748],[-2.51141928192141,56.6513873602174],[-2.48062628757318,56.6225378202623],[-2.53758557684175,56.5668359017478],[-2.71603748778778,56.495361763153],[-2.73365731997136,56.4648774090555],[-2.80273638514148,56.48016921729],[-2.98841193934406,56.4513678819097],[-3.05193016849772,56.458381792182],[-3.22881764118763,56.3682375909265],[-3.27849117109844,56.3603883619012],[-3.41267840704289,56.3794103549945],[-3.25619250428584,56.3514832859107],[-2.92127337164004,56.4515706959443],[-2.8173815715452,56.4449289233644],[-2.80359358614587,56.4295389728887],[-2.81237997467537,56.3937196995486],[-2.8876768700789,56.361859468782],[-2.83878903860345,56.3529648125265],[-2.82076478427221,56.3670752537072],[-2.77743418036487,56.3327366044939],[-2.66038262371551,56.3183236802736],[-2.58545016850554,56.2791240533332],[-2.59544245803767,56.2684207740735],[-2.81141419552346,56.1845678847272],[-2.94334837424616,56.2134935120183],[-3.01111823699647,56.1948166561192],[-2.99670032700657,56.190610244449],[-3.00792116188113,56.1792898498959],[-3.15076163677385,56.1168261117147],[-3.17437959615683,56.0626004652392],[-3.39541937070598,56.0291559772895],[-3.39090252419671,56.0059276474415],[-3.57248428174912,56.0578530732226],[-3.68499977617813,56.0477907096545],[-3.76662682249612,56.0988422679236],[-3.83002057817815,56.1033245104209],[-3.84515176322444,56.1249301179734],[-3.86651122612112,56.107794838065],[-3.88764402806717,56.1291468631091],[-3.86547609629128,56.1058111522706],[-3.85470616119845,56.1184318734227],[-3.84572138818097,56.1020599232375],[-3.80307525245347,56.1067801344837],[-3.73356158996489,56.0645623370218],[-3.71673986274733,56.0266727372873],[-3.75429421332954,56.0202747835348],[-3.68275600324625,56.0360488758772],[-3.69338666577899,56.0239610521355],[-3.68044411540445,56.0302764223808],[-3.67397785539606,56.0119325202673],[-3.59753999315767,56.020968810982],[-3.38969103059679,55.9897893690471],[-3.35196599482099,56.0015800359761],[-3.30377967342642,55.9752629282123],[-3.18224133700349,55.9913672469406],[-3.05269727602161,55.9429242323417],[-2.89733492940445,55.9840866757341],[-2.89075547103193,56.0102259175015],[-2.84229359399001,56.0150427411862],[-2.86593142276147,56.0375927813593],[-2.81312554203663,56.0633018589364],[-2.67886973932751,56.0618705526513],[-2.58225221436336,56.0234210358054],[-2.59879930707503,55.9976877832167],[-2.5750254185394,56.0124334987928],[-2.55310844592284,55.9964024158279],[-2.51212242687696,56.0064481665447],[-2.33043714202322,55.9302499827197],[-2.13793525562245,55.9170054228636],[-2.13453576217634,55.8917181092895],[-2.07690339436692,55.872628009751],[-2.03443331904747,55.8110897499743],[-2.0861230942702,55.7930452706114],[-2.0856391490368,55.7620403321679],[-2.11891868612705,55.7381686789427],[-2.17699672355935,55.718375035575],[-2.16723105928948,55.7060351648167],[-2.24817393761024,55.6523531987835],[-2.23479932643361,55.6408121299553],[-2.30578970416838,55.6470437737042],[-2.33601244831487,55.6320546994208],[-2.30862602967662,55.6288759763574],[-2.28853587165619,55.5800500223507],[-2.2403065059112,55.5556271683871],[-2.20159170971667,55.475516011399],[-2.1655212321177,55.4683818980953],[-2.2312819124724,55.4284292920017],[-2.332366351754,55.4099107139305],[-2.33747713193072,55.3672809415469],[-2.37891180668306,55.3491694371305],[-2.47747192039823,55.3543328815088],[-2.55904121304847,55.3178347054877],[-2.64677118121333,55.2600438629418],[-2.61145085823107,55.247134429328],[-2.63022898081735,55.2447914959374],[-2.63141420722149,55.2236980849122],[-2.666814789349,55.2215803899766],[-2.70347661666498,55.1731731598941],[-2.82550257520544,55.1383140714092],[-2.95859356798911,55.0492945911909],[-3.05092854160806,55.0528035971603],[-3.03023775618077,55.0246459602743],[-3.05733058938802,54.9872142005384],[-3.09161482540369,54.9754759791812],[-3.37066365138417,54.9706433000917],[-3.43205910009404,54.9929533945855],[-3.47607008352192,54.9667824010284],[-3.52249459336501,54.9654406671991],[-3.56031404182196,54.9785869489022],[-3.6106679614662,55.0650495996201],[-3.61663979605847,55.0375252494611],[-3.57684879189281,55.0077027788801],[-3.59098088800878,54.9983564127074],[-3.57621588935496,54.9792105657457],[-3.58971650848177,54.9261570508245],[-3.56296612635754,54.9072107160366],[-3.59492160745486,54.8727605546756],[-3.69342463339111,54.8881223296288],[-3.78839761147345,54.8532069569762],[-3.81635061650483,54.8934273080225],[-3.83717436839287,54.8935040891405],[-3.80722985603277,54.8453235180722],[-3.84310349480735,54.8667279691603],[-3.8556374958908,54.8652761334944],[-3.83528711138092,54.8459902192234],[-3.86371246022767,54.8458340653456],[-3.82455770409392,54.8235785043694],[-3.98336409898657,54.7687005756173],[-4.06435385978783,54.7807754021863],[-4.0456506002099,54.8154250629983],[-4.07315033093924,54.8136595817024],[-4.03474743447469,54.859361031408],[-4.04816280844742,54.8666836654461],[-4.05081526371779,54.8396338181315],[-4.09132883436071,54.8143642070755],[-4.0916409264253,54.7815151543261],[-4.10621263682299,54.7784185981473],[-4.09511859428387,54.765410445497],[-4.12235515526527,54.7878913880476],[-4.15970093064761,54.7803066390459],[-4.21954091176375,54.8253780281443],[-4.2232319624599,54.8489979017718],[-4.18557160252593,54.8851106696623],[-4.25742155467894,54.8372867044972],[-4.30327618557587,54.8432970136018],[-4.36268898127152,54.8631823880153],[-4.39781004239238,54.9182585223836],[-4.45560499746514,54.9463637307542],[-4.39916434507995,54.9145059347513],[-4.39626427722424,54.8937802349665],[-4.43490655593863,54.8622087265915],[-4.4122381159587,54.8279812030811],[-4.3412303493058,54.7991191199314],[-4.36940608003161,54.7929324391574],[-4.3548541800686,54.7671529192222],[-4.3669425941919,54.7228625654339],[-4.34976433176764,54.7091221700465],[-4.36501477092722,54.6910359791789],[-4.40817407732903,54.6781544289046],[-4.48904385911746,54.7013754490131],[-4.57158766205834,54.7381045082868],[-4.60081169678793,54.7769596843227],[-4.85607770053391,54.8703419841994],[-4.96110987419294,54.8040210732968],[-4.90581521425965,54.7011909470371],[-4.86692180357773,54.6820078712271],[-4.87727182672647,54.6391890097985],[-4.85300979655855,54.6372376175095],[-4.92107307582469,54.6434625366495],[-4.96486915680276,54.6640776442739],[-4.97259564338732,54.6897101724077],[-4.94785032278166,54.700065771036],[-4.96690619885365,54.7175974959207],[-4.95739329804138,54.7285856683683],[-4.99252770533244,54.7349606853953],[-5.01071826353439,54.7834199129095],[-5.14597222910982,54.8582725079285],[-5.18531306462216,54.9164001261252],[-5.187108473422,54.951279992238],[-5.15778433181836,55.0080068487699],[-5.09659635234954,55.017184736244],[-5.06082340245594,54.9676951496532],[-5.07504704799269,54.9637326003628],[-5.06082209465019,54.9237532798692],[-5.03027335294546,54.9062521352353],[-4.99625930267304,54.91296503184],[-5.05959001565042,55.0306738529364],[-4.9965187333596,55.1383529660648],[-4.86518441896352,55.2217332234056],[-4.8361139824092,55.2831549606349],[-4.84718920109621,55.3237874362875],[-4.77548868418967,55.3593601102871],[-4.75358624711889,55.4161966557448],[-4.64793625708489,55.437127870548],[-4.64576442814258,55.4695743244146],[-4.6220027067472,55.4593808745321],[-4.64396642717292,55.4705363405609],[-4.620345838045,55.4970011374751],[-4.62544063185415,55.517107254841],[-4.6854724064803,55.5458418997112],[-4.65921959769525,55.5480162912024],[-4.65793346610395,55.5694958750037],[-4.69565789184955,55.6041369047542],[-4.67527479797602,55.621238314613],[-4.68694362023963,55.6090473433134],[-4.70358739864398,55.6234710292277],[-4.71287608245614,55.6364525559398],[-4.69766229403454,55.6411146399049],[-4.71480959128026,55.6348160658691],[-4.69701417890925,55.6059218867228],[-4.8217632192103,55.6374402341961],[-4.86247484930308,55.6841055587929],[-4.90521873664129,55.6991185964336],[-4.89462994597906,55.7365652773261],[-4.87339866845912,55.7303437892093],[-4.85577064045628,55.7605578950173],[-4.88838231015448,55.8186306492523],[-4.89852777235494,55.8913175995624],[-4.87119551782093,55.9099668168695],[-4.87687683931873,55.9436945918172],[-4.7835135939948,55.9622854867372],[-4.67717060393677,55.9348826599044],[-4.48706638716589,55.9264311830158],[-4.41755463571009,55.9003432632839],[-4.40853157546565,55.8748361974957],[-4.39239270304529,55.8895717505152],[-4.47564499732067,55.927552209243],[-4.70175117385528,55.9673819613072],[-4.68507488524624,55.9756865932632],[-4.70017551360845,55.9916955725848],[-4.78756322178845,56.0150836439243],[-4.83592249514385,56.0805793403256],[-4.8258069767476,56.0335780619575],[-4.76694572818297,55.9895956477741],[-4.85417579060292,55.9916130465788],[-4.88000273856419,56.0581683284882],[-4.74983884267603,56.2066819493327],[-4.86257921399172,56.1002163511034],[-4.88683889073018,56.1091345521574],[-4.9007926784158,56.1699689982918],[-4.91768145438374,56.1640110056512],[-4.89997327446373,56.1460767010447],[-4.9093231931786,56.1121668660339],[-4.87447643919357,56.0888845500694],[-4.9144454308103,56.0512428804303],[-4.89577891265642,55.9878679255606],[-4.96090917422889,56.0053037671938],[-4.96357999808272,55.9917281100294],[-4.90813898427138,55.9679881987825],[-4.9788354504926,55.8617720727929],[-5.04473044746458,55.8709513531413],[-5.06847710309504,55.9521704653254],[-5.10381536178543,55.9705704693492],[-5.12122441294819,56.0094696464898],[-5.07747465872479,55.8992906525144],[-5.1849557319467,55.9381856697017],[-5.18619893387417,55.9856510817856],[-5.19526301821339,55.9340222074188],[-5.24218754824705,55.8944254631254],[-5.20413585901257,55.8270462900537],[-5.25662456607762,55.8518661182857],[-5.31246294817515,55.852495688625],[-5.31151242241579,55.8754227590757],[-5.35221807978892,55.8982668430264],[-5.32703816417258,55.9558323326763],[-5.346773940672,55.9690120338799],[-5.34188175180768,55.9950729621336],[-5.20281205594555,56.1070705836603],[-5.20329545491375,56.1283386554673],[-5.10177598385132,56.1559802392224],[-5.05516455487259,56.2109123709258],[-4.9167546859966,56.2723015912935],[-5.04574352644899,56.23440821171],[-5.04189871457217,56.2595477544031],[-5.11070930650656,56.1994808516449],[-5.11750880739687,56.1707140773802],[-5.23659593260639,56.1284819493808],[-5.30567179434154,56.0613454169584],[-5.33389557060817,56.0682135872203],[-5.34628599272336,56.0220976409277],[-5.40581038581552,56.0015158138906],[-5.44033359609049,56.0382283489334],[-5.45112078451387,55.9719162034701],[-5.39556606504792,55.8706833002481],[-5.41499364976844,55.8635767150244],[-5.33990976219492,55.8273349472611],[-5.31457717642638,55.7831410703302],[-5.45103168966705,55.707103933086],[-5.48360295613788,55.6425847493323],[-5.45850326435557,55.5764190758399],[-5.48851876111634,55.5848018535655],[-5.48995535457048,55.5300058669086],[-5.54448139688574,55.4677410682723],[-5.55055178874592,55.4342699051915],[-5.60411089572403,55.425924864453],[-5.55147420908392,55.4177889396229],[-5.5214947539335,55.3598163837098],[-5.60351648269672,55.3075382154342],[-5.75635133192434,55.2894251355423],[-5.80337706367162,55.3050762676308],[-5.7966512009545,55.389773435744],[-5.72227692574052,55.4266909748734],[-5.70379269843717,55.5325684276548],[-5.71532628205208,55.5780158520712],[-5.69272925960353,55.5873719538971],[-5.67232800218333,55.6328614598693],[-5.66307152596796,55.6678373235816],[-5.67654949248573,55.6824409447612],[-5.61999622105933,55.709722106237],[-5.56982591969895,55.7669257410404],[-5.4789989722536,55.8040184779648],[-5.43550283087724,55.8572076578969],[-5.52508587996744,55.7940572455957],[-5.61386174203854,55.7618675141753],[-5.6079831306721,55.7950604725308],[-5.66435706398057,55.7992744208366],[-5.66287835547477,55.8473737504792],[-5.56902176240166,55.9374157586243],[-5.67844792135843,55.8866231041955],[-5.68847429851918,55.910879848682],[-5.6651607837134,55.9491796593914],[-5.57253432362478,56.017031552198],[-5.56560454411779,56.0300230223675],[-5.59655200634356,56.0167588130703],[-5.56644215789568,56.0414569937289],[-5.60906203031338,56.0239376492527],[-5.58032355900796,56.0526664634552],[-5.65834158476012,55.9837062187364],[-5.63571378422265,56.012916961102],[-5.65197968564311,56.0006744367612],[-5.6745509229128,55.9600980582245],[-5.71429994813726,55.9494539691322],[-5.58469974914486,56.0917271396906],[-5.50953394220266,56.0785464026932],[-5.52843282895777,56.0748574444409],[-5.54502579426546,56.0845034724303],[-5.53028759239169,56.1005570978498],[-5.56840989093695,56.1113920208737],[-5.50806802325902,56.1912169749567],[-5.61464572598031,56.1315728723866],[-5.56640148332998,56.2108913830449],[-5.54095124783842,56.2178229836554],[-5.56598526118361,56.2373921437259],[-5.48133230247873,56.2569809701242],[-5.50520498561139,56.2701105561427],[-5.59712729994672,56.2502986694651],[-5.57773343219989,56.3331785536073],[-5.44429027146996,56.3622025147498],[-5.52052070417819,56.3455088503853],[-5.53736770637941,56.3573512119445],[-5.51403444776412,56.3956560411214],[-5.47264572038973,56.4141588385137],[-5.48638913417714,56.4262326897492],[-5.46510762610223,56.4460808049057],[-5.34987535312646,56.4597278757928],[-5.26696724531296,56.4578743847821],[-5.23718543262938,56.4362692712799],[-5.19048671287522,56.4483060255044],[-5.11834566795682,56.4894549311596],[-5.06246054193537,56.5592031673267],[-5.15591207950299,56.5012697160951],[-5.18459171787041,56.4609608797815],[-5.23022643319779,56.4466360127618],[-5.34647974132627,56.471782441304],[-5.4070294350415,56.4588924135798],[-5.41952564019886,56.5075508512631],[-5.458904582699,56.4747127225717],[-5.45163223367303,56.487978177359],[-5.47377773701875,56.4818746218498],[-5.4203044217787,56.5265578442699],[-5.35890523045214,56.5135813985876],[-5.23147775116644,56.5638901394946],[-5.36645118744878,56.5238357191506],[-5.41672029615759,56.5390215510535],[-5.40827273064794,56.5606796528908],[-5.36939568257222,56.5659092879097],[-5.38777982941138,56.5752854349484],[-5.36079329959856,56.6039022691002],[-5.29591999486001,56.6389488988731],[-5.31739093003566,56.653410232437],[-5.22408974663485,56.6860076960495],[-5.13836975269671,56.6776877369965],[-4.96946414123194,56.7145553162698],[-5.16214578867503,56.6852379679483],[-5.24739782078046,56.7030113458568],[-5.08602991797972,56.8337895142622],[-5.33558599081276,56.8594877924815],[-5.12380456138947,56.83388738467],[-5.15447965484374,56.8008718396964],[-5.2402401768432,56.7668168716895],[-5.23074270473755,56.7510324157069],[-5.25652072021132,56.731991028748],[-5.24266154260629,56.7202558239263],[-5.2842748481179,56.7006208249242],[-5.30554449630152,56.7108854950935],[-5.47027110312182,56.6152813570331],[-5.52842496207211,56.6162643747957],[-5.49288394231846,56.6057117454611],[-5.54778295367527,56.5535932732929],[-5.68534262226614,56.4971554007399],[-5.77140250521469,56.5325410387848],[-5.74816958634456,56.564863246966],[-5.78380023065003,56.5325093594561],[-5.90453316262398,56.5511705532729],[-6.00111233659463,56.6198702366448],[-6.00401746110047,56.6493519798801],[-5.90607853285189,56.6577869275277],[-5.83068591874333,56.6211502375392],[-5.87956039024896,56.6530648487226],[-5.74675909959168,56.7016898566429],[-5.67379477786797,56.6770150942948],[-5.53431296261626,56.6889238691824],[-5.65465259467313,56.6818992697604],[-5.77752259359719,56.7168069596485],[-5.83962199044365,56.6746393292461],[-5.94561899808247,56.6886506692172],[-5.97428802766535,56.6724660131435],[-6.10990426408328,56.6974662367593],[-6.18442660363207,56.6873173249439],[-6.22794287404991,56.7156039247332],[-6.18353509455316,56.7367147322421],[-6.19120642433908,56.7533410427397],[-6.11796873955342,56.7656011780211],[-6.01742552976466,56.7638945084741],[-5.96592589991789,56.7846907531861],[-5.90945849578769,56.7497890624294],[-5.8862270009071,56.7633207684031],[-5.84452889026013,56.739339616635],[-5.84937082262567,56.7602250508857],[-5.88959984391124,56.766483967087],[-5.88700131706186,56.7852725521215],[-5.85503083142288,56.7676011713429],[-5.79532691029107,56.7909343814793],[-5.74676186600165,56.7841706343109],[-5.86285755165105,56.8205249572842],[-5.71762002804956,56.844025457659],[-5.66646584529136,56.8749609026691],[-5.68836949575765,56.8800081722404],[-5.72626614122269,56.8510320543049],[-5.7889259271999,56.8599464851821],[-5.72353255189566,56.8849111127401],[-5.73772159738024,56.8961481651654],[-5.8872808078241,56.8741833163007],[-5.92416859337614,56.8911421540148],[-5.84363271817581,56.9069361729035],[-5.88287842166232,56.9226237239648],[-5.85603921143794,56.9267996986064],[-5.86732988234367,56.933577650746],[-5.84477212269266,56.966885919314],[-5.81731518387494,56.9594965636554],[-5.84722634883299,56.9725602988363],[-5.82071120153899,57.0118628510423],[-5.72744412590039,57.018308638901],[-5.70858015661149,56.990989811635],[-5.63488044948772,56.9698733480993],[-5.50867110910287,56.9937502117594],[-5.51983105139084,57.0071776873905],[-5.61765249316665,56.9824381851898],[-5.66243253346268,56.9948725331326],[-5.68301259648597,57.0375019180462],[-5.74024670152738,57.0280654828313],[-5.76207077117484,57.0514555177884],[-5.78682874486797,57.0486449222045],[-5.79761808814623,57.0652659733698],[-5.72192509466589,57.1182214536063],[-5.59188049544488,57.1192727803019],[-5.51997924929874,57.0814294801425],[-5.50970349205656,57.0976095920355],[-5.3849387535482,57.1068888367566],[-5.52744493725112,57.1018889533304],[-5.56150333397272,57.1335969173014],[-5.66051626783577,57.142476185944],[-5.69304374799505,57.1691223469516],[-5.63167499013109,57.2002810672925],[-5.62355230884203,57.2200369798957],[-5.65564553049204,57.227169084033],[-5.63599846660008,57.2504187732223],[-5.53040471683508,57.2713785430558],[-5.42308778152263,57.2136910169819],[-5.39253439121611,57.2324397298001],[-5.4511907283166,57.2372124688427],[-5.51670313050394,57.2739423662567],[-5.48550618253851,57.3063753175462],[-5.42617488093154,57.3173874302074],[-5.48131005946364,57.3117319058054],[-5.52055210845718,57.2777554337854],[-5.73351870502876,57.2832199331223],[-5.71820050693424,57.283554276914],[-5.71648414455898,57.3152045659601],[-5.670948285083,57.3273122238077],[-5.68587733065699,57.3414098057622],[-5.53390074124942,57.3531066425642],[-5.45735822702598,57.3912618975088],[-5.44219193617047,57.422706502292],[-5.55202695770872,57.3581856776068],[-5.63570699525505,57.3666279160207],[-5.59405300108214,57.390979656549],[-5.61496353807415,57.3994936229631],[-5.60782261996743,57.4210626097598],[-5.73442157322071,57.3541951690901],[-5.78843854447811,57.3463828901012],[-5.80813697242395,57.3762475046418],[-5.82198422134672,57.3634887967874],[-5.83125281349059,57.3910656589444],[-5.80599656784898,57.3913273148596],[-5.82494615598623,57.4117593654683],[-5.80613788668355,57.4390162950311],[-5.85459988432725,57.4431590158872],[-5.87287766740318,57.4741414212119],[-5.83625397248871,57.579018795581],[-5.81213455560136,57.585692646082],[-5.74161400537615,57.5431910163766],[-5.70660687013956,57.5397046291603],[-5.70886970959823,57.5562747843267],[-5.69721456690041,57.5300128286555],[-5.64962488941053,57.5089089959299],[-5.65648176171452,57.5421662399882],[-5.62096264291027,57.5207926708177],[-5.60583232634729,57.5358217819358],[-5.51086716004159,57.5370485729576],[-5.5892038524212,57.5567904630961],[-5.6685350130599,57.5456750339953],[-5.75562156067149,57.6235971294616],[-5.81888072201793,57.638970674201],[-5.78921134617074,57.69740512025],[-5.73813541320191,57.7084157865449],[-5.68385956105984,57.6890105806616],[-5.67168913647996,57.7014353913497],[-5.69640828208125,57.7301294918525],[-5.81298294589838,57.7498884994297],[-5.80091160766936,57.7934115289385],[-5.81414377069428,57.8585421108353],[-5.68394118254365,57.8646582360356],[-5.69255871797426,57.8437628693329],[-5.66137333707802,57.8227223456458],[-5.66884246105715,57.8000677241148],[-5.60315002413899,57.7652049201943],[-5.62226260481412,57.7897895436629],[-5.57909427519521,57.790511375173],[-5.59768640636384,57.8018760387776],[-5.58190795585728,57.8360869305059],[-5.64266811861217,57.8560309282309],[-5.65602698054107,57.8784545081935],[-5.61840170939113,57.9243381802665],[-5.56144869721007,57.9177834667535],[-5.54051221097336,57.8695404807864],[-5.46813892486403,57.8524855728637],[-5.4520964720095,57.8530268603207],[-5.42223891189473,57.9092076666817],[-5.32461207397769,57.865177822713],[-5.21251879321867,57.8463360129752],[-5.40583809108742,57.9272722815824],[-5.36270839670767,57.9387392508956],[-5.33040826199035,57.9143423151958],[-5.23965470067208,57.9176507262472],[-5.12786220283851,57.8746094403073],[-5.07075512442314,57.8197807683885],[-5.0990600691931,57.8693684449425],[-5.22356755142459,57.9248338107021],[-5.17424817723345,57.9562372783944],[-5.19614979175185,57.9453623677617],[-5.1922337511536,57.9574555967356],[-5.31100208619087,57.9793088365807],[-5.33085368312732,58.0068086405545],[-5.35494943739664,58.0064033313578],[-5.35703836040245,58.0263824765525],[-5.41957105913204,58.0325934692106],[-5.41257292296367,58.0528461296047],[-5.45772854306632,58.0771441683925],[-5.42740396690107,58.106176064557],[-5.35703053476834,58.0575764492798],[-5.35174203616876,58.078663601013],[-5.30058041363634,58.0641863075096],[-5.26756598190763,58.1019038268783],[-5.30294638633237,58.1195755845368],[-5.26220030680971,58.1213924560598],[-5.29840112330922,58.1373177198938],[-5.23968264194212,58.146667162586],[-5.30970091358108,58.1550139852877],[-5.27880106690935,58.1669626843336],[-5.30997437125971,58.1623457313017],[-5.30413494009718,58.1757458822073],[-5.40476479928354,58.2358154130927],[-5.37617254760935,58.2641742709596],[-5.31025877281137,58.2242024517887],[-5.21795858421297,58.2558964064205],[-5.15870481525786,58.2329584198146],[-5.16552822045911,58.2583588673066],[-5.1203025365679,58.247357373023],[-5.1325262813714,58.2606256772834],[-5.10895627870249,58.269868863096],[-5.05395438092052,58.245816585818],[-5.00722852595041,58.254183769178],[-4.93540974211252,58.2145308973019],[-4.9947164159331,58.250581288356],[-4.9230585955897,58.2575938466673],[-5.08224636189856,58.2640905352806],[-5.13960763256012,58.2910707617641],[-5.14719222006868,58.3021858271477],[-5.12730900529368,58.3106683544047],[-5.14706624878016,58.3118100024478],[-5.12754797580842,58.3199401631409],[-5.16277078723002,58.3184479471082],[-5.15837612770726,58.3352938222377],[-5.18287559319754,58.3510752014475],[-5.1545942910925,58.3528751188741],[-5.1759289573338,58.3619521454747],[-5.14446097392787,58.3852836213377],[-5.14217357701096,58.4122525688623],[-5.0195958816336,58.3768175990143],[-5.07075364790407,58.4024014565897],[-5.03248127511527,58.4098387394007],[-5.09475818643179,58.4069594420998],[-5.11151926208011,58.4153609601462],[-5.07242781650294,58.4153881771838],[-5.1156250676389,58.4283955813802],[-5.06136974058739,58.4487793597671],[-5.07494787974205,58.4518287614059],[-4.99309481166184,58.4231173758567],[-4.99100711785544,58.4403156325049],[-5.07712709794375,58.4569484938034],[-5.05574873574233,58.4639102365797],[-5.12559813187451,58.493723939287],[-5.11347294937963,58.5216440689313],[-5.05058257179878,58.5407711007291],[-5.01394066463133,58.5777998489743],[-5.00350193168437,58.6262815723883],[-4.82468155117875,58.5969215408228],[-4.82038534185187,58.5626129718026],[-4.79320137094344,58.5467046186711],[-4.83118627848675,58.5225114532652],[-4.81145555768484,58.5266399854123],[-4.81281364398404,58.5107856917603],[-4.77842884813218,58.5472472634448],[-4.80628971738274,58.5632274301213],[-4.76624818012242,58.5788846156358],[-4.79157359635472,58.6006648815239],[-4.76806113139396,58.6050813193081],[-4.73438756107455,58.5663579649808],[-4.65447971382831,58.5511145531507],[-4.65336177100428,58.5327520805638],[-4.75251644020368,58.445054685791],[-4.66348992818909,58.4826948867842],[-4.66861011671721,58.498523458357],[-4.64230669255904,58.5204454682438],[-4.61821319895444,58.52372483062],[-4.62047819631011,58.5095355978165],[-4.5932612076552,58.5346274932485],[-4.59971580749777,58.570033701388],[-4.58011042621011,58.5801106755852],[-4.43177213308844,58.5536556951319],[-4.43064177261734,58.5295827778337],[-4.40922874002423,58.5216550054614],[-4.45497568191282,58.4960643031458],[-4.47510838276276,58.4399093260448],[-4.42316020809917,58.4738811916949],[-4.43408945550263,58.492045640519],[-4.34364180724971,58.5411259020854],[-4.28266067319727,58.5409038338622],[-4.26609338347227,58.5179192172869],[-4.22161861367879,58.5139083701193],[-4.24009058495092,58.5372877420146],[-4.21338789556309,58.5300682692071],[-4.21195188993288,58.5515472209292],[-4.17601564749216,58.5410622207535],[-4.12609790695417,58.5694025128868],[-4.07353066876925,58.5505321608513],[-4.0189882179336,58.6016341215451],[-4.00459620516173,58.5636168946035],[-3.93271935404564,58.5732963032571],[-3.90594353426993,58.5585561653199],[-3.77818853207934,58.5641840600433],[-3.66008191929789,58.6199486820259],[-3.53567744076831,58.6229717810861],[-3.55205209590467,58.6084378504453],[-3.51296413888943,58.5993429227763],[-3.52698778951831,58.5876679479578],[-3.45991158735907,58.6123699418603],[-3.37062770119101,58.5944192724621],[-3.34692495158513,58.6158406315635],[-3.41268220119912,58.6399506538657],[-3.39956238647538,58.6645916621514],[-3.35476814349414,58.6639431370611]]],[[[-2.91856581790859,58.691290330813],[-2.91527852411473,58.6886717106323],[-2.93320014699428,58.6881853576179],[-2.91856581790859,58.691290330813]]],[[[-3.12933148847837,58.6682633407975],[-3.12327699179974,58.6940324148081],[-3.10060065893663,58.6846413760261],[-3.12933148847837,58.6682633407975]]],[[[-3.05314699481047,58.7397137484784],[-3.07066276640998,58.736255101288],[-3.05044449456169,58.7519017707284],[-3.05314699481047,58.7397137484784]]],[[[-3.09955241695267,58.7971740478417],[-3.11278484073756,58.7980820922128],[-3.09597098270323,58.8030504250052],[-3.09955241695267,58.7971740478417]]],[[[-3.06456212470792,58.8460326269275],[-3.11355641941738,58.8368820370255],[-3.07730864559994,58.8315265094297],[-3.08001992621813,58.8140972605944],[-3.14772076922555,58.8280708631414],[-3.06456212470792,58.8460326269275]]],[[[-3.15573443313769,58.834493168846],[-3.18069111760617,58.8453887389426],[-3.16317182852245,58.8552372486862],[-3.15573443313769,58.834493168846]]],[[[-2.96883966636538,58.8551051288826],[-2.98917300103732,58.8524665890575],[-2.96108060452747,58.8598334931252],[-2.96883966636538,58.8551051288826]]],[[[-3.18976772051237,58.8606795934967],[-3.20048204437366,58.8591792925015],[-3.2002929282988,58.8665054682847],[-3.18976772051237,58.8606795934967]]],[[[-3.16413129782875,58.8736545870887],[-3.17814638686962,58.8867830921336],[-3.15856178174284,58.8771186254414],[-3.16413129782875,58.8736545870887]]],[[[-2.66418179993709,58.9015416106459],[-2.68292009485685,58.8922169456953],[-2.68362652776626,58.8992776622956],[-2.66418179993709,58.9015416106459]]],[[[-2.69484295269573,58.9028128320776],[-2.70216925115889,58.8998199886269],[-2.70212266970425,58.9027384227398],[-2.69484295269573,58.9028128320776]]],[[[-3.18639405376956,58.9093160845415],[-3.19165040392901,58.909305863545],[-3.19062247771183,58.9125960469717],[-3.18639405376956,58.9093160845415]]],[[[-3.35367547993154,58.9320022403711],[-3.21227580594726,58.8776610954645],[-3.23118682033263,58.8704630145038],[-3.1980683212249,58.8526442030746],[-3.21488810859729,58.8406185560053],[-3.19092948756014,58.8359584799811],[-3.20546501656805,58.8268912728847],[-3.17038803418811,58.8208732033469],[-3.25931480384863,58.7867945016096],[-3.15259376204193,58.8065011181844],[-3.13910403303522,58.8015231067557],[-3.15388497709914,58.7867524187222],[-3.13192469819551,58.7882785997036],[-3.29698667644835,58.7780655234262],[-3.36999826783696,58.8371976016643],[-3.37924967494727,58.8678708730875],[-3.43510359953398,58.8730988110959],[-3.40268311735304,58.9222286189047],[-3.35367547993154,58.9320022403711]]],[[[-3.30784532568784,58.9405016286799],[-3.26688873412873,58.9237678250299],[-3.30542628357485,58.9242456023281],[-3.30784532568784,58.9405016286799]]],[[[-3.08123673134108,59.0056182775314],[-3.07858681187167,59.0032227447878],[-3.08762208740294,59.0031687196232],[-3.08123673134108,59.0056182775314]]],[[[-3.0613944027148,59.0066485675225],[-3.06753054537608,59.0059234623366],[-3.06408128380786,59.0104071621161],[-3.0613944027148,59.0066485675225]]],[[[-2.89697091283082,59.0261105936533],[-2.90063415134288,59.018536108525],[-2.90710655528813,59.0253520637046],[-2.89697091283082,59.0261105936533]]],[[[-2.5645392185999,59.0284184586154],[-2.57275883528656,59.024964774545],[-2.57497481282295,59.0381198430987],[-2.5645392185999,59.0284184586154]]],[[[-4.50683823521768,59.0250824601459],[-4.50650125368168,59.0226133804391],[-4.50756523334639,59.0242385270682],[-4.50683823521768,59.0250824601459]]],[[[-3.06073171503625,59.0462972198947],[-3.06193933387944,59.045335404008],[-3.06205233005651,59.0462677505057],[-3.06073171503625,59.0462972198947]]],[[[-2.80248130409968,59.087048724605],[-2.82421955332975,59.0469606106393],[-2.80559576253088,59.0286022662785],[-2.82519488011486,59.0193233034931],[-2.93394841306716,59.030373848805],[-2.90246238961312,59.0770356406434],[-2.86230251473215,59.0524605910703],[-2.80248130409968,59.087048724605]]],[[[-2.95863937114389,59.0810403809552],[-2.94658049986102,59.0784130799536],[-2.99296374069844,59.0864024948289],[-2.95863937114389,59.0810403809552]]],[[[-2.94788369829614,59.0890660865719],[-2.95237021857748,59.0872613652955],[-2.95576467252114,59.0902195222254],[-2.94788369829614,59.0890660865719]]],[[[-4.40595039444985,59.085072423083],[-4.41147018237137,59.0832952109338],[-4.40505171573934,59.0866954594856],[-4.40595039444985,59.085072423083]]],[[[-2.95140273817009,59.1184244732086],[-3.01151064389167,59.1132666537154],[-2.96186030450858,59.1270974206261],[-2.95140273817009,59.1184244732086]]],[[[-2.82770099533818,59.1325273210403],[-2.82780756209237,59.124073345905],[-2.83391058542427,59.129020724723],[-2.82770099533818,59.1325273210403]]],[[[-2.66466807523534,59.1386753481949],[-2.66418612552451,59.1282334375528],[-2.68104029136062,59.1351856154687],[-2.66466807523534,59.1386753481949]]],[[[-3.33662689833966,59.1344336127019],[-3.34015232817622,59.1372236884549],[-3.3292921436261,59.1359577946101],[-3.33662689833966,59.1344336127019]]],[[[-3.11333910661183,59.1414716190115],[-3.12870468880079,59.142104234176],[-3.12589907739168,59.1484560414075],[-3.11333910661183,59.1414716190115]]],[[[-6.15784500792594,59.0878543189194],[-6.158512127481,59.0870145469648],[-6.15899442637863,59.0876060648033],[-6.15784500792594,59.0878543189194]]],[[[-2.58139505621149,59.1557382961188],[-2.57873506412603,59.148155445991],[-2.60280651260388,59.1516380298052],[-2.58139505621149,59.1557382961188]]],[[[-3.19836824215751,59.1542444890445],[-3.07322071317965,59.1235228147328],[-3.04571100892236,59.1050320859514],[-3.06256983403746,59.0958304859329],[-3.00108070067063,59.0646958741811],[-3.012289254151,59.0388258999126],[-3.06558536110483,59.04839907023],[-3.06126215904692,59.0234758127983],[-3.12408049474646,59.0104440016041],[-3.05380045657175,58.993499057301],[-3.00140882436961,59.0090858718111],[-2.95892781444104,58.9848886735665],[-2.93230577869389,59.0144992109024],[-2.8993113236685,59.0089398994469],[-2.91546031955713,58.9928980613274],[-2.8887103079139,58.9906101528067],[-2.91956573169851,58.9825264562131],[-2.91194646864214,58.9616994579282],[-2.80075307476872,58.9912189201367],[-2.7919222591802,58.9654171070616],[-2.84839460780321,58.9580753532823],[-2.82504426892283,58.9344150921566],[-2.84319104603968,58.9263137979762],[-2.7861237539149,58.9155722047546],[-2.78605074013455,58.940245258408],[-2.80567427182669,58.9472613948396],[-2.70797360289363,58.9728811871015],[-2.71249280804205,58.9206650215436],[-2.78615243284317,58.9145428274841],[-2.82890484032799,58.873151725424],[-2.89704692635367,58.895590271201],[-2.88366285125586,58.8897163127411],[-2.91306286575394,58.8691251883297],[-2.88550230273073,58.873600177817],[-2.88857004329243,58.8551123574229],[-2.85796049716008,58.8530802394613],[-2.9063359851988,58.8398176887249],[-2.87781213690886,58.819216390918],[-2.93059285790979,58.7942932203347],[-2.92096956223706,58.783028840188],[-2.93975238910007,58.7672548968766],[-2.90962444414995,58.7540042388783],[-2.91648204941429,58.7361721381213],[-2.96251894167463,58.7304837654222],[-2.99239787626847,58.753830843302],[-2.97902245834355,58.7859114748045],[-3.02173662673748,58.8068807023123],[-2.99932619536553,58.7997334531449],[-2.97429234349258,58.8182055188524],[-3.03673827465327,58.8193103412976],[-2.91040467192173,58.8379218563453],[-2.96272631231532,58.8524374352927],[-2.91330076025494,58.8561789548502],[-2.92384293139035,58.8773542483062],[-2.89580407520889,58.8904777699788],[-2.93143091244425,58.891273253014],[-2.97007828863558,58.9606244109565],[-3.20253236192056,58.9121606204365],[-3.24702132150377,58.9810790291394],[-3.30547445468238,58.9497550533576],[-3.35579811989467,58.9648620210245],[-3.36615133021699,59.0151270922134],[-3.35734672133321,59.0470443961557],[-3.33431045976288,59.0545718619719],[-3.35782438021632,59.1036112084511],[-3.32003046788782,59.1228218047609],[-3.32511989904341,59.135987869725],[-3.19836824215751,59.1542444890445]]],[[[-6.15827608031493,59.0960236863125],[-6.15811620006918,59.095857918229],[-6.15853230697984,59.0959750065716],[-6.15827608031493,59.0960236863125]]],[[[-2.62834980016122,59.1601631591369],[-2.6248711323107,59.1431817640322],[-2.57311631598361,59.14218057078],[-2.60542031534549,59.1370110286296],[-2.59627507982034,59.1158981444467],[-2.53797482610575,59.1223411943119],[-2.55295323830004,59.1112882836844],[-2.52711648936178,59.0929178303205],[-2.53794174905303,59.0762319866551],[-2.60582241265416,59.0722650716312],[-2.60474621068713,59.0971282222844],[-2.63265139464549,59.1078111312769],[-2.65770321969589,59.1003152391017],[-2.65104071963267,59.0759720066392],[-2.68738302523315,59.0773085375695],[-2.66992050241953,59.1086818214435],[-2.62022098807769,59.1184197434764],[-2.67506055884481,59.1531921217274],[-2.62834980016122,59.1601631591369]]],[[[-6.15689885153611,59.0970615405889],[-6.15724872815269,59.0966321933016],[-6.15740758305821,59.0968608342338],[-6.15689885153611,59.0970615405889]]],[[[-6.15063686349171,59.0973117488433],[-6.15042810973082,59.097102677685],[-6.15129473665001,59.0971153672527],[-6.15063686349171,59.0973117488433]]],[[[-6.15726393411466,59.0970453329184],[-6.15804030928883,59.0968900628097],[-6.15751840787385,59.0972709954727],[-6.15726393411466,59.0970453329184]]],[[[-6.1587087736451,59.097934188935],[-6.15906095214621,59.0975227404874],[-6.15941770952555,59.0977990561104],[-6.1587087736451,59.097934188935]]],[[[-6.15841475899764,59.0986090626757],[-6.15820763747752,59.0983414262544],[-6.15857584786789,59.0983520842797],[-6.15841475899764,59.0986090626757]]],[[[-6.15270306283291,59.0951773154266],[-6.15906563451095,59.0931656931488],[-6.15064360908223,59.0994607526843],[-6.15270306283291,59.0951773154266]]],[[[-6.15939120600206,59.0999581279801],[-6.15944675139795,59.0996235372764],[-6.15960286275219,59.0999017995306],[-6.15939120600206,59.0999581279801]]],[[[-6.16993756958117,59.1012287971909],[-6.17022103565895,59.1011882098311],[-6.17016398401733,59.1014372704893],[-6.16993756958117,59.1012287971909]]],[[[-2.65000686144767,59.1632444961193],[-2.6556089833007,59.1647412419939],[-2.64779413668699,59.1703071342461],[-2.65000686144767,59.1632444961193]]],[[[-2.95009203493217,59.1689123998851],[-2.95056887261149,59.1626474883223],[-2.95563401438943,59.1672965351338],[-2.95009203493217,59.1689123998851]]],[[[-2.90818538317182,59.163257983544],[-2.92029784921128,59.1249793944711],[-2.94509423868459,59.1546416313586],[-2.90818538317182,59.163257983544]]],[[[-5.8454600033461,59.1180959400363],[-5.84545228875578,59.1180272547335],[-5.84555070398904,59.1180450253578],[-5.8454600033461,59.1180959400363]]],[[[-5.82496990161889,59.1329037701342],[-5.8129810665675,59.119007368839],[-5.84055842185313,59.1159763518206],[-5.82496990161889,59.1329037701342]]],[[[-3.0682010801677,59.1951665643442],[-3.03012231724041,59.177710919218],[-2.95481748860314,59.1800916059787],[-2.97875199033675,59.1631720215428],[-2.96554264408189,59.1350836744973],[-3.04010505636203,59.1264751926901],[-3.11396545987084,59.1619473099044],[-3.09873382858814,59.1881220435839],[-3.0682010801677,59.1951665643442]]],[[[-2.81521927136287,59.2137214785074],[-2.82106780067456,59.2024346764443],[-2.83091970160894,59.2251835860755],[-2.81521927136287,59.2137214785074]]],[[[-2.82681349510471,59.2320379299594],[-2.83560048886613,59.2373285048216],[-2.83251515377329,59.2408191672618],[-2.82681349510471,59.2320379299594]]],[[[-2.72167296639924,59.2296104951182],[-2.74644377228593,59.2336502087992],[-2.74664008626131,59.2427031734351],[-2.72167296639924,59.2296104951182]]],[[[-2.73541554100106,59.2166807515802],[-2.76649526520793,59.1919394843227],[-2.74250549286086,59.143344915314],[-2.78828150698459,59.1380583417471],[-2.8236813152415,59.1713695899279],[-2.82349404955464,59.1946395292862],[-2.77987656191747,59.1894727709195],[-2.78987905379867,59.2359934030884],[-2.75499597260834,59.2498904735343],[-2.76280825841666,59.2318336898885],[-2.73541554100106,59.2166807515802]]],[[[-2.37607403726756,59.2765493963732],[-2.38838044987937,59.2786544564173],[-2.37670015295495,59.2808897934273],[-2.37607403726756,59.2765493963732]]],[[[-2.61743678299417,59.3038668335465],[-2.62100547493923,59.3050979037889],[-2.61890600621396,59.3066125554939],[-2.61743678299417,59.3038668335465]]],[[[-2.4166511492489,59.2875164233472],[-2.39042529922283,59.2787093781223],[-2.47905308980275,59.2770514277432],[-2.51931065918702,59.2402027855625],[-2.50725127422416,59.222991336547],[-2.52347831630685,59.2577531584235],[-2.53826072834678,59.250563366238],[-2.52481747676926,59.2377793361087],[-2.56537177096443,59.2365602719483],[-2.57103865596847,59.2211238574187],[-2.5702004852542,59.2449635780726],[-2.63076495239398,59.2375848855674],[-2.6742312382583,59.1919580395476],[-2.68817635735704,59.2040660527489],[-2.69485757463596,59.184930765115],[-2.70097089692782,59.2017858881306],[-2.69574262071159,59.2211020579643],[-2.59278418882343,59.2690302876513],[-2.61439056411618,59.294025169826],[-2.52943276812973,59.3028383992991],[-2.57390850037306,59.2607175114149],[-2.45074684304474,59.2899359135694],[-2.42208811554069,59.3124958371262],[-2.4166511492489,59.2875164233472]]],[[[-2.86388361333326,59.3503720784641],[-2.86692284978942,59.3466178138711],[-2.87249612319051,59.354681010487],[-2.86388361333326,59.3503720784641]]],[[[-2.95257742710886,59.3543475317647],[-2.96925295422342,59.3410519401166],[-2.95553847864187,59.3277381075527],[-2.98920746888457,59.3167091740543],[-2.90402089241313,59.3038043540834],[-2.88084461796662,59.2662501423276],[-2.83930023127857,59.2471707666678],[-2.88379955585484,59.228767464967],[-2.87483714307871,59.2556836269069],[-2.96117066953813,59.2900347209167],[-2.94823861588233,59.2727725562756],[-2.98340762666835,59.259403499547],[-3.02486303798529,59.2778871009341],[-3.02296354883582,59.3049602083265],[-3.06940801481589,59.3314121689902],[-3.00244688481929,59.327566050646],[-2.95257742710886,59.3543475317647]]],[[[-2.8766722796259,59.3344002117676],[-2.90518296059102,59.3232624812747],[-2.91119406504151,59.3492371445102],[-2.87886320714798,59.3854966554764],[-2.8766722796259,59.3344002117676]]],[[[-2.38195582091154,59.3926946792683],[-2.37232823839467,59.382224047007],[-2.40962099297121,59.3762121909286],[-2.39879584364292,59.3553663918235],[-2.44909023962824,59.3565809801178],[-2.43242661155631,59.386321052773],[-2.38195582091154,59.3926946792683]]],[[[-1.60818176404003,59.5535406915799],[-1.60883351825675,59.5232403723292],[-1.6512848314073,59.5131353311091],[-1.63990679280536,59.5521094863854],[-1.60818176404003,59.5535406915799]]],[[[-1.33231614378945,59.8678947121967],[-1.32983772338825,59.8728210767892],[-1.32996794262375,59.8697295397099],[-1.33231614378945,59.8678947121967]]],[[[-1.35720430381361,59.9543686634132],[-1.35349116963089,59.9488762620049],[-1.3611608572095,59.9507793971675],[-1.35720430381361,59.9543686634132]]],[[[-1.17948296059179,60.003406160461],[-1.15952896009683,59.9933046908366],[-1.19307804535105,60.0027940889766],[-1.17948296059179,60.003406160461]]],[[[-1.35876260274827,60.027679009472],[-1.34688317523386,60.0280707653014],[-1.35123994342946,60.0193428272667],[-1.35876260274827,60.027679009472]]],[[[-1.29954134257311,60.0969717122281],[-1.33683029526223,60.0403071468809],[-1.33116933302106,60.0796608492668],[-1.29954134257311,60.0969717122281]]],[[[-1.31013645707546,60.105214423049],[-1.35063906833539,60.0486440249744],[-1.37611643106625,60.0436117221238],[-1.34301644039295,60.0595432402945],[-1.35601803742562,60.0793353868615],[-1.32599528399302,60.0949573115109],[-1.34854902331223,60.1067386577222],[-1.31582131653146,60.118357817472],[-1.31013645707546,60.105214423049]]],[[[-1.36402139530362,60.1163579739096],[-1.3782716154176,60.118900059306],[-1.36789651255824,60.1231401075779],[-1.36402139530362,60.1163579739096]]],[[[-1.34861071480031,60.1244428168288],[-1.33477297108783,60.1241767395972],[-1.35564852429964,60.1210323090758],[-1.34861071480031,60.1244428168288]]],[[[-1.35345164619929,60.1234056238474],[-1.35659114350109,60.1220605498067],[-1.35929990868511,60.1265684067032],[-1.35345164619929,60.1234056238474]]],[[[-1.37129213190979,60.1305773401687],[-1.37256836928862,60.1283101280816],[-1.37994316353682,60.1290543790061],[-1.37129213190979,60.1305773401687]]],[[[-1.2757139379321,60.1268700842162],[-1.31036271968219,60.0992012080045],[-1.29817372977307,60.1265537876324],[-1.2757139379321,60.1268700842162]]],[[[-1.3517124683905,60.1402490755523],[-1.34809672449707,60.1389095794227],[-1.35357179417578,60.1395054971549],[-1.3517124683905,60.1402490755523]]],[[[-1.32649245400156,60.1358288378385],[-1.33097097589114,60.1338087003617],[-1.32823267431824,60.1407567203895],[-1.32649245400156,60.1358288378385]]],[[[-1.35038137348182,60.1472752780204],[-1.36872793948134,60.1432761088087],[-1.36167173082891,60.1524481946635],[-1.35038137348182,60.1472752780204]]],[[[-2.06740695333676,60.1555534565846],[-2.03989946606301,60.1395114390286],[-2.06407370613585,60.1096692976057],[-2.1166928232259,60.1339618631924],[-2.06740695333676,60.1555534565846]]],[[[-1.00577527030946,60.1509803898478],[-1.0105500025212,60.1317323611055],[-1.04518614534756,60.1509440078811],[-1.00577527030946,60.1509803898478]]],[[[-1.33498207368908,60.1624157813657],[-1.34004657802892,60.166117880672],[-1.33514362498719,60.1665564878082],[-1.33498207368908,60.1624157813657]]],[[[-1.32517560388497,60.1884074686831],[-1.3296938666678,60.1830758826701],[-1.33059426483127,60.1869505240923],[-1.32517560388497,60.1884074686831]]],[[[-1.08081867018107,60.1884315493369],[-1.07238193137372,60.1583574423156],[-1.04544050791342,60.1663619032928],[-1.07291872331245,60.1027258952707],[-1.12233360879728,60.1199124534753],[-1.11495576017105,60.1578116783078],[-1.14797263822633,60.1728818793281],[-1.07885729748601,60.1708991492247],[-1.08081867018107,60.1884315493369]]],[[[-1.06823899933776,60.1932916172514],[-1.06826366864886,60.1901894149876],[-1.0735762498997,60.1907653396153],[-1.06823899933776,60.1932916172514]]],[[[-1.32081639106677,60.200306816819],[-1.31984830429007,60.1981206141172],[-1.33098632878214,60.1964883925932],[-1.32081639106677,60.200306816819]]],[[[-1.57261907305294,60.2051586891383],[-1.56352783675241,60.1952165681509],[-1.60424869427685,60.2002991680335],[-1.57261907305294,60.2051586891383]]],[[[-1.57155813830123,60.2182973833894],[-1.56717783471702,60.2124403778366],[-1.57705931168411,60.2152005619568],[-1.57155813830123,60.2182973833894]]],[[[-1.1445359477314,60.2389160900576],[-1.15581456737118,60.2349786062829],[-1.15116622322192,60.2399108601192],[-1.1445359477314,60.2389160900576]]],[[[-1.6534138994779,60.3101287349837],[-1.65535030557516,60.3107973277465],[-1.65362380576929,60.3115261399004],[-1.6534138994779,60.3101287349837]]],[[[-1.54768964782773,60.3098453343057],[-1.55250749216014,60.3105807805167],[-1.54706274343074,60.3147163491116],[-1.54768964782773,60.3098453343057]]],[[[-1.74680794063186,60.3339905015841],[-1.75161719349394,60.3342344928416],[-1.75022340462884,60.3357137831149],[-1.74680794063186,60.3339905015841]]],[[[-1.47863879930644,60.3362021712858],[-1.43797658449098,60.3271968319702],[-1.47287022036774,60.3110284591653],[-1.48213841256959,60.321083695151],[-1.46623108489819,60.3273446601424],[-1.49091638168337,60.327055389595],[-1.47863879930644,60.3362021712858]]],[[[-1.39173859387677,60.3227014284693],[-1.39991380410631,60.3396375526233],[-1.37406143485622,60.3340455476803],[-1.39173859387677,60.3227014284693]]],[[[-1.71794175863546,60.3457820039241],[-1.68738133805619,60.3314501693832],[-1.66891940034646,60.3425462877132],[-1.66515884103581,60.3218323194414],[-1.71866953315959,60.3199680951073],[-1.73807174482349,60.3375922152019],[-1.71794175863546,60.3457820039241]]],[[[-0.886953349528051,60.3384211996931],[-0.892002521411361,60.3393362908388],[-0.88427098853081,60.3433925090453],[-0.886953349528051,60.3384211996931]]],[[[-1.3582935429358,60.3544277197853],[-1.36435547451997,60.3600767209744],[-1.3569892018702,60.3601763727197],[-1.3582935429358,60.3544277197853]]],[[[-1.03257448454639,60.3539688429208],[-1.04530569485413,60.3631711915948],[-1.02787068314752,60.3702674745576],[-1.03257448454639,60.3539688429208]]],[[[-1.81356350093889,60.3753748609413],[-1.81580787762543,60.3751203908427],[-1.81601179777284,60.3767773764254],[-1.81356350093889,60.3753748609413]]],[[[-0.913715453315416,60.3771839322829],[-0.978688051674496,60.3314365270643],[-1.037745676422,60.334589209767],[-1.00268888674044,60.3691324841847],[-0.900265663283526,60.3816467065266],[-0.913715453315416,60.3771839322829]]],[[[-1.43369551400185,60.3909779205533],[-1.38235024486589,60.3761352001665],[-1.38101831753938,60.3583660665428],[-1.46342443257054,60.3560836310504],[-1.47565564025574,60.3743099717651],[-1.43369551400185,60.3909779205533]]],[[[-1.42608580924793,60.4077074212975],[-1.43222836723685,60.4098999633043],[-1.42929211165558,60.4109280210272],[-1.42608580924793,60.4077074212975]]],[[[-1.42256250157345,60.4113526106208],[-1.42391501086834,60.4099534217272],[-1.42891822588774,60.4110297390009],[-1.42256250157345,60.4113526106208]]],[[[-0.745599092705163,60.419319734113],[-0.735837696020533,60.4243999883046],[-0.735209964216901,60.4206257906461],[-0.745599092705163,60.419319734113]]],[[[-0.744727431556701,60.4250913392181],[-0.756972792315023,60.4242471838043],[-0.748507478609858,60.430408311473],[-0.744727431556701,60.4250913392181]]],[[[-0.760564428578242,60.4309752605339],[-0.754705625540027,60.4191103415408],[-0.799048338300204,60.4099557125559],[-0.760564428578242,60.4309752605339]]],[[[-1.45329758554661,60.4386554889112],[-1.45988287089085,60.4372117920707],[-1.45377601455177,60.4425649096315],[-1.45329758554661,60.4386554889112]]],[[[-1.14847322207223,60.4390443415581],[-1.15796540883287,60.4377083202993],[-1.15232366303433,60.4471410070697],[-1.14847322207223,60.4390443415581]]],[[[-1.63074277868312,60.4739094893706],[-1.62893636353625,60.4702633017871],[-1.63359880386794,60.4721032945921],[-1.63074277868312,60.4739094893706]]],[[[-1.62600859174084,60.4759971204233],[-1.62256008175659,60.4712061779882],[-1.62657247322182,60.4754871880467],[-1.62600859174084,60.4759971204233]]],[[[-1.13914289550133,60.4638023918277],[-1.16268231691989,60.4662731646451],[-1.15540958146264,60.4749773500007],[-1.13914289550133,60.4638023918277]]],[[[-1.10173700716484,60.4776753840146],[-1.10668057922004,60.4768510556191],[-1.10308649948477,60.4811862603115],[-1.10173700716484,60.4776753840146]]],[[[-1.26470444846091,60.4995974567007],[-1.26413071423622,60.4951856827507],[-1.27485616355422,60.4994598747523],[-1.26470444846091,60.4995974567007]]],[[[-1.18114753164863,60.4877602069201],[-1.20218169317066,60.4991991827428],[-1.19733657397998,60.502190588319],[-1.18114753164863,60.4877602069201]]],[[[-1.19197040574146,60.5091123427155],[-1.19437917859515,60.5059708338596],[-1.19943480031371,60.5143470648023],[-1.19197040574146,60.5091123427155]]],[[[-1.22608498467834,60.5186971401772],[-1.21965841211072,60.5106058174696],[-1.23538856833418,60.5150110312787],[-1.22608498467834,60.5186971401772]]],[[[-1.28298446496257,60.5171909309856],[-1.29589560609878,60.5106656150922],[-1.29846765971943,60.5152717857594],[-1.28298446496257,60.5171909309856]]],[[[-1.41903225938942,60.6168395864795],[-1.4356384150518,60.6189446092511],[-1.428426926959,60.6206875994987],[-1.41903225938942,60.6168395864795]]],[[[-0.986734869902376,60.617989713402],[-0.970910655837579,60.6095070630762],[-1.01453687306003,60.6026822420606],[-0.986734869902376,60.617989713402]]],[[[-0.847295678382521,60.6281731736694],[-0.809385727056732,60.5991853461136],[-0.776494275626459,60.6153293336344],[-0.765131358630401,60.603788983854],[-0.801338973379475,60.5688648722708],[-0.890910999042455,60.5929178636071],[-0.86008645970062,60.5689238274329],[-0.890097665747194,60.5623435131785],[-0.948082509943084,60.6102819051074],[-0.936260926500319,60.6307939370362],[-0.847295678382521,60.6281731736694]]],[[[-1.30822030010606,60.6376292283336],[-1.30436420545336,60.5951226251458],[-1.33577239290074,60.5830317433871],[-1.31370192763795,60.5710498911183],[-1.31545390349122,60.5413979688984],[-1.36690073792297,60.5264137733255],[-1.32371082972987,60.5254804474354],[-1.36227005657629,60.517028845345],[-1.32412572749876,60.5107979424555],[-1.35721139227591,60.4791206368903],[-1.31035574302695,60.4954951684974],[-1.33113816067319,60.4784144984811],[-1.32002361351852,60.4518134114579],[-1.34965819016382,60.4560686915922],[-1.35595709924269,60.4133015770536],[-1.38371565241515,60.3974996053499],[-1.3275783311095,60.4110049467357],[-1.34674791031402,60.413521728507],[-1.33037676447441,60.4371538882773],[-1.2597278951937,60.4435088056848],[-1.30292577671995,60.4701858034025],[-1.22766376345946,60.4948136961623],[-1.20318726845504,60.4782915620836],[-1.20814902183054,60.4564233784324],[-1.17627568625224,60.4568974372846],[-1.20271555169729,60.4448162965361],[-1.17539068772107,60.44665703479],[-1.16601697913642,60.438533121309],[-1.19432594442712,60.4316880144705],[-1.16760881714549,60.4201262474774],[-1.19524766889362,60.4315140344372],[-1.25845735656175,60.3977405888145],[-1.19407395811169,60.419880351747],[-1.22434375839471,60.4021214510196],[-1.16957661933778,60.4144002695681],[-1.1639184314665,60.377760828686],[-1.15131839901082,60.403505851393],[-1.12175673299167,60.4043941756772],[-1.13688258529989,60.411862098326],[-1.11877112119276,60.4292520041416],[-1.11080400823932,60.4154664012252],[-1.07126675395893,60.4456824475847],[-1.04782469479469,60.4400683100735],[-1.14136387232929,60.3829873814069],[-1.12903266660294,60.3693793416636],[-1.10792547188852,60.3938972847089],[-1.07539480235158,60.3880199023952],[-1.07549959591459,60.3567350242196],[-1.1934878621257,60.3530294332915],[-1.16806925118767,60.3222626810726],[-1.15596150021745,60.3378606847632],[-1.1339135368343,60.3196578483166],[-1.08599940769085,60.3254664483465],[-1.08201340475769,60.30621169817],[-1.15986893636542,60.2807115767005],[-1.14397264906869,60.2799475100743],[-1.15075453982649,60.2655216427459],[-1.09752375122671,60.2706173894066],[-1.10519093733678,60.2582645072864],[-1.14409177038724,60.2594500953141],[-1.17046675288467,60.2382860505786],[-1.16492529844804,60.2601674037023],[-1.19927571786438,60.2701949869789],[-1.19367454196418,60.2452275324259],[-1.23139257094865,60.2297457415893],[-1.18517747010722,60.2322226094156],[-1.22201168530019,60.1988676570258],[-1.16712144431124,60.2228314435098],[-1.21939709483586,60.1722276805774],[-1.15400469534866,60.203899965846],[-1.16323055274384,60.1658789514675],[-1.13201359844748,60.1489546238685],[-1.1606389439505,60.1486488694853],[-1.15500065350903,60.128741951259],[-1.17245558203991,60.1412477095588],[-1.17498509060943,60.1191642907732],[-1.20395730855433,60.1306231979533],[-1.1992965975599,60.1064869932234],[-1.2259290602645,60.0998815050807],[-1.20690761839442,60.0898397491155],[-1.20350818227944,60.0475806316927],[-1.17253063274986,60.0404385321964],[-1.23335342023219,60.0332676966602],[-1.19804032188278,59.9909586086018],[-1.20483292440984,59.9727204090348],[-1.22054284724846,59.9949556629895],[-1.23418531213471,59.9811292030642],[-1.27750650394848,59.9901096660732],[-1.25416500229746,59.9763011506543],[-1.25825364187111,59.9358973764496],[-1.29202097561196,59.9221809664528],[-1.26929894231986,59.9081344370619],[-1.27196944353699,59.8856650127112],[-1.30050397034174,59.8837442010641],[-1.26966328260879,59.8753706498867],[-1.27697897702081,59.853075423911],[-1.29694232306213,59.8756633854535],[-1.3135040984253,59.8552191060725],[-1.31885307438073,59.8975151429886],[-1.38164715186901,59.8886677319129],[-1.39226131828278,59.9131144060034],[-1.36401485557525,59.9201058592132],[-1.36404011142566,59.9458411294651],[-1.32997850520554,59.946519537345],[-1.33178987202405,59.969062713382],[-1.36134974320926,59.9694350958245],[-1.33014649944787,59.9722178489185],[-1.34694184868252,59.9989339911066],[-1.31754150975326,60.0127978777442],[-1.26725603595988,60.1420512377016],[-1.30551903373692,60.1327539440315],[-1.28368925068615,60.1956633510831],[-1.31593865075685,60.1592155557087],[-1.31790348482102,60.1724652373673],[-1.2646879565489,60.2401524579877],[-1.32939189305048,60.1656643890064],[-1.29271941648055,60.2539455684871],[-1.34752971210876,60.2007987674485],[-1.36893886503702,60.2347454440451],[-1.35694787694492,60.2456925515104],[-1.43512301811734,60.2549551352511],[-1.37641590128508,60.2365630609821],[-1.36060394610794,60.1945919799729],[-1.37332816164639,60.1899800881255],[-1.36872538724513,60.2096793319652],[-1.3945364395361,60.199848203851],[-1.39851312199582,60.2173294295747],[-1.40141622501023,60.1791176083682],[-1.42225414712558,60.1647444555051],[-1.43853146013063,60.1888648896343],[-1.46242977576209,60.1465097603682],[-1.54694587817031,60.1865583102591],[-1.54286573950012,60.204368113392],[-1.48422001539253,60.2041235213435],[-1.50216544538476,60.209975087666],[-1.47034872415494,60.2205120638124],[-1.50666983997091,60.2152285248836],[-1.49138665474933,60.2307611638277],[-1.51132992435214,60.2420220032821],[-1.5340899382554,60.246790555127],[-1.51482160502218,60.2290777645131],[-1.55766069492388,60.19903734363],[-1.56390232023451,60.2288100142654],[-1.62342633498931,60.2064972231599],[-1.65177082260284,60.2198943986747],[-1.63725785937818,60.2294450298688],[-1.6896465406998,60.2341016733498],[-1.68660360028327,60.2537696152092],[-1.70174965067156,60.2548266341053],[-1.6801917422565,60.2770666461671],[-1.70251419760142,60.2896841916536],[-1.66633156320684,60.3057603046245],[-1.60373750490774,60.3068728849284],[-1.57220154788461,60.2874755097823],[-1.5775400441561,60.3019619824326],[-1.53609293337817,60.2922607216433],[-1.55066119408251,60.3059818914751],[-1.50527180454004,60.319514868655],[-1.4798586632564,60.2743327914197],[-1.45925287190573,60.2888133046344],[-1.48803145258607,60.3067454520185],[-1.44449404492804,60.2972643967362],[-1.46618050497149,60.3054495309719],[-1.43816129050315,60.3090378019531],[-1.46452702196811,60.3110557689693],[-1.42813076368669,60.3284930759115],[-1.38768597287214,60.3137241047609],[-1.3746212285243,60.2843315038151],[-1.33875302832198,60.3027456935938],[-1.3759480042317,60.323046312601],[-1.35592337995932,60.3450661778649],[-1.33060819093583,60.3374332708544],[-1.33897284674976,60.359888920444],[-1.26155618329192,60.3513003875736],[-1.36423537750663,60.3693114867097],[-1.34366467259664,60.3826595951222],[-1.35330326695207,60.394490510281],[-1.37764562440769,60.3768289314594],[-1.4049730091117,60.3837291025398],[-1.40966149480603,60.3956998817464],[-1.38539908951432,60.3977228618029],[-1.41575596258414,60.4044631215569],[-1.39035789402721,60.4083577133395],[-1.39934577410287,60.4193804627738],[-1.45275262604009,60.4160140065674],[-1.44939788035094,60.4442878641873],[-1.42183545169452,60.4511533225343],[-1.4652709133436,60.4520874625448],[-1.43036759008931,60.4710096345529],[-1.46550718447845,60.4686592660359],[-1.45441982154901,60.4896222221691],[-1.49746255131018,60.4533007655011],[-1.51515704441432,60.4662863879705],[-1.49627652339582,60.48412184167],[-1.61328666925373,60.4733121092796],[-1.63300974844951,60.4872349876645],[-1.6107131242509,60.5088668030065],[-1.56167752499499,60.5045956877186],[-1.5785963195885,60.5090792551702],[-1.56647277158182,60.5377601877093],[-1.53347625935859,60.5562822040298],[-1.46773731968489,60.5103016564732],[-1.39400275816144,60.5119812882367],[-1.45541118379464,60.5112890675657],[-1.49566585430358,60.5467698656365],[-1.43456451215942,60.5737832627781],[-1.44528716463921,60.5880882752499],[-1.41908116479092,60.6148310278107],[-1.33333116013267,60.5997502701173],[-1.34440175842066,60.6268224989493],[-1.30822030010606,60.6376292283336]]],[[[-0.907493472768146,60.6410864645262],[-0.914839880234669,60.6369971960548],[-0.912600105769271,60.6418247820945],[-0.907493472768146,60.6410864645262]]],[[[-0.939713327282165,60.6447404481115],[-0.941379631663468,60.6436848445232],[-0.945466614071196,60.6447643343246],[-0.939713327282165,60.6447404481115]]],[[[-1.30292782354524,60.6539212953901],[-1.30027420018806,60.6512533972788],[-1.30621148795377,60.6519890230185],[-1.30292782354524,60.6539212953901]]],[[[-0.836611320773203,60.6595804746126],[-0.844291750123018,60.6632792187577],[-0.839679740451598,60.6645056795596],[-0.836611320773203,60.6595804746126]]],[[[-0.969055395181751,60.6621800791449],[-0.970939399843836,60.6596176187447],[-0.985994004157162,60.6718865482928],[-0.969055395181751,60.6621800791449]]],[[[-0.903604097872922,60.6779267511311],[-0.877650092174932,60.6710324507243],[-0.918737055804154,60.6729222145818],[-0.903604097872922,60.6779267511311]]],[[[-1.07334166872176,60.7318978059547],[-0.999748364893382,60.7210583124507],[-1.00938717766991,60.7129231408428],[-0.986786905532918,60.7002773371887],[-1.00831140866689,60.7013791431847],[-0.999545692924639,60.6491034821657],[-0.981874383597693,60.6372382793654],[-1.03258920187622,60.642918427667],[-1.06730687101475,60.6689989308264],[-1.01916522555154,60.6165798028843],[-1.09111928109259,60.6044700614022],[-1.00320353215693,60.5801604777476],[-1.02415647687057,60.5612192340548],[-1.01374363691017,60.5488251159019],[-1.04850669171267,60.5499957376747],[-1.02185101847032,60.5318507394622],[-1.02878118137856,60.4970442278281],[-1.06861056488488,60.4897167118729],[-1.11734003256293,60.5097355716631],[-1.09891654941029,60.4862403027644],[-1.14640189925401,60.4837822481433],[-1.18817042439008,60.5223645369118],[-1.18065533476368,60.5721869288865],[-1.2024039341059,60.5669668936921],[-1.18465638211319,60.582198515733],[-1.20324064181921,60.6067703866031],[-1.15538817876798,60.6569227056843],[-1.15315919914163,60.6212898418765],[-1.11057751301202,60.6053836823291],[-1.14636295241917,60.6282967905559],[-1.13538532639817,60.7046989961252],[-1.10903415664669,60.7308943711731],[-1.07459932487511,60.707080911356],[-1.07334166872176,60.7318978059547]]],[[[-1.10779661129451,60.7361989420786],[-1.11360697281559,60.7343070090961],[-1.11327950242388,60.7385337432911],[-1.10779661129451,60.7361989420786]]],[[[-0.807539409679808,60.7387215833795],[-0.813871886057296,60.7311229882917],[-0.813772941711409,60.7362941060068],[-0.807539409679808,60.7387215833795]]],[[[-0.785704337170131,60.7457520874988],[-0.799447087164072,60.744979829738],[-0.791064505681702,60.7601948248055],[-0.785704337170131,60.7457520874988]]],[[[-0.875920811331636,60.8456752995209],[-0.880390495123121,60.8058155179444],[-0.835193872639763,60.8426792366951],[-0.759627701157825,60.8183205812833],[-0.80436083462765,60.8101363515352],[-0.776534330656789,60.7968251815922],[-0.78087651508965,60.780298512937],[-0.835800955690034,60.7865721364849],[-0.802805507457854,60.7584874907423],[-0.865625270809292,60.7573877795044],[-0.812623856495631,60.7492399630493],[-0.870727920235312,60.7022248275267],[-0.832821201707135,60.6844603129227],[-0.981515240896572,60.684082392676],[-0.96515917461125,60.6959298676485],[-0.984373550610887,60.7195604001275],[-0.952024520526345,60.7175767470508],[-0.964666153964602,60.7368490997896],[-0.938980391154881,60.7507743967245],[-0.932241437556425,60.7818596482057],[-0.954934066062826,60.7913444716816],[-0.875920811331636,60.8456752995209]]],[[[-0.872210850899757,60.8602839359846],[-0.874549347958293,60.859717156516],[-0.874292068897855,60.8608667553459],[-0.872210850899757,60.8602839359846]]]]}},{"type":"Feature","id":"wal","properties":{"app_id":"wal","parent_id":"gb","name":"Wales","source_code":"W92000004"},"geometry":{"type":"MultiPolygon","coordinates":[[[[-3.12146183609615,51.3798457743148],[-3.11780067315129,51.375099646194],[-3.12514028440515,51.3769677331052],[-3.12146183609615,51.3798457743148]]],[[[-4.32460748689473,51.5657595631145],[-4.31465657524201,51.5626611779702],[-4.33185315444658,51.5646174231509],[-4.32460748689473,51.5657595631145]]],[[[-4.31207835978251,51.6103033456966],[-4.31036540111641,51.6084120410775],[-4.31613358754949,51.6089970973665],[-4.31207835978251,51.6103033456966]]],[[[-4.70220512192761,51.6422771069918],[-4.6746707250603,51.6377266227806],[-4.70347148501114,51.6320248901184],[-4.70220512192761,51.6422771069918]]],[[[-5.27255857211452,51.6956131101307],[-5.28933139660213,51.6963299803176],[-5.26465017495297,51.7018356798585],[-5.27255857211452,51.6956131101307]]],[[[-4.33853406779112,51.7250454158282],[-4.34260020013101,51.7248483447404],[-4.33436514999299,51.7270132463479],[-4.33853406779112,51.7250454158282]]],[[[-4.33460531876955,51.7285264650793],[-4.34143364719727,51.727018230157],[-4.33864061322809,51.7298302136888],[-4.33460531876955,51.7285264650793]]],[[[-5.66812342812174,51.7206665741718],[-5.66817181664226,51.7197456175741],[-5.66932862445889,51.7204534269971],[-5.66812342812174,51.7206665741718]]],[[[-5.47735739361143,51.7324857130561],[-5.48006712483309,51.7283661838166],[-5.48154134578904,51.7305067046942],[-5.47735739361143,51.7324857130561]]],[[[-5.28139348125984,51.7395513786497],[-5.27013703551834,51.7351157355988],[-5.31286660304339,51.7388153819718],[-5.28139348125984,51.7395513786497]]],[[[-5.33531473947775,51.8693529480934],[-5.33311101686442,51.8537837488146],[-5.34994771278484,51.8577644551018],[-5.3482547180379,51.876084773271],[-5.33531473947775,51.8693529480934]]],[[[-4.68849054741223,52.1318833980265],[-4.69504873164446,52.1315034217752],[-4.68884300642899,52.134089108762],[-4.68849054741223,52.1318833980265]]],[[[-4.7802232300981,52.7589901376158],[-4.80163796229527,52.7451216716624],[-4.79370685273969,52.76770265199],[-4.7802232300981,52.7589901376158]]],[[[-4.46221317290233,52.8064521262051],[-4.46106037023511,52.8041604636114],[-4.46512430419957,52.8054635268662],[-4.46221317290233,52.8064521262051]]],[[[-3.08242434457176,53.2555051740848],[-3.08806306599121,53.2577335711541],[-3.09175424866415,53.2597154966722],[-3.08242434457176,53.2555051740848]]],[[[-3.09580623644781,53.26237833571],[-3.09216577343979,53.2599742410967],[-3.10135434964126,53.2669179025104],[-3.09580623644781,53.26237833571]]],[[[-4.02145480141211,53.3214531273526],[-4.03186392427865,53.3155110909612],[-4.02979396085218,53.3191943291753],[-4.02145480141211,53.3214531273526]]],[[[-4.58367354821708,53.2901846777334],[-4.60997154331875,53.2792971217606],[-4.55342375004516,53.2471321492889],[-4.60320170253325,53.2428204863919],[-4.61740885709585,53.2791896874368],[-4.68293057771136,53.2820281014691],[-4.67771426474907,53.2983223744132],[-4.69671870782879,53.307396706209],[-4.62342153598281,53.3286131997037],[-4.64813720506392,53.3186718867601],[-4.58367354821708,53.2901846777334]]],[[[-3.08242434457176,53.2555051740848],[-3.02590523620471,53.2484562322812],[-2.92229929317117,53.1892926708204],[-2.92784057008542,53.1714106890062],[-2.99292900752875,53.1532880706437],[-2.94367033475339,53.1216257321628],[-2.88094231782242,53.1213747331969],[-2.90094374755769,53.0908335333307],[-2.86151314240195,53.0607743450991],[-2.85861696216635,53.0198376113779],[-2.83387298951252,52.9967237008863],[-2.7268406065337,52.9832729453915],[-2.72854141965598,52.9251781184273],[-2.80047694829725,52.8955151282304],[-2.84101496067848,52.9426237140995],[-2.9288886576968,52.9386788293684],[-2.97477008589386,52.9689516069911],[-3.03500585010775,52.9295082828756],[-3.09595322236249,52.9302818594646],[-3.11416217688046,52.8939782156026],[-3.14750393983102,52.8901693448939],[-3.12771287514737,52.8671030319031],[-3.16264040154044,52.8479872102473],[-3.15842528976348,52.7934881029228],[-3.08663218442715,52.7955931558439],[-3.07951607132088,52.771513911764],[-3.01719151424293,52.7676407153281],[-3.02189115209444,52.7523788410907],[-2.96109991405064,52.716387247975],[-3.02147728971123,52.7242448164798],[-3.05112433418108,52.6473703190466],[-3.08356627752097,52.6412925192923],[-3.05980887011232,52.6307546624332],[-3.08955816271373,52.5995062971115],[-3.13950076571608,52.5857198071629],[-3.11149542440582,52.5413637639296],[-3.13308143025898,52.5274741129364],[-3.01443998659297,52.5754974436957],[-2.99430716764492,52.5530480800461],[-3.00387364775971,52.5198330362371],[-3.03237893922629,52.5237313424194],[-3.02920219998827,52.5012680249874],[-3.19724017301225,52.4759894035959],[-3.23555343310675,52.4425111831888],[-3.06329658078396,52.3492111267604],[-2.95465135625057,52.3491547619378],[-3.00094585848268,52.3216572705086],[-3.01261128212472,52.2794137726788],[-2.94962136496068,52.2695258649155],[-3.07400227544547,52.234200256831],[-3.07210637947488,52.2132868024623],[-3.10208187078616,52.2027204247282],[-3.09465104889233,52.1837422721208],[-3.12243047087079,52.1634196046664],[-3.0725382658941,52.1557732338737],[-3.14122947075569,52.1299219958831],[-3.10492212967307,52.1167418928952],[-3.12589457339956,52.0783105771297],[-3.09078087745997,52.0508252935815],[-3.09919890693024,52.0226858076554],[-3.06737674091607,51.9831362965463],[-3.00823373586958,51.9272581388503],[-2.97752817985425,51.9275108960613],[-2.97275848557235,51.9058894127876],[-2.87542257173629,51.9330887259947],[-2.76845708326348,51.8805382700943],[-2.77879887552431,51.865859065782],[-2.73884858634764,51.8366165094632],[-2.71966531119947,51.8488696891103],[-2.65040070567432,51.8261246880221],[-2.67853782959666,51.8028451984713],[-2.66269206735517,51.7538947427429],[-2.68753448385493,51.7302052268534],[-2.6569864049332,51.6735858778848],[-2.68382830154878,51.6685787570726],[-2.66597684034939,51.6644671488217],[-2.680059684461,51.648581817507],[-2.65794608894467,51.6221251070173],[-2.67143908464839,51.6082754969967],[-2.90504052688807,51.5324171840444],[-2.98153515849326,51.5449666031081],[-2.96119340975319,51.551984040317],[-2.99338772745742,51.6094629945971],[-2.96953036125037,51.5564752752631],[-3.1213109906155,51.4905087740842],[-3.1641183772287,51.4518408388634],[-3.16961189759061,51.406228332206],[-3.40517518144139,51.3813443923629],[-3.5589612520361,51.401326304978],[-3.64186941925717,51.4633600062939],[-3.61965343558139,51.4766116702113],[-3.71902837091873,51.479584821296],[-3.78992230107543,51.5697944355262],[-3.81723968286181,51.5743214584623],[-3.79725967928031,51.569211780605],[-3.81692155952108,51.5796634871856],[-3.7976812966107,51.5873898312312],[-3.85081605712233,51.6144699027796],[-3.82468435098462,51.6282655619639],[-3.83113173055654,51.6421304468275],[-3.85110423407492,51.6184292877425],[-3.99449402622692,51.5981288327566],[-3.99954145027406,51.5787555124086],[-3.97633241995177,51.567771166549],[-3.99347084147173,51.5631297414571],[-4.06422677206354,51.5572382224927],[-4.11130584337597,51.5743508103043],[-4.15656622416833,51.5618771158291],[-4.15261794236665,51.5410303391348],[-4.2132469566422,51.5374818050495],[-4.30825188162662,51.5630086381748],[-4.28907483044495,51.5763426108219],[-4.30920622894354,51.6096183814928],[-4.24584722287558,51.6474368330513],[-4.23059954796192,51.6477365673618],[-4.24556014016912,51.6179894430119],[-4.20889594156033,51.6249308960396],[-4.22365801995024,51.6407081043193],[-4.16532492740493,51.6220028198642],[-4.07132384904206,51.6524797502402],[-4.08129792709282,51.6620154472963],[-4.06243240030437,51.6726565688189],[-4.07716213849028,51.6820496519698],[-4.05828892426471,51.6936956596915],[-4.07816264597271,51.6908438756031],[-4.08534871553005,51.6617360600663],[-4.14561677345334,51.6548085469445],[-4.19663874386868,51.6837500904032],[-4.30903349525467,51.671959805268],[-4.37967140720467,51.7273488491076],[-4.30332561939084,51.7232400986769],[-4.32502348717946,51.7318972611303],[-4.29545639616487,51.7418840236165],[-4.37539949858697,51.7470669616178],[-4.36614505012704,51.7873323173759],[-4.32687808498197,51.8009174766938],[-4.3634647307721,51.7964169407081],[-4.40385820068385,51.7572509913931],[-4.44893758095866,51.7701649802692],[-4.43530535495964,51.779276720493],[-4.45349389433377,51.7967128134484],[-4.47160461006342,51.7892828567771],[-4.44807974866218,51.7811273960068],[-4.4589990300195,51.7604914511447],[-4.41773495014819,51.7452376133585],[-4.44568310580043,51.7334779972349],[-4.6611201196416,51.731652188229],[-4.69791777661605,51.7111168590344],[-4.68020032626247,51.697420596413],[-4.71103510007341,51.6521238346178],[-4.78107642494656,51.6349414731246],[-4.86080230678263,51.6471259252669],[-4.92630403656103,51.5961137724587],[-5.05932965267492,51.6205982505359],[-5.04995612800973,51.6377741179702],[-5.06703679638609,51.6645260322546],[-5.12465913718858,51.6818147366515],[-5.04542397787592,51.6766948680826],[-5.05662706239002,51.687858161321],[-5.04026273247716,51.6944320884138],[-4.93645562578758,51.6717465004501],[-4.92191357022978,51.6788226273295],[-4.97609119375708,51.6872481775394],[-4.93132757474304,51.7045826255842],[-4.88965429693409,51.6934060864803],[-4.91864717515358,51.6986044850046],[-4.88412755718844,51.7166680036732],[-4.83897153221426,51.6942248147787],[-4.82651378905757,51.6994030084819],[-4.86110982548688,51.7197356660037],[-4.82427074861,51.7286566995359],[-4.88412618590973,51.7192843255006],[-4.86879026334158,51.7332576379864],[-4.89675501647529,51.740355522831],[-4.89411605267023,51.7542323859083],[-4.8641223844351,51.7837657863447],[-4.80923824087177,51.7971084034593],[-4.93950155124624,51.7669984685215],[-4.93448953362297,51.7841878224467],[-4.95589995270717,51.7941281535965],[-4.93602673311605,51.7831394279724],[-4.94912247517173,51.7693566671556],[-4.90166701996891,51.7655222930557],[-4.91377025766158,51.7466162693838],[-4.88730799566111,51.7314279013661],[-4.92048964508348,51.7050359159746],[-5.16651496665755,51.7216697077195],[-5.14975097348367,51.7023086414593],[-5.17555640109882,51.680483624047],[-5.18725764097387,51.7088555914063],[-5.25340617674139,51.7331264421084],[-5.20884296375394,51.7345576906393],[-5.2032634387664,51.755527644363],[-5.16025408252089,51.7721306949424],[-5.11695886342237,51.7684892121604],[-5.10754142878056,51.8241967195301],[-5.13949301174822,51.8641720427671],[-5.31639539236219,51.8610381585993],[-5.31624816391291,51.8845304161304],[-5.29569542859402,51.8950742550972],[-5.31398705319144,51.9026623881634],[-5.19623695680328,51.9505780865872],[-5.08542811405377,51.9685514814466],[-5.09559815497525,51.99371950566],[-5.0722388317596,52.0045557921961],[-5.08958160364816,52.0153143842729],[-5.07485104657353,52.0307626711244],[-4.991774001745,52.0259824228938],[-4.97106439368001,52.0129536222953],[-4.99308306549667,52.0045039800342],[-4.96922070817561,51.994965943083],[-4.91965134160244,52.0100937063665],[-4.91025194101729,52.0347622948363],[-4.81442979794656,52.0186830672089],[-4.84586758043913,52.0412875674446],[-4.7590342129018,52.0768593331865],[-4.73150798502387,52.1178941330177],[-4.67287684511595,52.0820421847201],[-4.68574009371213,52.1299540351071],[-4.51861821217753,52.1349963358248],[-4.37764790318011,52.2157443853507],[-4.32490781087039,52.21365084732],[-4.20749508262614,52.2636721160333],[-4.14034181844144,52.3226156660038],[-4.08795956956363,52.4039874776855],[-4.05187380754881,52.4817273965647],[-4.05755647652972,52.5307146995452],[-4.01430188688134,52.5264577980778],[-3.93115929577371,52.5540064371014],[-4.07015798660979,52.5432258249345],[-4.12643991267439,52.6073707649373],[-4.08724063347259,52.6026790498397],[-4.12837192385126,52.6111682991506],[-4.04967779886907,52.7154515929618],[-4.01135232687916,52.7131759587602],[-3.94942074931986,52.7509917700416],[-4.05891138205238,52.7178271341317],[-4.15232649481323,52.8132629847837],[-4.10781868888023,52.8264074729576],[-4.12894468707245,52.8271728119798],[-4.11910313682173,52.8480675400671],[-4.14785865800265,52.8962338729003],[-4.08290706429436,52.8984698625598],[-4.02920459302919,52.9372616179378],[-4.10286629490918,52.9090014910795],[-4.1207081675008,52.9226195581875],[-4.15184895301865,52.9063681829492],[-4.22364269316436,52.9193065273575],[-4.40697631500997,52.8918131415836],[-4.39755899709492,52.8822536081327],[-4.47875700738587,52.8548575238103],[-4.50548042528726,52.8270146767351],[-4.4865631841368,52.7947578237608],[-4.52908299087818,52.7783155580477],[-4.5361963354739,52.8002588986062],[-4.59379239688645,52.824001153056],[-4.64435291351828,52.7997744853437],[-4.75718311936732,52.7883434922633],[-4.76760837888321,52.7975797535325],[-4.72240216405046,52.836457312225],[-4.72617323452998,52.853540364861],[-4.56747757514725,52.9484460466265],[-4.52886576395015,52.9374194892718],[-4.3534953340235,53.0334924139691],[-4.33894138140886,53.0538579475914],[-4.34656487688016,53.1143333386554],[-4.31957280183985,53.1214961277142],[-4.33376726708679,53.1139996298979],[-4.31934007088808,53.0927724545271],[-4.31431412574225,53.1236791048414],[-4.273691052452,53.1327430132729],[-4.19941972268262,53.2099672588123],[-4.12254050657918,53.2371966586648],[-4.03102873997766,53.2374244350783],[-3.85101152212337,53.2961126541157],[-3.81767331426063,53.2771747498171],[-3.82783221237579,53.2512773787788],[-3.80630626214517,53.2408838844585],[-3.82133124539488,53.2514892618811],[-3.79753278959591,53.2733456549378],[-3.8726063552529,53.341446770617],[-3.77511662503895,53.3283030440952],[-3.72326931905122,53.2967311386503],[-3.60957953307032,53.2904728742102],[-3.50849806803335,53.3168363244354],[-3.48579604670159,53.2987111134941],[-3.50927396221858,53.3132566683754],[-3.30970223080365,53.3557874794894],[-3.2885383335708,53.3271287110101],[-3.03414552576491,53.2164311066513],[-3.09903521063982,53.2524299696352],[-3.08242434457176,53.2555051740848]]],[[[-4.58367354821708,53.2901846777334],[-4.52973063490138,53.3094866568492],[-4.56367844997798,53.2996631032585],[-4.58294206871473,53.325689607476],[-4.55513130397222,53.3739198607728],[-4.57528857494831,53.4023155465407],[-4.45017986438032,53.4129444411145],[-4.42575948242904,53.4301169151281],[-4.28785591574104,53.4171686863203],[-4.26937068431737,53.3905375974198],[-4.29554240667395,53.3644817492119],[-4.28006833133062,53.376056653863],[-4.23015809341518,53.3577391808396],[-4.20405932769055,53.2922922318035],[-4.11897056790485,53.3192358510257],[-4.0401837672877,53.310626636485],[-4.10054208511341,53.2547763447566],[-4.20254678456384,53.2141755376311],[-4.2185537429484,53.1856278849864],[-4.33920171069259,53.1484158400274],[-4.34671364818217,53.1351137539401],[-4.32896698934807,53.1267857887825],[-4.41464031463376,53.1346450298421],[-4.41969908598104,53.1639730764019],[-4.38717144732546,53.169496233501],[-4.38634449510678,53.190988013226],[-4.44342533320369,53.1552608489913],[-4.4658941009643,53.1836814222819],[-4.50504026620735,53.1878904024204],[-4.49727705517133,53.2067879547148],[-4.58367354821708,53.2901846777334]]]]}},{"type":"Feature","id":"ax","properties":{"app_id":"ax","parent_id":"fi","name":"Åland Islands"},"geometry":{"type":"MultiPolygon","coordinates":[[[[20.210831,59.979996],[20.137215,59.991661],[19.999165,60.05527],[20.008331,60.06694],[20.102776,60.09555],[20.123055,60.080551],[20.205276,60.063606],[20.227497,60.002777],[20.210831,59.979996]]],[[[20.270554,60.057495],[20.200275,60.085831],[20.215553,60.13916],[20.269444,60.14111],[20.29222,60.12527],[20.29805,60.104439],[20.270554,60.057495]]],[[[19.676666,60.15694],[19.67305,60.150276],[19.604443,60.153053],[19.57527,60.121941],[19.562775,60.122772],[19.542774,60.128326],[19.510555,60.175278],[19.541111,60.23027],[19.571663,60.252495],[19.601944,60.255829],[19.62722,60.243889],[19.666111,60.193329],[19.676666,60.15694]]],[[[20.397221,60.195],[20.387497,60.193329],[20.341942,60.235275],[20.342777,60.246666],[20.366108,60.265549],[20.44111,60.253052],[20.441387,60.24305],[20.397221,60.195]]],[[[20.084721,60.350273],[20.277496,60.274162],[20.171665,60.16389],[20.09222,60.170273],[20.082497,60.178886],[20.10583,60.221382],[20.122776,60.226105],[20.120277,60.239998],[20.061665,60.300827],[20.025276,60.310555],[19.91389,60.21166],[19.937496,60.184166],[20.025776,60.154274],[20.052776,60.095833],[20.044441,60.085548],[19.957775,60.089439],[19.947777,60.07861],[19.943886,60.04277],[19.918053,60.092773],[19.874996,60.094994],[19.868332,60.077217],[19.8475,60.075829],[19.771664,60.080826],[19.750832,60.094994],[19.69611,60.163605],[19.648331,60.25666],[19.74889,60.304718],[19.78283,60.292664],[19.776943,60.261108],[19.76055,60.238327],[19.79583,60.186661],[19.809166,60.184998],[19.937222,60.288887],[19.89222,60.34333],[19.862221,60.312492],[19.78,60.34916],[19.824997,60.39222],[19.85722,60.40361],[19.90583,60.399994],[20.084721,60.350273]]]]}}]}
